post_id,content_type,caption_length,post_day_of_week,post_hour,post_day,post_month,post_year,follower_count,hashtag_count,is_verified,is_paid_partnership,hashtags,like_count,comment_count,engagement_rate,dataset,hashtag_type_mix,time_block,is_weekend
3554806872009530025,Carousel,514,Monday,13,27,1,2025,175740,0,False,False,"['พร้อมส่ง', 'สายฝอ', 'สายฝอพร้อมส่ง', 'สายฝอต้องมี', 'สายฝอต้องห้ามพลาด', 'สายฝรั่ง', 'สายฝอห้ามพลาด', 'สายฝรั่งต้องมี', 'สายฝอแซ่บ']",19,0,0.00010811364451095646,DS2,niche_only,afternoon,False
3705972527580991431,Carousel,300,Sunday,3,24,8,2025,2160,12,False,False,"['ganpatibappamorya', 'ganeshchaturthi', 'festivalvibes', 'traditionallook', 'indianculture', 'devotion', 'ethnicbeauty', 'desivibes', 'festiveseason', 'positivevibes', 'makeupartist', 'graceandtradition']",189,14,0.0939379916705229,DS2,niche_only,night,True
2807459707177171205,Image,653,Saturday,10,2,4,2022,3023,18,False,False,"['ramadan', 'ramadankareem', 'ramadanmubarak', 'fasting', 'islam', 'muslim', 'muslimah', 'puasa', 'digitalart', 'procreate', 'apple', 'ipad', 'picturebook', 'picturebookillustration', 'picturebookart', 'children', 'childrenillustration', 'childrensbooks']",68,0,0.022486772486772486,DS2,niche_only,morning,True
2679164702934045519,Carousel,33,Thursday,10,7,10,2021,2493,0,False,False,[],73,1,0.02967121090617482,DS2,none,morning,False
1290119827343639625,Image,92,Friday,21,8,7,2016,593971,0,True,False,[],397,10,0.0006852174849992929,DS2,none,evening,False
3646071718884331152,Image,282,Monday,12,2,6,2025,29691,8,True,False,"['ponferrada', 'bierzo', 'elbierzo', 'sanidad', 'sanidadpublica', 'atencionprimaria', 'centrosdesalud', 'centrosdesaludrurales']",105,27,0.004445641923750505,DS2,niche_only,afternoon,False
3694290316153933783,Carousel,309,Friday,0,8,8,2025,238049,0,True,False,[],344,3,0.0014576769586221382,DS2,none,night,False
2933316288151603076,Carousel,81,Friday,2,23,9,2022,183974,0,True,False,[],2059,16,0.01127870634597092,DS2,none,night,False
3646841553915115100,Carousel,375,Tuesday,13,3,6,2025,41157,9,True,False,"['royalwedding', 'weddingday', 'weddingphotography', 'bride', 'groom', 'bridaljewellery', 'bridalmakeup', 'bridallehenga', 'wedjoin']",130,0,0.003158559696778269,DS2,niche_only,afternoon,False
3645002384242731346,Reel,196,Sunday,0,1,6,2025,43035,4,True,False,"['countrymusic', 'countrymusicfans', 'newcountrymusic', 'newcountry']",238,2,0.00557672646156706,DS2,niche_only,night,True
3618643625904126937,Carousel,414,Friday,15,25,4,2025,7316,30,False,False,"['lookoftheday', 'beyourownkindofbeautiful', 'sareelove', 'sareedraping', 'sareelovers', 'summertime', 'summerlook', 'love', 'feelings', 'fridayfeels', 'bengali', 'bonglook', 'summervibes', 'bengalisaree', 'bonggirl', 'fitnessmotivation', 'fitnessmodel', 'picoftheday', 'photooftheday', 'instalook', 'instapic', 'instaphoto', 'instadaily', 'instalove', 'fyp', 'explore', 'happymood', 'happysoul', 'loveyou', 'selfobsessed']",73,22,0.012983463167965012,DS2,mixed,afternoon,False
3535890997337541808,Reel,87,Wednesday,11,1,1,2025,2895303,1,True,False,['myforeverlove'],73,61,4.6281841215982844e-05,DS2,niche_only,morning,False
3572212821921480862,Image,247,Thursday,14,20,2,2025,61433,0,False,False,[],5,0,8.138815639548132e-05,DS2,none,afternoon,False
3656976255434176458,Image,2,Tuesday,13,17,6,2025,14724,0,False,False,[],73,0,0.0049575551782682515,DS2,none,afternoon,False
3349612998995770036,Image,186,Friday,11,19,4,2024,78950848,1,True,True,"['risingstars,']",119746,1803,0.0015395527918895464,DS2,niche_only,morning,False
3716140198204868197,Image,20,Sunday,4,7,9,2025,80443,0,True,False,[],32,0,0.0003977922529958729,DS2,none,night,True
2860239028806808177,Carousel,43,Tuesday,6,14,6,2022,29100,2,False,False,"['kanemotoyoshinori', 'yoshi']",73,0,0.0025085048623758634,DS2,niche_only,morning,False
3554617783013381168,Video,688,Monday,7,27,1,2025,2074,9,False,False,"['beautyclinic', 'skincare', 'beauty', 'medicalspa', 'australia', 'skincareroutine', 'skincareproducts', 'aesthetics', 'healthyskin']",9,1,0.004819277108433735,DS2,niche_only,morning,False
3599247891949240017,Image,771,Saturday,21,29,3,2025,58690,4,False,False,"['primeirapagina', 'matogrosso', 'temporal', 'previsaodotempo']",245,2,0.004208481709291033,DS2,niche_only,evening,True
3382055502618341834,Image,322,Monday,5,3,6,2024,414,29,False,False,"['uñas', 'uñasacrilicas', 'uñassemipermanentes', 'nails', 'ilove', 'uñas', 'acrilico', 'foil', 'nudenails💅', 'nailsalon', 'design', 'color', '💅', 'rojo', 'cover', 'hashtag', 'acrylicnails', 'intagram', 'tiktok', 'facebook', 'cover', 'pink', 'fullset😱💅🏿🙌', 'manoalzadauñas', 'super', 'enamorada', '🤍', 'coquette', 'iloveyou', 'ilovenails', 'lasamo']",2,0,0.004819277108433735,DS2,mixed,night,False
3612601786067964063,Carousel,1128,Thursday,7,17,4,2025,65662,3,False,False,"['20ปีดีเจริญยนต์', 'ดีเจริญยนต์', '20ปีdbigbike', 'dbigbike']",122,0,0.001857971764920884,DS2,niche_only,morning,False
3459677810376253492,Image,319,Wednesday,7,18,9,2024,600,26,False,False,"['landscape', 'landscapephotography', 'landscape_lovers', 'travelphotography', 'travel', 'travelblogger', 'travelgram', 'travelling', 'dji', 'djimavicpro', 'nature', 'natgeo', 'natgeotravel', 'aerial', 'aerialphotography', 'india', 'karnatakatourism', 'karnataka', 'village', 'villagelife', 'photo', 'photooftheday', 'blogger', 'cinematography', 'film', 'filmphotography']",13,1,0.02329450915141431,DS2,niche_only,morning,False
3197641061979702821,Image,1441,Friday,18,22,9,2023,18752,0,False,False,[],73,9,0.004372633711939423,DS2,none,evening,False
3656913454639495140,Image,552,Tuesday,11,17,6,2025,39717,8,False,False,"['raconsde_barcelona', 'rdb_silesdionisio', 'raconsde_catalunya', 'raconsde_detalls', 'barcelona', 'montjuïc', 'tower', 'moon']",160,3,0.0041039327257163,DS2,niche_only,morning,False
3577381202297916744,Image,0,Thursday,17,27,2,2025,19307,0,False,False,[],12,0,0.0006215040397762585,DS2,none,afternoon,False
2659833283085138499,Image,613,Friday,18,10,9,2021,234259,0,True,False,[],145,10,0.0006616579868522155,DS2,none,evening,False
3640215857109148841,Image,51,Sunday,10,25,5,2025,15012,0,False,False,[],18,0,0.0011989609005528543,DS2,none,morning,True
3278045609783114592,Video,38,Thursday,17,11,1,2024,959949,0,True,False,[],26322,204,0.027632689202562632,DS2,none,afternoon,False
3610986786832746589,Carousel,17,Tuesday,2,15,4,2025,10739,0,False,False,[],84,8,0.00856610800744879,DS2,none,night,False
3443901333131396824,Image,660,Tuesday,13,27,8,2024,10092,3,True,False,"['भारत', 'india', 'mongolia', 'chess']",16,0,0.0015852571088873476,DS2,niche_only,afternoon,False
3063411786586273885,Image,293,Tuesday,13,21,3,2023,667,22,False,False,"['agapanthus', 'agapanthus', 'africanlily', 'agapanthusafricanus', 'lilyofthenile', 'africanlily', 'アガパンサス', 'instagood', 'instapic', 'nature', 'naturepics', 'natureshot', 'naturelovers', 'naturephotography', 'plants', 'flower', 'flowers', 'flowerstagram', 'flowerpic', 'flowerpics', 'flowerphotography', 'macro', 'macro_vision']",6,0,0.008982035928143712,DS2,mixed,afternoon,False
3656167222252687896,Carousel,1027,Monday,11,16,6,2025,12060,12,False,False,"['imersãogalaxy', 'marcelsalaverry', 'mentorgalaxy', 'comercialsolar', 'timedevendas', 'mercadosolar', 'energiarenovável', 'solarz', 'gestãocomercial', 'liderançaemvendas', 'ecossistemasolar', 'crescimentoestratégico']",44,5,0.004062681369704005,DS2,niche_only,morning,False
3548230688433897183,Image,402,Saturday,12,18,1,2025,182618,4,False,False,"['bgpu', 'บีจีปทุมยูไนเต็ด', 'bgpathumunited', 'singhachiangraiunited', 'สิงห์เชียงรายยูไนเต็ด', 'บอลไทย', 'ฟุตบอลไทย', 'ไทยลีก', 'thaileague']",324,0,0.0017741855995268838,DS2,niche_only,afternoon,True
3642892249227566767,Video,0,Thursday,2,29,5,2025,398,0,False,False,[],4,0,0.010025062656641603,DS2,none,night,False
3487532093255467564,Carousel,1124,Saturday,18,26,10,2024,883300,0,False,False,[],1370,146,0.0017162892377570046,DS2,none,evening,True
3612001026554863664,Carousel,623,Wednesday,11,16,4,2025,18169,2,True,False,"['watch', '時計', '時計好きな人と繋がりたい', 'watchesandwonders2025']",728,0,0.04006604292790314,DS2,niche_only,morning,False
3630692466755268912,Image,3,Monday,6,12,5,2025,8568,0,False,False,[],0,0,0.0,DS2,none,morning,False
3628089289208787079,Carousel,365,Thursday,16,8,5,2025,16286,0,True,False,[],167,2,0.010376373795051267,DS2,none,afternoon,False
3604278572481009777,Image,65,Saturday,20,5,4,2025,13109,0,False,False,[],5,0,0.00038138825324180017,DS2,none,evening,True
3696222790530635662,Image,4,Sunday,16,10,8,2025,127,1,False,False,['hcu'],42,0,0.328125,DS2,niche_only,afternoon,True
3702280717337909769,Image,724,Tuesday,2,19,8,2025,4057193,2,True,False,"['folha:', 'pratodosverem:']",10021,1846,0.002924927918162158,DS2,niche_only,night,False
3714790667110713419,Carousel,0,Friday,7,5,9,2025,14159,0,False,False,[],51,0,0.0036016949152542373,DS2,none,morning,False
3441980143760520482,Carousel,310,Saturday,21,24,8,2024,684,8,False,False,"['chipotle', 'yummy', 'yummyfood', 'hungry', 'mexicanfood', 'delicious', 'delisioso', 'mexicangrill']",21,9,0.043795620437956206,DS2,niche_only,evening,True
3649697705235980090,Carousel,167,Saturday,12,7,6,2025,45190,0,False,False,[],8,0,0.00017702639906176009,DS2,none,afternoon,True
2652565609835932743,Image,85,Tuesday,17,31,8,2021,37707,0,False,False,[],362,12,0.009918319719953326,DS2,none,afternoon,False
3589659039944509073,Image,0,Sunday,15,16,3,2025,100549,0,True,False,[],5,0,4.972650422675286e-05,DS2,none,afternoon,True
3549491285728826404,Reel,376,Monday,6,20,1,2025,2311,26,False,False,"['lipstick', 'shadowsense', 'senegencedistributor', 'mysenelook', 'lipstickaddict', 'lipsticklover', 'lipgloss', 'lipstik', 'lipsensedistributor', 'beauty', 'waterproofmakeup', 'senegenceinternational', 'kissproof', 'smudgeproof', 'skincare', 'lipmatt', 'makeuptutorial', 'pinklipstick', 'bossbabe', 'cosmetics', 'lipsmatte', 'lipboss', 'powerlips', 'makeupartist', 'lipstikhalal', 'kosmetikviral']",73,0,0.03157439446366782,DS2,niche_only,morning,False
3319516347464836508,Image,313,Friday,22,8,3,2024,877,0,False,False,[],0,0,0.0,DS2,none,evening,False
3422025458692288044,Image,1,Sunday,9,28,7,2024,134737,0,True,False,[],73,2,0.0005566358414107378,DS2,none,morning,True
3541000034370530004,Image,928,Wednesday,12,8,1,2025,4237,3,False,False,"['digitalarrestscam,', 'webofcrime', 'telangana']",218,0,0.05143935818782445,DS2,niche_only,afternoon,False
3076559052220982436,Video,116,Saturday,17,8,4,2023,423613,4,True,False,"['flyonthewall', 'trump', 'snl', 'comedy']",812,34,0.0019971011345234105,DS2,niche_only,afternoon,True
2840603527000403536,Reel,22,Wednesday,3,18,5,2022,274,0,False,False,[],2,0,0.007272727272727273,DS2,none,night,False
2701830150384871684,Image,252,Sunday,16,7,11,2021,226,22,False,False,"['leaf', 'leavesonlyleaves', 'leave', 'leaves🍁', 'fallenleaves', 'yellowleaf', 'ontheground', 'lyingontheground', 'folha', 'rainyday', 'rainydays', 'rainyweather', 'diadechuva', 'diadechuva☔', 'folhagens', 'amarelo', 'nature', 'colours', 'cores', 'naturaleza', 'washed', 'washedaway']",8,0,0.03524229074889868,DS2,niche_only,afternoon,True
3617533077820108648,Reel,672,Thursday,3,24,4,2025,4358343,4,True,False,"['globonews', 'jornalismo', 'notícias', 'j10']",6987,505,0.0017190015290211144,DS2,niche_only,night,False
3648529680116073468,Image,375,Thursday,21,5,6,2025,14495,11,False,False,"['lasweetchefchristine', 'sweetchristinerd💕', 'dioshacenuevastodaslascosas', 'reposteríaconpropósito', 'transformacióndulce', 'chefconpropósito', 'christinecabrallasweetchef', 'postres', 'dulce', 'chef', 'republicadominicana']",73,2,0.005173841059602649,DS2,niche_only,evening,False
3606820182701952787,Carousel,496,Wednesday,8,9,4,2025,55673,28,False,False,"['bridetobe', 'weddingstyle', 'bridestyle', 'weddingstyle', 'bridelook', 'weddingideas', 'roma', 'weddingaccessories', 'wedding', 'weddingmoments', 'weddinginspiration', 'weddingideas', 'weddinginitaly', 'weddingdetails', 'weddingshoot', 'luxurywedding', 'weddinginrome', 'weddingorganisation', 'weddingvenues', 'destinationweddingplanner', 'weddingphotography', 'weddingphotographer', 'rollsroyce', 'weddingdecorationflower', 'weddingphotography', 'destinationwedding', 'brideandgroom', 'weddinginspo']",19,2,0.0003771958185149262,DS2,niche_only,morning,False
3665775431211546921,Image,764,Sunday,16,29,6,2025,24343,10,False,False,"['oportunidade', 'desenvolvimentoprofissional', 'vagasabertas', 'recrutamento', 'contratação', 'empregado', 'estágio', 'recrutamentoeseleção', 'vagas', 'rh']",0,0,0.0,DS2,niche_only,afternoon,True
3661588380916517950,Image,524,Monday,21,23,6,2025,1479976,9,True,False,"['julian', 'atletico', 'araña', 'argentina', 'worldcup', 'mundialdeclubes', 'futbol', 'football', 'somosinvictos']",111881,1260,0.07644780966190691,DS2,niche_only,evening,False
3640746240616903628,Carousel,699,Monday,3,26,5,2025,8810,0,False,False,[],0,0,0.0,DS2,none,night,False
3729834531340515133,Image,165,Friday,1,26,9,2025,6427,2,False,False,"['meetmeatthespur', 'rustyspursaloon']",28,0,0.0043559427504667085,DS2,niche_only,night,False
3688863562346316996,Carousel,1097,Thursday,12,31,7,2025,808928,0,True,False,[],5572,191,0.00712423463616708,DS2,none,afternoon,False
3655343188441358475,Image,0,Sunday,7,15,6,2025,127895,0,False,False,[],736,39,0.00605961093388378,DS2,none,morning,True
3416914678976405050,Carousel,383,Sunday,7,21,7,2024,62,25,False,False,"['drabdulraufsadiq', 'افواج_پاکستان_زندہ_باد', 'نظام_بدلو_حالات_بدلو', 'imrankhan', 'imrankhanpti', 'zardari', 'allamaiqbal', 'pardah', 'sindh', 'بھابھی', 'kpk', 'balochistan', 'pmln', 'ppp', 'pdm', 'allah', 'police', 'markazi_anjuman_tajran', 'miansaeed', 'election2024', 'hadith', 'hadees', 'quran۔', 'freepalestine', 'کھوتی', 'کھُسرا', 'mehangai', 'bijli', 'electricity', 'billsmafia']",0,0,0.0,DS2,niche_only,morning,True
3638491737529265170,Image,245,Friday,1,23,5,2025,19895,0,False,False,[],11,0,0.0005528749497386409,DS2,none,night,False
3663211103076610200,Carousel,151,Thursday,3,26,6,2025,14750,3,False,False,"['kitaselangor', 'rumpunselangor', 'sungaiairtawardihatiku']",11,0,0.0007457121551081282,DS2,niche_only,night,False
3777173606301358866,Carousel,1072,Sunday,9,30,11,2025,12825,1,False,False,"['ハイドラパウダーブラッシュ', 'gifted', 'えんmake']",124,4,0.009979728676126618,DS2,niche_only,morning,True
3620755438377320842,Carousel,47,Monday,13,28,4,2025,51427,0,False,False,[],73,0,0.0014194602162246248,DS2,none,afternoon,False
3416837327496529969,Carousel,255,Sunday,5,21,7,2024,21411,0,False,False,[],883,28,0.042546235755651036,DS2,none,night,True
3550247533428843231,Carousel,246,Tuesday,6,21,1,2025,60,12,False,False,"['nike', 'nikemetcon', 'nikeshoes', 'sneakers', 'shoes', 'workout', 'gym', 'running', 'walking', 'casual', 'lifestyle', 'stylish']",6,0,0.09836065573770492,DS2,niche_only,morning,False
3711726716328340626,Image,263,Monday,2,1,9,2025,58997,5,True,False,"['wacoal', 'wacoalindonesia', 'pim', 'pimrumahkedua', 'rumahkedua']",4,0,6.779890843757415e-05,DS2,niche_only,night,False
2596966733723862496,Image,559,Wednesday,0,16,6,2021,94453,24,False,False,"['destination6', 'therunningbackclub®', 'runningbacksonly™️', 'runningbacks', 'rbsonly', 'training', 'hoodies', 'tshirts', 'gear', 'jukes', 'cuts', 'cleatcontrol', 'cutdevelopment', 'jumpcuts', 'stiffarm', 'speed', 'destination6', 'juco', 'highschool', 'college', 'pro', 'nfl', 'xfl', 'rbsonly.']",211,0,0.002233891629788045,DS2,niche_only,night,False
3088731258503244758,Image,968,Tuesday,12,25,4,2023,26803,16,False,False,"['lojadecalçados', 'calçados', 'lapapr', 'vempralapa', 'quitandinhapr', 'megapasso', 'megapassolapa', 'megapassoquitandinha', 'megapassofazendariogrande', 'megapassocuritiba', 'uberabacuritiba', 'curitibapr', 'cwb', 'saojosedospinhais', 'sjp', 'guatupesjp']",10,0,0.00037307864497836146,DS2,niche_only,afternoon,False
1723458772745901315,Image,439,Monday,19,26,2,2018,83,28,False,False,"['goy', 'goygold', 'goyblack', 'mvpcoalition', 'whitneyhouston', 'radiohost', 'trapbackjumpin', 'wheresshakira', 'newyork', 'goyfye', 'nojudgementzone', 'musicmanager', 'musicindustry', 'tour', 'foxtrapradio', 'picoftheday', 'grinderoftheyear', 'worldwide', 'brooklynbridge', '6783218382', 'linkinbio', 'shakiraatily', 'goyfye', 'dubbullohradio', 'whitneygirl', 'radio', 'producer', 'songwriter']",29,4,0.39285714285714285,DS2,niche_only,evening,False
3377437603534431933,Image,83,Monday,20,27,5,2024,3833,0,False,False,[],177,0,0.04616588419405321,DS2,none,evening,False
3594123054058925965,Image,488,Saturday,19,22,3,2025,28588,5,True,False,"['powermix', 'novamutum', 'acidentedetransto', 'motoboy', 'agressao']",145,37,0.006366084857812445,DS2,niche_only,evening,True
3588339050912178619,Carousel,145,Friday,20,14,3,2025,89469,2,True,False,"['formuladrift!', 'driftmasters']",2760,17,0.031038336872694756,DS2,niche_only,evening,False
3494626044380478775,Carousel,635,Tuesday,13,5,11,2024,4337,26,False,False,"['spicevillage', 'spicevillagebahrain', 'juffairmall', 'asiancuisine', 'foodiedelights', 'bahrainfoodies', 'tasteofindia', 'indiancurries', 'visitustoday', 'indiancuisine', 'spicevillage', 'roccasalad', 'fresheats', 'healthyliving', 'saladlovers', 'crispandfresh', 'eatgreen', 'veggiedelight', 'healthychoices', 'saladgoals', 'tastethefreshness', 'nutritiousanddelicious', 'farmtotable', 'foodiefavorites', 'saladrecipe', 'healthyeating']",6,0,0.0013831258644536654,DS2,niche_only,afternoon,False
3437290625651230858,Image,412,Sunday,10,18,8,2024,306,19,False,False,"['bangkok', 'bangkokthailand', 'banrimnamrestaurant', 'vacation', 'photooftheday', 'photo', 'dailypost', 'travel', 'amateurphotography', 'travelphotography', 'chayophrayariver', 'color', 'vacationmode', 'ınstagood', 'everything_imaginable', 'asiatravel', 'magicalmoments', 'passionpassort', 'amazingthailand', 'chayophrayariver']",29,0,0.09446254071661238,DS2,niche_only,morning,True
3711388747239109199,Image,23,Sunday,14,31,8,2025,5699489,1,True,False,['ligue1mcdonalds'],11584,76,0.0020457970800896222,DS2,niche_only,afternoon,True
3484303387996692140,Reel,13,Tuesday,7,22,10,2024,148584,0,False,False,[],28108,180,0.190382609280883,DS2,none,morning,False
3791003113239674861,Image,10,Friday,11,19,12,2025,2060651,0,False,False,[],9524,43,0.0046427053185108405,DS2,none,morning,False
3718956704462283332,Image,52,Thursday,1,11,9,2025,42260,1,False,False,"['labubu', '隱藏版', '炒燶', '炒家', '頭條時事']",128,0,0.0030287972362225218,DS2,niche_only,night,False
3481987111865135686,Reel,677,Saturday,2,19,10,2024,3519259,3,True,False,"['galaxyzfllip6', 'galaxyzfold6', 'publicidad']",8261,74,0.0023683956286264726,DS2,niche_only,night,True
3792627284600360130,Carousel,572,Sunday,17,21,12,2025,271414,8,False,False,"['hyundai', 'hyundaipalisade', 'hyundaisantafe', 'carreview', 'carsofinstagram', 'cars', 'automotive', 'carconfections']",529,15,0.002004310741852882,DS2,niche_only,afternoon,True
3590663348749043039,Image,1162,Tuesday,1,18,3,2025,15535,0,False,False,[],13,0,0.0008367662203913491,DS2,none,night,False
3771732229772971936,Carousel,513,Saturday,21,22,11,2025,898788,0,True,False,[],3217,787,0.004454883181703381,DS2,none,evening,True
3612256765685141033,Image,922,Wednesday,20,16,4,2025,235673,0,True,False,[],101,13,0.00048371903561699635,DS2,none,evening,False
3493747148707415516,Carousel,104,Monday,7,4,11,2024,187638,4,True,False,"['rashidtheartist', 'hairtransformation', 'brunettehair', 'brownhair']",1535,16,0.008265872233384318,DS2,niche_only,morning,False
3629402280433633206,Reel,678,Saturday,12,10,5,2025,700157,7,True,False,"['indiapakistan', 'indiapakistantensions', 'indopakrelations', 'indopaktensions', 'aimim', 'owaisi', 'asaduddinowaisi']",26854,347,0.03884980247315606,DS2,niche_only,afternoon,True
3466540921480537286,Image,443,Friday,19,27,9,2024,50844,14,False,False,"['arch', 'weddingarch', 'canopy', 'chuppah', 'chuppa', 'mandap', 'weddingcanopy', 'weddingchuppah', 'weddingchuppa', 'weddingceremony', 'indianwedding', 'ceremonydecor', 'ceremonyideas', 'rentmywedding']",73,0,0.0014357360605762612,DS2,niche_only,evening,False
3305180785710450011,Carousel,624,Sunday,3,18,2,2024,146614,22,True,False,"['energyhealing', 'taylorswift', 'icespice', 'blm', 'toronto', 'torontolife', 'nailinspo', 'blackownedbusiness', 'blackgirlmagic', 'blackhistorymonth', 'usher', 'travel', 'travelphotography', 'viral', 'instalove', 'tiktok', 'explorepage', 'coldpressedjuice', 'organic', 'blm', 'blackhistory365', 'womenempowerment']",165,5,0.0011594993690959316,DS2,mixed,night,True
3439697953293031537,Carousel,591,Wednesday,18,21,8,2024,1170,13,False,False,"['plants', 'flower', 'garden', 'gardeninspiration', 'japan', 'photooftheday', 'newbuild', 'gardenstagram', 'plantstagram', 'newyearnewme', 'newyearnewme', 'knowledge', 'mastermind']",79,13,0.07856532877882152,DS2,niche_only,evening,False
1250732850522272081,Image,554,Sunday,13,15,5,2016,1711,25,False,False,"['louisvuitton', 'louisvuittonbag', 'louisvuittonmonogram', 'louisvuittonspeedy', 'louisvuittonwallet', 'louisvuittonbelt', 'louisvuittonbags', 'louisvuittonmalaysia', 'louisvuittonneverfull', 'louisvuittonpurse', 'louisvuittonhandbag', 'louisvuittonforsale', 'louisvuittonclutch', 'louisvuittonshoes', 'louisvuittonkeepall', 'louisvuittonmen', 'louisvuittonhandbags', 'louisvuittonreplica', 'louisvuittonluggage', 'louisvuittonstore', 'louisvuittonsunglasses', 'louisvuittonoutlet', 'louisvuittonoutletonline', 'shopsmall', 'womensfashion']",14,1,0.008761682242990653,DS2,niche_only,afternoon,True
3630282331219735498,Carousel,275,Sunday,17,11,5,2025,52905,2,False,False,"['familiaganadera', 'imagenesdemisubasta']",194,2,0.0037046837787774543,DS2,niche_only,afternoon,True
2455852910735579868,Image,212,Thursday,7,3,12,2020,698,20,False,False,"['love', 'promise', 'together', 'life', 'leave', 'argue', 'everything', 'risk', 'lovehim', 'loveher', 'couple', 'couplegoals', 'forever', 'mine', 'lifeline', 'missyou', 'hugs', 'kiss', 'instalove', 'loveislife']",10,0,0.01430615164520744,DS2,mixed,morning,False
3693056640397858354,Carousel,556,Wednesday,7,6,8,2025,6903,5,False,False,"['ecosocialism2025', 'ecosocialismnotbarbarism', 'ecosocialismconference', 'greenleft', 'agenda']",65,2,0.0097045191193511,DS2,niche_only,morning,False
3628149883874605044,Carousel,127,Thursday,18,8,5,2025,6953744,2,True,False,"['goldengoose', 'hausofdreamers']",123346,199,0.01776668543353258,DS2,niche_only,evening,False
3521453805223299795,Carousel,299,Thursday,13,12,12,2024,185498,0,False,False,[],22,0,0.00011859902209715416,DS2,none,afternoon,False
3651251981625596019,Image,221,Monday,15,9,6,2025,6604,3,True,False,"['neumáticosmdp', 'neumaticosmdp', 'neumaticosmardelplata']",5,0,0.000757002271006813,DS2,niche_only,afternoon,False
2333465462099127167,Image,963,Wednesday,10,17,6,2020,88283,6,True,False,"['morethanbanking', 'drivingchange', 'positiveimpact', 'mehralsbanking', 'veränderungvorantreiben', 'positiverbeitrag']",375,7,0.00432694485977074,DS2,niche_only,morning,False
3408517249843575810,Image,103,Tuesday,17,9,7,2024,105,9,False,False,"['barcelona', 'spain', 'summer', 'museum', 'drone', 'dji', 'photography', 'photooftheday', 'picoftheday']",22,1,0.2169811320754717,DS2,niche_only,afternoon,False
3583868897642097387,Carousel,138,Saturday,16,8,3,2025,355558,5,False,False,"['aajkiraat', 'ishqhai', 'uyiamma', 'peelings', 'nazariyekmaari']",173,1,0.0004893702592256138,DS2,niche_only,afternoon,True
2966321595604115095,Image,258,Monday,14,7,11,2022,9509,26,False,False,"['türkiye', 'makedonya', 'ermenistan', 'sırbistan', 'kazakistan', 'kosova', 'arnavutluk', 'gürcistan', 'kenya', 'almaya', 'ukraine', 'dubai', 'bulgaria', 'libya', 'azerbeycan', 'israel', 'bosnahersek', 'romanya', 'polonya', 'karadag', 'lübnan', 'cezair', 'ırak', 'kamerun', 'nijerya', 'kıbrıs', 'ürdün', 'hollanda']",1,0,0.00010515247108307045,DS2,niche_only,afternoon,False
3635240740820599283,Carousel,25,Sunday,13,18,5,2025,149377,1,True,False,['assos'],1379,51,0.009573029495641929,DS2,niche_only,afternoon,True
1932205181854794694,Image,287,Tuesday,19,11,12,2018,1308,24,False,False,"['gavinmcinnes', 'proudboys', 'joerogan', 'fucktrump🖕', 'fuckthegop', 'fuckthealtright', 'altright', 'trump', 'donaldtrump', 'notmypresident', 'cofveve', 'bluewave', 'draintheswamp', 'fakenews', 'maga', 'protrump', 'antitrump', 'familyvalues', 'gunrights', 'guncontrol', 'politics', 'nra', 'whitenationalism', 'shouldvevotedforhillary']",40,0,0.030557677616501147,DS2,niche_only,evening,False
3555731323999882199,Image,40,Tuesday,21,28,1,2025,1190706,0,True,False,[],495,1,0.0004165592374950345,DS2,none,evening,False
3503423867128119693,Image,249,Sunday,16,17,11,2024,330692,12,False,False,"['kanguva', 'kanguva', 'francis', 'kanguvablockbuster', 'suriya', 'suriyasivakumar', 'nadippinnayagan', 'suriyaism', 'anbaanafans', 'bobbydeol', 'dishapatani', 'mightyvaliantsaga']",4759,37,0.014502877291022186,DS2,niche_only,afternoon,True
3516089234329691319,Image,34,Thursday,3,5,12,2024,28735,2,False,False,"['itparithabangal', 'itmemes']",652,2,0.02275890868596882,DS2,niche_only,night,False
3583620139813449546,Image,211,Saturday,8,8,3,2025,226174,0,False,False,[],117,0,0.0005172985520061899,DS2,none,morning,True
3600504091063743723,Carousel,98,Monday,15,31,3,2025,112528,0,True,False,[],3047,77,0.027761732531169744,DS2,none,afternoon,False
3608916303776201519,Carousel,60,Saturday,5,12,4,2025,14068,0,False,False,[],239,6,0.01741417300447793,DS2,none,night,True
3690178985885160140,Image,424,Saturday,8,2,8,2025,757153,1,True,False,['dyfi'],846,47,0.001179416604812231,DS2,niche_only,morning,True
3610616626157986578,Image,100,Monday,13,14,4,2025,18006,2,False,False,"['life', 'journey']",22,0,0.0012217470983506415,DS2,niche_only,afternoon,False
3544451369392650155,Carousel,1023,Monday,6,13,1,2025,2011,13,False,False,"['dogmommonday', 'dogmom', 'dogmomlife', 'bordercolliesofaustralia', 'bordercolliesoftheworld', 'bordercollie', 'bordercolliesofinstagram', 'adventuredogsofficial', 'adventuredogs', 'travelwithdogs', 'travel', 'australia', 'southaustralia']",25,4,0.01441351888667992,DS2,niche_only,morning,False
3572394193298136061,Carousel,62,Thursday,20,20,2,2025,32644,4,False,False,"['steauabucuresti', 'meci', 'arenanationala', 'paok']",73,0,0.002236177056210752,DS2,niche_only,evening,False
3392131147398723249,Image,304,Monday,3,17,6,2024,129,19,False,False,"['photooftheday', 'craftsmen', 'photooftoday', 'photography', 'jingdezhenporcelain', 'fujifilm', 'fujifilmx100v', 'streetstyle', 'streetphotography', 'portait', 'portraitphotography', 'lifestyle', 'moment', 'nowdays', 'chinatravel', 'fujifilmphotographer', 'porcelain', 'recording', 'filmphotography']",0,0,0.0,DS2,niche_only,night,False
3582461297493605178,Reel,92,Thursday,17,6,3,2025,26481,2,True,False,"['orf', 'news']",553,15,0.021448531077713162,DS2,niche_only,afternoon,False
3642087950810862736,Image,113,Wednesday,0,28,5,2025,36987,5,True,False,"['karnatakabank', 'matchday', 'shubh101', 'bangalore', 'cricket']",87,0,0.0023521141991997407,DS2,niche_only,night,False
3717037072797606923,Image,449,Monday,9,8,9,2025,59933,2,False,False,"['hondadblwithkopigoodday', 'letsgetloud']",2202,0,0.03674041445590149,DS2,niche_only,morning,False
3265717589606123548,Image,116,Monday,17,25,12,2023,60,6,False,False,"['palestinewillbefree', 'freepalestine', 'genocideingaza', 'ethniccleanse', 'origional', 'palestineforever']",3,0,0.04918032786885246,DS2,niche_only,afternoon,False
2915552512452543045,Image,133,Monday,13,29,8,2022,24,5,False,False,"['back2school', 'dramatic', 'lonesome', 'miserable', 'depressed']",4,0,0.16,DS2,niche_only,afternoon,False
3186057276716676152,Image,1074,Wednesday,19,6,9,2023,34124,5,True,False,"['janmashtami2023', 'puresoya', 'vegetarianfood', 'veganfood', 'plantbasedfood']",30,2,0.0009377289377289378,DS2,niche_only,evening,False
3616565546729181548,Carousel,241,Tuesday,18,22,4,2025,12884,11,False,False,"['mama', 'mamaicorka', 'córka', 'dziecko', 'dziewczynka', 'miłość', 'macierzyństwo', 'kocham', 'sentencja', 'sesja', 'session']",386,33,0.032518432285603416,DS2,niche_only,evening,False
3372955096113586866,Carousel,798,Tuesday,16,21,5,2024,50835,3,False,False,"['prefeituradepicos', 'picospiaui', 'opovoéprioridade']",29,0,0.0005704618774097096,DS2,niche_only,afternoon,False
3717803733242822192,Carousel,1013,Tuesday,11,9,9,2025,22063,7,True,False,"['nikonaustralia', 'nikonz6iii', 'fashionphotography', 'melbournefashionphotographer', 'nikoncreator', 'mynikonlife', 'profoto']",289,39,0.014865844815083394,DS2,niche_only,morning,False
3434462224681682717,Image,186,Wednesday,12,14,8,2024,100,10,False,False,"['portlandoregon', 'streetphotography', 'neighborhoodwalk', 'photography', 'photography📷', 'photooftheday', 'photoeveryday', 'photodaily', 'dailyphoto', 'dailyphotography']",7,0,0.06930693069306931,DS2,niche_only,afternoon,False
3652519248031683302,Video,124,Wednesday,9,11,6,2025,445021,1,True,False,['mtbworldcup'],2072,4,0.00466493791318182,DS2,niche_only,morning,False
3654038049157100265,Carousel,68,Friday,11,13,6,2025,40108,0,False,False,[],12,0,0.00029918472163354857,DS2,none,morning,False
3506420646021311138,Image,281,Thursday,19,21,11,2024,55039,1,False,False,['cpo'],574,14,0.01068313953488372,DS2,niche_only,evening,False
3620553328652521663,Image,350,Monday,7,28,4,2025,66910,1,False,False,"['potatocornerth', 'โก๋กรอกโปเตโต้', 'ปาท่องโก๋', 'ไส้กรอก']",80,0,0.0011956180598107935,DS2,niche_only,morning,False
3736111782080358312,Image,527,Saturday,17,4,10,2025,102809,30,False,False,"['oilpainter', 'masterpiece', 'flowers', 'artforeveryone', 'art', 'fineartpainting', 'paintingoftheday', 'peinture', 'landscape', 'historiadelarte', 'storiadellarte', 'peintures', 'historyofart', 'arthistory', 'beauxarts', 'instamuseum', 'artmuseum', 'pittura', 'arthistorian', 'peintre', 'malerei', '19thcenturyart', '20thcenturyart', 'oldmasters', 'impressionism', 'postimpressionism', 'classicalpainting', 'impressionismo', 'europeanart', 'impressionisme']",390,7,0.0038614920727555687,DS2,niche_only,afternoon,True
3696178083082172681,Carousel,216,Sunday,15,10,8,2025,18123,0,False,False,"['ворскла', 'емс_поділля']",233,0,0.012855881703818142,DS2,niche_only,afternoon,True
3634169420428022054,Carousel,1379,Saturday,1,17,5,2025,23691,5,False,False,"['morethanarace', 'news', '4deserts', 'ultramarathon', 'ultrarun']",73,2,0.0031656255276042546,DS2,niche_only,night,True
3646209022761422990,Image,210,Monday,16,2,6,2025,410249,0,True,False,[],73,13,0.00020962827544180378,DS2,none,afternoon,False
1999105910697421334,Image,362,Thursday,2,14,3,2019,62104,0,False,False,['😜😊'],884,25,0.014636502697045327,DS2,niche_only,night,False
3640814280765470800,Carousel,393,Monday,5,26,5,2025,36654,30,False,False,"['doğa', 'manzara', 'hayırlısabahlar', 'günaydın', 'erciyes', 'kayseri', 'nature', 'photography', 'naturephotography', 'mountain', 'photooftheday', 'travel', 'instagood', 'goodmorning', 'picoftheday', 'photo', 'like', 'landscape', 'naturelovers', 'life', 'instadaily', 'beauty', 'travelphotography', 'photographer', 'kızılörenanadolu', 'anıyakala', 'view', 'views', 'amazingplaces', 'gununfotoğrafi']",48,0,0.0013095075705906426,DS2,mixed,night,False
3595590799867722022,Image,435,Monday,20,24,3,2025,749864,3,True,False,"['snackdeals', 'amazon', 'bogo']",36,7,5.734365519126776e-05,DS2,niche_only,evening,False
1304264936650611727,Image,31,Thursday,10,28,7,2016,1809,0,False,False,[],4,0,0.0022099447513812156,DS2,none,morning,False
2399538011510238747,Image,0,Wednesday,14,16,9,2020,1632,0,False,False,[],1,0,0.000612369871402327,DS2,none,afternoon,False
2915873014109471343,Image,471,Tuesday,0,30,8,2022,1642,9,False,False,"['sierraclub', 'vista', 'vistaca', 'vistacalifornia', 'odonnellforvista', 'danforvista', 'community', 'environment', 'progress']",23,0,0.01399878271454656,DS2,niche_only,night,False
3304118378690662003,Image,221,Friday,16,16,2,2024,2539,19,False,False,"['wadirumdesert', 'wadi_rum', 'wadirum', 'desert', 'sunset', 'jump', 'travelling', 'travelingram', 'travelphotography', 'tourism', 'tours', 'trekking', 'hiking', 'hikingadventures', 'adventure', 'ahlanwasahlan', 'jordantours', 'women', 'men']",105,4,0.042913385826771656,DS2,niche_only,afternoon,False
1742005277556633934,Image,1,Saturday,9,24,3,2018,9226207,0,True,False,[],129951,572,0.014146982162119041,DS2,none,morning,True
3718546153891067222,Image,334,Wednesday,11,10,9,2025,19576,11,False,False,"['sunnyherbals', 'sunnyherbalsofficial', 'matchamiracle', 'sheetmasklove', 'glowtogether', 'skincaregoals', 'coupleglow', 'sunnyherbals', 'glowingskin', 'matchaglow', 'nomessglow']",3,0,0.00015324104816876946,DS2,niche_only,morning,False
3657003420967228369,Video,136,Tuesday,14,17,6,2025,1249107,3,True,False,"['gollywood', 'fifacwc', 'dazn']",1956,5,0.0015699202951225996,DS2,niche_only,afternoon,False
3726286896331035785,Reel,470,Sunday,4,21,9,2025,50,2,False,False,"['backtocollege', 'trending']",73,0,1.4313725490196079,DS2,mixed,night,True
3634049078246651729,Image,253,Friday,21,16,5,2025,123300,22,False,False,"['orixas', 'candomble', 'oxum', 'axe', 'pombagira', 'orixa', 'fe', 'oxossi', 'xango', 'orixa', 'amor', 'axe', 'umbandista', 'espiritualidade', 'iemanja', 'oxala', 'umbandanopeito', 'laroye', 'mariapadilha', 'umbandasaber', 'sarava', 'iansa']",1595,988,0.020948735208960186,DS2,niche_only,evening,False
3659670095916895144,Carousel,0,Saturday,6,21,6,2025,40322,0,False,False,[],1,0,2.479974208268234e-05,DS2,none,morning,True
3715002335806696034,Carousel,587,Friday,14,5,9,2025,11511,18,False,False,"['reeloftheday', 'reelitfeelit', 'reelofinstagram', 'makeuplooks', 'transition', 'bridereels', 'reelvideo', 'reelinstagram', 'instagramreels', 'reelsteady', 'reellife', 'trendingreels', 'viralreels', 'sistergoals', 'sistersquad', 'sisterslove', 'weddingreels', 'reelitfeelit']",73,9,0.007123002084781098,DS2,niche_only,afternoon,False
3628686553526890954,Carousel,185,Friday,12,9,5,2025,47019,5,False,False,"['sucesos', 'actualidadnatv', 'sociedadnatv', 'navarra', 'noticiasnavarra']",109,0,0.002318162484049341,DS2,niche_only,afternoon,False
2391995308532882811,Image,0,Sunday,4,6,9,2020,2907,0,False,False,[],10,3,0.004470426409903714,DS2,none,night,True
3529965301289155011,Carousel,343,Tuesday,7,24,12,2024,164085,0,True,False,[],458,36,0.003010616384091269,DS2,none,morning,False
3712795997861890838,Carousel,148,Tuesday,13,2,9,2025,20178,0,False,False,[],73,0,0.0036176222805887307,DS2,none,afternoon,False
3658490420024018538,Carousel,292,Thursday,15,19,6,2025,8263,21,False,False,"['inkixwetrust', 'solecollector', 'complexkicks', 'nodrugsjustshoes', 'nicekicks', 'igsneakercommunity', 'foamieshomies', 'kickstagram', 'milki_kicks', 'thesolefirm', 'nike', 'nikeshoes', 'niketoronto', 'kicksonfire', 'sneakernews', 'sneakerhead', 'iloveswoosh', 'jordandaily', 'jordandepot', 'jordan', 'grailshots']",73,1,0.008954501452081317,DS2,niche_only,afternoon,False
3640510862825029401,Image,117,Sunday,19,25,5,2025,10425,7,False,False,"['sagarosushi', 'cuinajaponesa', 'menjarasagaró', 'inboccanostra', 'inboccasagaró', 'agentllens', 'inboccaempanades']",52,0,0.004987531172069825,DS2,niche_only,evening,True
1990221294039151183,Reel,460,Friday,20,1,3,2019,20,30,False,False,"['edits', 'sad', 'sadedits', 'moodedits', 'mood', 'love', 'loveedits', 'sadloveedits', 'editz', 'depressionedits', 'editss', 'sadaudios', 'sadniggahours', 'sadvideos', 'sadsongs', 'sadvideo', 'sadvibes', 'depression', 'heartbroken', 'heartbrokenquotes', 'heartbrokenedits', 'depressionquotes', 'depressedquotes', 'depressingquotes', 'depressing', 'depressedaudios', 'heartbrokenclub', 'explore', 'lyricedits', 'f4f']",12,2,0.6666666666666666,DS2,mixed,evening,False
3411443191524967410,Carousel,191,Saturday,18,13,7,2024,69264,8,False,False,"['memes', 'demonslayer', 'demonslayeranime', 'demonslayermanga', 'hxhmemes', 'anime', 'animememes', 'animepost']",274,12,0.004129069515628384,DS2,niche_only,evening,True
3383483742420705348,Video,50,Wednesday,4,5,6,2024,1210183,0,True,False,[],166294,1799,0.13889871292299352,DS2,none,night,False
3709397795804620864,Carousel,215,Thursday,20,28,8,2025,5858,1,False,False,['unquartodisecolo'],299,13,0.05325140809011777,DS2,niche_only,evening,False
2436721413992608086,Reel,245,Friday,21,6,11,2020,3575,25,False,False,"['delhi', 'palistine', 'brasil', 'usa', 'sydney', 'california', 'italy', 'trump', 'bombay', 'miami', 'lasvegas', 'london', 'britain', 'fortlauderdale', 'airindia', 'orangecounty', 'israel', 'haifa', 'telaviv', 'worli', 'incredibleindia', 'india', 'arnabgoswami', 'floridakeys', 'thetruthflirts']",2,0,0.0005592841163310962,DS2,niche_only,evening,False
3642492708719263899,Carousel,111,Wednesday,13,28,5,2025,305481,0,False,False,[],9,1,3.2735152971369835e-05,DS2,none,afternoon,False
3650368882608633148,Carousel,146,Sunday,10,8,6,2025,5945,0,False,False,[],361,27,0.06525395223679785,DS2,none,morning,True
3479449008188562058,Carousel,630,Tuesday,14,15,10,2024,6719,7,False,False,"['winterthurlocals', 'winterthur', 'essengehnwinterthur', 'restaurantwinterthur', 'restaurantswinterthur', 'vegi', 'vegan']",59,8,0.009970238095238095,DS2,niche_only,afternoon,False
3694375177137026153,Carousel,138,Friday,3,8,8,2025,10264,3,False,False,"['houseofsephoramy', 'sephoramy', 'onlyatsephora']",73,10,0.008085728202630297,DS2,niche_only,night,False
3662003638184789122,Image,265,Tuesday,11,24,6,2025,76708,0,True,False,[],22,0,0.0002867981592772686,DS2,none,morning,False
3689728752347548060,Video,90,Friday,17,1,8,2025,5590,0,False,False,[],19,0,0.0033983187265247718,DS2,none,afternoon,False
3597734440841109165,Image,440,Thursday,19,27,3,2025,31979,10,True,False,"['haltech', 'autofinesse', 'garaged', 'tirestreetsuk', 'teamtirestreets', 'driftmatsuri', 'drift', 'driftcars', 'fun', 'festival']",68,0,0.0021263289555972483,DS2,niche_only,evening,False
3593686561488829863,Carousel,623,Saturday,5,22,3,2025,35724,4,False,False,"['fashioninlagos', 'azilacloset', 'onlinefashionstoreinlagos', 'lagosfashion']",3,0,8.397480755773269e-05,DS2,niche_only,night,True
2371521332008798149,Image,0,Saturday,22,8,8,2020,1822,0,False,False,[],1,0,0.0005485463521667581,DS2,none,evening,True
3789474415613565308,Image,17,Wednesday,8,17,12,2025,10708,1,False,False,['rajkotcitypolice'],93,4,0.00905780184891213,DS2,niche_only,morning,False
2667134525098106191,Carousel,180,Monday,19,20,9,2021,8704,0,False,False,[],97,11,0.012406662837449742,DS2,none,evening,False
3427121148242003188,Image,198,Sunday,9,4,8,2024,46131,8,False,False,"['jesuschrist', 'explorepage', 'explorer', 'explore', 'sacredheartofjesus', 'sacredheartofmary', 'sacredheart', 'jesus']",1703,142,0.03999393046041793,DS2,mixed,morning,True
3661017431524607320,Carousel,1230,Monday,2,23,6,2025,82467,6,False,False,"['หมอพีพีmeko', 'หมอพีพีsomeko', 'drphiphimekohospital', 'drphiphimeko', 'somekoclinic', 'รีวิวดูดไขมัน', 'ศัลยกรรม', 'liposuctionthailand', 'หมอพีพีsomeko', 'คลินิกศัลยกรรม', 'คลินิก', 'ดูดไขมัน', 'liposuction', 'ดูดไขมันลดสัดส่วน', 'ลดหุ่น', 'ปั้นหุ่นสวย', 'ดูดไขมันเหนียง', 'ดูดไขมันหน้าท้อง', 'ดูดไขมันต้นขา', 'ดูดไขมันต้นแขน', 'ดูดไขมันกระชับสัดส่วน', 'vaserthailand']",5,0,6.062957753310375e-05,DS2,niche_only,night,False
3636069302660802975,Image,375,Monday,16,19,5,2025,18061,28,False,False,"['tkmcediaries', 'tkmce_vibes', 'vibes', 'college', 'collegelife', 'collegevibes', 'tkm', 'tkmcelife', 'tkmcollegeofengineering', 'campuslife', 'campus', 'btech', 'engineeringcollege', 'engineering', 'kollam', 'kerala', 'reels', 'tkmreels', 'marshmello', 'trending', 'instagram', 'covocation', 'tkmcecampus', 'tkmcestudents', 'tkmcestories', 'tkmceofficial', 'tkmcekollam', 'tkmcollegeofengineering']",192,0,0.010630052042963127,DS2,mixed,afternoon,False
3596744317721029611,Carousel,62,Wednesday,10,26,3,2025,44404,0,False,False,[],6,0,0.00013511991892804865,DS2,none,morning,False
3624263689411437822,Carousel,718,Saturday,9,3,5,2025,11183,0,False,False,[],659,4,0.059281115879828324,DS2,none,morning,True
3109932149083241106,Carousel,894,Wednesday,18,24,5,2023,1164,11,False,False,"['wearestreetstar', 'foodcontentcreators', 'visualstorytelling', 'foodphotography', 'recipevideos', 'onlinefoodcontent', 'collaborate', 'foodenthusiast', 'socialmediacontent', 'deliciouslyirresistible', 'foodvideography']",12,0,0.010300429184549357,DS2,niche_only,evening,False
3732549678568443610,Image,383,Monday,19,29,9,2025,17722,1,False,False,['dianavreeland'],97,2,0.005585961744625628,DS2,niche_only,evening,False
3580671168848615147,Carousel,50,Tuesday,6,4,3,2025,75108,0,False,False,['جمعية_التوعية_الإسلامية'],144,0,0.0019172136494960657,DS2,niche_only,morning,False
3613202745930426990,Image,177,Friday,3,18,4,2025,39046,16,False,False,"['posh', 'nsb', 'graff', 'graffiti', 'graffitiart', 'art', 'artlife', 'lagraff', 'lagraffiti', 'losangelesgraff', 'losangelesgraffiti', 'photo', 'photograph', 'photography', 'photooftoday', 'streetphotography']",55,0,0.0014085589161779394,DS2,niche_only,night,False
3604968754104699958,Reel,48,Sunday,18,6,4,2025,12079,0,False,False,[],401,28,0.03551324503311258,DS2,none,evening,True
3587400453379021022,Image,266,Thursday,13,13,3,2025,9368,8,False,False,"['cenariourbano', 'chuvas', 'tempestades', 'alphaville', 'tambore', 'barueri', 'atc', 'jornaloanhanguera']",10,0,0.0010673497705197994,DS2,niche_only,afternoon,False
3699617687040902369,Carousel,1616,Friday,9,15,8,2025,296108,25,True,False,"['iphonesecond', 'iphonesemarang', 'iphonejepara', 'iphonepati', 'iphonekendal', 'iphonesalatiga', 'iphonekudus', 'iphonexsemarang', 'iphoneblora', 'iphonemagelang', 'iphonesemarangcod', 'iphonesurabaya', 'iphonekreditsemarang', 'iphoneklaten', 'iphonetemanggung', 'iphonesragen', 'serviceiphonekudus', 'ips2013jogja', 'ips2013kudus', 'ips2013pati', 'ips2013tembalang', 'ips2013jepara', 'ips2013rembang', 'ipsgadgetsubang', 'ipsgadgetcirebon']",80,0,0.0002701707817053855,DS2,niche_only,morning,False
3479888164502991937,Video,352,Wednesday,5,16,10,2024,14866,4,False,False,"['onlineworkoutclass', 'vilingthighsworkout', 'gym', 'squats']",12,1,0.000874419856057039,DS2,niche_only,night,False
3629693256791765170,Carousel,187,Saturday,21,10,5,2025,5428,8,False,False,"['mma', 'training', 'boxing', 'boxer', 'kickboxing', 'kombination', 'boxingspeed', 'work']",109,1,0.020261558298029104,DS2,niche_only,evening,True
3648337789306950003,Image,82,Thursday,15,5,6,2025,244375,0,False,False,[],259,135,0.0016122696173110288,DS2,none,afternoon,False
2790167012451381639,Image,1922,Wednesday,13,9,3,2022,466,12,False,False,"['capacitacion', 'profesionales', 'compromiso', 'saber', 'neurociencias', 'neurocounseling', 'poderdelapalabra', 'pnl', 'counselor', 'counseling', 'neurociencia', 'neurofelicidad']",8,0,0.017130620985010708,DS2,niche_only,afternoon,False
3623482545580243724,Image,484,Friday,8,2,5,2025,13040,0,False,False,[],8,0,0.0006134498888122076,DS2,none,morning,False
2911633615377525510,Image,178,Wednesday,4,24,8,2022,1355,6,False,False,"['golda', 'ashdod', 'israel', 'nogata', 'ashdodcity', 'ashdodmenu']",16,0,0.011799410029498525,DS2,niche_only,night,False
3603142271732015291,Image,500,Friday,6,4,4,2025,19454,29,False,False,"['eka_tattoo_bkk', 'deviltattoo', 'armtattoo', 'samurai', 'japantraditionaltattoo', 'tattoo', 'tattooer', 'tattooist', 'dotwork', 'dotworktattoo', 'blackwork', 'blackworkers', 'blackworktattoo', 'blackink', 'blackinktattoo', 'blacktattoo', 'blacktattooart', 'blacktattooartist', 'blackline', 'blacklinetattoo', 'blacktattooartist', 'linework', 'darkartists', 'onlyblackart', 'artofblack', 'tttism', 'ttt', 'cavetowntattoo', 'artesobscurae']",263,9,0.013980981752762786,DS2,niche_only,morning,False
3451667922752053370,Image,83,Saturday,6,7,9,2024,25,6,False,False,"['proxie_the2ndconcert', 'proxiegun', 'proxiegorn', 'proxieonglee', 'proxieth', 'brothersmusic']",0,0,0.0,DS2,niche_only,morning,True
3723111634919583037,Image,184,Tuesday,19,16,9,2025,3616042,0,True,False,[],12340,38,0.0034230787631673626,DS2,none,evening,False
3618540096522127091,Image,507,Friday,12,25,4,2025,2343,0,False,False,[],0,0,0.0,DS2,none,afternoon,False
3007795881878090926,Image,298,Tuesday,20,3,1,2023,6535,1,False,False,['hoetoahousewife'],1005,174,0.18038555691554467,DS2,niche_only,evening,False
3680886792975020051,Image,114,Sunday,12,20,7,2025,6119,3,False,False,"['aosolhosdeummotociclista', 'motoasfaltoerocknroll', 'amizade']",873,8,0.14395424836601306,DS2,niche_only,afternoon,True
3640434557110482397,Carousel,0,Sunday,17,25,5,2025,25516,0,False,False,[],73,0,0.0028608378727906884,DS2,none,afternoon,True
3554097561079290319,Image,50,Sunday,15,26,1,2025,996279,0,True,False,[],18,0,1.8067210021279158e-05,DS2,none,afternoon,True
3464970690832855372,Image,500,Wednesday,15,25,9,2024,1262,5,False,False,"['finance', 'weareonerpm', 'career', 'cfo', 'growth']",14,0,0.011084718923198733,DS2,niche_only,afternoon,False
2341968967505803157,Image,409,Monday,4,29,6,2020,1149,2,False,False,"['34🍃💨👌🏼', 'кальянная', 'кальян', 'лучшееместо', 'отдых', 'вечер', '2019', 'дымныйкальян', 'лучшиекальяны', 'волжский', 'аромат']",6,0,0.0052173913043478265,DS2,niche_only,night,False
3416313528964426200,Image,907,Saturday,11,20,7,2024,71,32,False,False,"['flowerphotography', 'bloosom', 'flowers', 'flower', 'flowerlovers', 'floweroftheday', 'flowergram', 'photoshoot', 'photooftheday', 'photo', 'photographer', 'photoshop', 'photographylovers', 'photooftheday', 'naturephotography', 'picoftheday', 'photos', 'photograph', 'photographers_of_india', 'photographers', 'photographie', 'photoart', 'photographyeveryday', 'photographylover', '30daychallenge', '30dayschallenge', 'picoftheday', 'picture', 'picofday', 'picsart', 'pictures', 'pictureoftheday']",17,8,0.3472222222222222,DS2,niche_only,morning,True
3424112603361240305,Carousel,695,Wednesday,6,31,7,2024,4354,41,False,False,"['variobabylookstyle', 'fyp', 'variolampungclub', 'variojambi', 'yyc', 'selfie', 'selfie', 'oke', 'selfie', 'variobekasi', 'variomodifkasi_id', 'vario150new', 'vario125led', 'vario150led', 'variodailyuse99', 'variodepok', 'variotangerangraya', 'variodepok', 'variobabylookstyle', 'variobandung', 'variojogja', 'variobekasi', 'variojambi', 'variojakarta', 'varioid', 'variolampung', 'variocikarang', 'variolampungclub', 'puh', 'selfie', 'fyp', 'trending', 'yyc', 'oke', 'artist', 'konya', 'metci', 'vario150', 'fyp', 'fypシ', 'viralvideos']",141,0,0.03237657864523536,DS2,mixed,morning,False
3504425282926228125,Reel,594,Tuesday,1,19,11,2024,1187060,0,True,False,[],2714,756,0.0029231859188365216,DS2,none,night,False
3659605825615976869,Image,250,Saturday,4,21,6,2025,13274,6,False,False,"['xierra', 'xierratemanilangkahmu', 'sandal', 'jumbo', 'rekomendasi', 'lokalbrand']",8,2,0.0007532956685499058,DS2,niche_only,night,True
3631103832507057942,Image,0,Monday,20,12,5,2025,22272,0,False,False,[],0,0,0.0,DS2,none,evening,False
3645974754543854927,Image,523,Monday,8,2,6,2025,42433,3,False,False,"['franjoskitchen', 'lactationcookies', 'breastfeedingcookies']",28,5,0.0007776782768534665,DS2,niche_only,morning,False
3524736823606375136,Image,224,Tuesday,2,17,12,2024,2297898,4,True,False,"['parliamentwintersession', 'loksabha', 'arjunrammeghwal', 'onenationoneelection']",2526,15,0.001105792726312166,DS2,niche_only,night,False
3041171541216555399,Carousel,120,Saturday,21,18,2,2023,110,8,False,False,"['doggo', 'funnydogs', 'shepherd', 'sillydog', 'dogsofig', 'cutedoggy', 'cutedoggo', 'handsomeboy']",7,1,0.07207207207207207,DS2,niche_only,evening,True
3419521690435276826,Carousel,430,Wednesday,22,24,7,2024,594,26,False,False,"['arcodelaspeñitas', 'bentacuria', 'fuerteventuralovers', 'fuerteventuravibes', 'fuerteventura', 'fuerteventuraisland', 'fuerteventuraexperience', 'montana', 'montaña', 'photooftheday', 'photography', 'photographylovers', 'vacaciones', 'islascanarias', 'islacanarias', 'arco', 'natura', 'naturaleza', 'chipmunk', 'instagood', 'instatravel', 'travelphotography', 'travelblogger', 'travel', 'holiday', 'chebelloviaggiare']",24,0,0.040336134453781515,DS2,mixed,evening,False
3476271100903029298,Video,121,Friday,5,11,10,2024,2002,8,False,False,"['geeklife', 'adventureswithwife', 'reallifedocandwyatt', 'friends', 'wofv', 'holiday', 'vacation', 'canada']",134,14,0.07388916625062407,DS2,niche_only,night,False
3693922072630858780,Carousel,85,Thursday,12,7,8,2025,33349,0,False,False,[],73,1,0.0022188905547226388,DS2,none,afternoon,False
3623960316075777818,Carousel,354,Friday,23,2,5,2025,158830,9,True,False,"['銘品の所以', 'white', 'whitetshirt', 'whiteshirt', 'therow', 'jilsander', 'tshirt', 'shirt', 'fashion', '白t', 'tシャツ']",102,0,0.0006421920154126083,DS2,niche_only,evening,False
3382343001803777133,Image,733,Monday,14,3,6,2024,5014,25,True,False,"['weddingphotoinspiration', 'dreamwedding', 'instawedding', 'marriage', 'perfectday', 'prewedding', 'weddingday', 'keralavibes', 'weddingdress', 'weddinggown', 'kerala_360', 'kerala', 'justmarried', 'justthebeginning', 'brideandgroom', 'india', 'weddingsutra', 'saree', 'celebration', 'destinationwedding', 'srilanka', 'dream', 'weddingfashion', 'photography', 'weddingphotography']",63,0,0.012562313060817547,DS2,niche_only,afternoon,False
3595693831645465645,Image,285,Monday,23,24,3,2025,28447,0,True,False,"['날림의미학', '오여신', '날림의미학', '오여신', '버킷그램', '옹쌔므옹땜']",74,31,0.0036909448818897637,DS2,niche_only,evening,False
3163484675828894966,Image,911,Sunday,15,6,8,2023,3699,19,False,False,"['bookstagram', 'bookstagrammer', 'books', 'booksta', 'booklover', 'readersgonnaread', 'readersofinstagram', 'readersofig', 'bookworm', 'bookish', 'bookaddict', 'litlover', 'booknerd', 'read', 'igbooks', 'ilovereading', 'bibliophile', 'booksarelife', 'bookstagramchallenge']",73,18,0.024594594594594593,DS2,niche_only,afternoon,True
3371464110406275618,Carousel,3,Sunday,14,19,5,2024,53748,0,False,False,[],2322,2,0.04323801373048801,DS2,none,afternoon,True
3661882568063758622,Image,35,Tuesday,7,24,6,2025,11845,0,False,False,[],12,3,0.001266250211041702,DS2,none,morning,False
3647885709093048692,Reel,91,Thursday,0,5,6,2025,7115,0,True,False,[],10,16,0.0036537380550871277,DS2,none,night,False
3685311045362251381,Image,317,Saturday,15,26,7,2025,7452,12,False,False,"['etsycreatorco', 'etsy', 'etsyinstagram', 'etsycreatorcollective', 'etsyfinds', 'etsyseller', 'etsyfinds', 'creatorcollective', 'smallbusiness', 'titanium', 'hypoallergenic', 'earrings']",73,1,0.009928887696229707,DS2,niche_only,afternoon,True
3422568872220493232,Image,356,Monday,3,29,7,2024,145852,9,False,False,"['ubeauty女生話題】2020年香港小姐季軍的郭柏妍（rosita），入行3年多已參與15套劇集，而且觀眾緣甚佳，好評不斷。最近活躍於社交平台的rosita就貼出一輯在酒庫拍下的靚相，不過網民就把焦點放在若隱若現的好身材上！', 'ubeauty', 'beauty', 'celebrity', 'instagram', 'instagood', 'instadaily', 'insta852', 'hkig']",161,1,0.0011107073560365573,DS2,mixed,night,False
3283708816708357924,Reel,31,Friday,12,19,1,2024,130281,0,False,False,[],27,2,0.0002225940651816828,DS2,none,afternoon,False
3382387430497132050,Image,114,Monday,16,3,6,2024,28,8,False,False,"['giyuutomioka', 'giyu', 'art', 'today', 'demonslayer', 'anime', 'animeart', 'painting']",73,0,2.5172413793103448,DS2,niche_only,afternoon,False
3604172467209635905,Carousel,1421,Saturday,16,5,4,2025,35818,9,False,False,"['fatloss', 'fatlossjourney', 'fatlosscoach', 'weightloss', 'athomeworkoutswork', 'followalongworkouts', 'momsofinstagram', 'momcommunity', 'momsupportingmoms']",293,16,0.00862670649655211,DS2,niche_only,afternoon,True
3416949643991871878,Image,358,Sunday,8,21,7,2024,333,25,False,False,"['livingmybestlife', 'lifelessons', 'life', 'wandering', 'wanderlust', 'art', 'travelgram', 'travelblogger', 'tbt', 'photooftheday', 'instamood', 'motivation', 'travel', 'repost', 'instadaily', 'ootd', 'fun', 'yolo', 'ootd', 'photooftheday', 'potd', 'personalblog', 'blog', 'happiness', 'smiles']",30,0,0.08982035928143713,DS2,niche_only,morning,True
3523669062538567488,Image,642,Sunday,14,15,12,2024,555,3,False,False,"['jobin', 'diamjanganbergeraklangitsedangbagus', 'pidibaiq']",73,4,0.13848920863309352,DS2,niche_only,afternoon,True
3629102543223152680,Carousel,20,Saturday,2,10,5,2025,55592,0,False,False,[],56,2,0.0010432968179447052,DS2,none,night,True
3713322601923366233,Image,698,Wednesday,6,3,9,2025,9010,15,False,False,"['ayampenyetria', 'indonesiancuisine', 'authenticindofood', 'sgfoodies', 'tasteofindonesia', 'mouthwateringmeals', 'asiancuisine', 'sgfoodhunt', 'foodlover', 'indoflavors', 'singaporefoodie', 'singaporefoodlover', 'sgfoodblogger', 'instasg', 'hungrygowhere']",8,0,0.0008878037953612252,DS2,niche_only,morning,False
3459859969710084474,Image,763,Wednesday,13,18,9,2024,4984,24,False,False,"['wildanimals', 'wildlifephotography', 'naturephotography', 'natgeowild', 'african_portraits', 'wildlife', 'wildlifesafari', 'photosafari', 'photooftheday', 'africa', 'travelphotography', 'safari', 'alamypotm', 'capturethewild', 'serengeti_national_park', 'gamedrive', 'visittanzania', 'wildlifephotographer', 'africa_travel_resources', 'africasafariplanet', 'african_expeditions', 'africanimals', 'wildlifephotographer', 'lions']",9,0,0.0018054162487462387,DS2,niche_only,afternoon,False
3469297937958636030,Reel,108,Tuesday,14,1,10,2024,3174,5,False,False,"['explorepage', 'foryoupage', 'foryou', 'explore', 'anuvjain']",132,5,0.0431496062992126,DS2,mixed,afternoon,False
3142499221218015738,Reel,477,Saturday,16,8,7,2023,431064,12,False,False,"['antioppression', 'aiethics', 'techethics', 'techjustice', 'optout', 'aimanifestdestiny', 'ai', 'trustworthyai', 'machinelearning', 'facialrecognition', 'dataprivacy', 'digitalsecurity']",1325,10,0.0030969807337640496,DS2,niche_only,afternoon,True
3559918616255985320,Image,137,Monday,15,3,2,2025,24247,2,True,False,"['labhk', 'northpoint', '錦屏街']",73,0,0.0030105575717584957,DS2,niche_only,afternoon,False
3392147104208416365,Image,261,Monday,3,17,6,2024,4920,7,False,False,"['𝗞𝗔𝗡𝗔arima', '𝗔𝗤𝗨𝗔hoshino', 'aquakana', '有馬かな', 'kanaarima', 'anime', 'oshinoko', '推しの子', 'hoshinoaqua', 'hoshinoaquamarine', 'アクア', 'ほしのあくあまりん', 'aqukanaa', 'アクかな']",73,0,0.014834383255435887,DS2,niche_only,night,False
3393678390072498376,Image,414,Wednesday,6,19,6,2024,5812,27,False,False,"['photography', 'photo', 'photos', 'toptags', 'photographyeveryday', 'ig_shutterbugs', 'photographer', 'photographysouls', 'visualsoflife', 'photoart', 'ilovephotography', 'photographyislife', 'photographyislifee', 'ig_great_pics', 'instaphotography', 'digitalphotography', 'photographylovers', 'photographylover', 'photographyart', 'photooftheday', 'photographs', 'photographerlife', 'exposure', 'peoplescreatives', 'justgoshoot', 'capture', 'photoartist']",90,3,0.015998623774298986,DS2,niche_only,morning,False
3621469286738338341,Carousel,113,Tuesday,13,29,4,2025,354,3,False,False,"['motherdaughterlove', 'motherdaughterbond', 'motherdaughtertime❤️']",73,2,0.2112676056338028,DS2,niche_only,afternoon,False
3714238651942711444,Carousel,253,Thursday,13,4,9,2025,9743,0,False,False,['アンバサダー'],73,6,0.008107553366174056,DS2,niche_only,afternoon,False
3635361408280502194,Carousel,226,Sunday,17,18,5,2025,89731,9,True,False,"['goldenretrieverlovers', 'goldenretriever', 'ilovegoldens_retrievers', 'weeklyrecap', 'goldengram', 'retrieverthegolden', 'retrievers_ig', 'retrieverlifemagazine', 'photogenicdog']",73,51,0.001381892747291936,DS2,niche_only,afternoon,True
3618172768261152391,Carousel,859,Friday,0,25,4,2025,18304,10,False,False,"['padraosuperauto', 'superautomotors', 'seminovos', 'usados', 'carrosusados', 'seminovosbahia', 'webmotors', 'icarros', 'veiculosseminovos', 'seminovosba']",53,0,0.002895383774924884,DS2,niche_only,night,False
3610346254752842864,Reel,273,Monday,5,14,4,2025,144551,2,False,False,"['360tka', 'denisahopkova']",916,32,0.006558193591233604,DS2,niche_only,night,False
3690341796086477836,Video,2142,Saturday,14,2,8,2025,3949,11,False,False,"['pmrn', 'servireproteger', 'policiamilitar', 'riograndedonorte', 'brasil', 'nordeste', 'serido', 'sertao', 'nordeste', 'policia', 'parelhas']",512,16,0.13367088607594937,DS2,niche_only,afternoon,True
3651112454915121601,Image,576,Monday,10,9,6,2025,66763,1,True,False,['politicaemgoiás'],45,14,0.000883709783715775,DS2,niche_only,morning,False
3584910815859209609,Image,16,Monday,2,10,3,2025,10451,0,False,False,[],39,14,0.00507079984691925,DS2,none,night,False
3625875869919903357,Carousel,712,Monday,15,5,5,2025,18960,0,False,False,[],73,0,0.0038500079109751594,DS2,none,afternoon,False
3680894746307019921,Carousel,152,Sunday,13,20,7,2025,11313,3,False,False,"['madison', 'girl', 'mouse']",100,17,0.010341170231571504,DS2,niche_only,afternoon,True
1411859162707967250,Image,746,Friday,20,23,12,2016,5092,22,False,False,"['краснодар', 'ростов', 'krasnodar', 'rostov', 'gelendzhik', 'геленджик', 'сочи', 'москва', 'питер', 'moscow', 'stpetersburg', 'christianlouboutin', 'celine', 'fendi', 'chanel', 'dior', 'buyer', 'luxury', 'цум', 'шоппинг', 'назаказ', 'nazakaz', 'shopper', 'shopping', 'valentino', 'fendi', 'louisvuittonshoes', 'louisvuitton', 'lv', 'rossi', 'newcollection']",10,0,0.0019634792852935403,DS2,niche_only,evening,False
3692870180263123693,Image,404,Wednesday,1,6,8,2025,35715,17,True,False,"['southindianbride', 'bridallook', 'kanjeevaramsaree', 'traditionalbride', 'bridalmakeup', 'indianweddings', 'muaindia', 'artistrybygourav', 'goamakeupartist', 'bridalglow', 'desibride', 'templejewellery', 'silksaree', 'makeupbygourav', 'weddingvibes', 'southindianwedding', 'greensareelove']",73,0,0.00204390189270915,DS2,niche_only,night,False
3633361420613980399,Video,765,Thursday,23,15,5,2025,105742,0,True,False,[],5408,93,0.052022356089764805,DS2,none,evening,False
3618362845906043373,Image,387,Friday,6,25,4,2025,7451,20,False,False,"['datesandmemories', 'paperplates', 'tableprops', 'tabledecor', 'tablesetting', 'partysetup', 'partysupplies', 'decoritems', 'decorsupplies', 'propshop', 'decoritems', 'decorshopsiniponri', 'partyplannersoninstagram', 'decoratorsoninstagram', 'disposablepaperplates', 'kidspartysetup', 'kidspartydecor', 'goldpaperplate', 'goldpapercup', 'goldtableware']",13,0,0.0017444981213097155,DS2,niche_only,morning,False
3596253185392599263,Carousel,2201,Tuesday,18,25,3,2025,138886,0,False,False,[],211,2,0.0015336208572436585,DS2,none,evening,False
3622153755057421717,Carousel,261,Wednesday,11,30,4,2025,40554,0,True,False,[],9,0,0.00022192084823079768,DS2,none,morning,False
3665000280632068348,Carousel,989,Saturday,14,28,6,2025,18688,5,False,False,"['kadapapolice', 'appolice', 'roadsafty', 'wearhelmet', 'awareness']",147,0,0.007865589384129701,DS2,niche_only,afternoon,True
3471369487151453091,Carousel,138,Friday,10,4,10,2024,15431,1,True,False,"['ジバンシー', 'givenchy', '秋コスメ', '秋コスメ2024']",183,2,0.011988076723691031,DS2,niche_only,morning,False
3633274663363434128,Image,258,Thursday,20,15,5,2025,8677,0,False,False,"['братисестра', 'детки', 'психология_отношений']",27,3,0.0034570177460244295,DS2,niche_only,evening,False
3681635061389091645,Image,0,Monday,13,21,7,2025,162,0,False,False,[],7,0,0.04294478527607362,DS2,none,afternoon,False
3644350699442266836,Carousel,633,Saturday,3,31,5,2025,735695,4,False,False,"['อีเว้นท์พาสบอกโปร', 'eventpass', 'อีเว้นท์พาส', 'sy_c', 'kex', 'ส่งพัสดุไปต่างประเทศ', 'bts']",173,0,0.00023515147560949088,DS2,niche_only,night,True
2627269630585078876,Image,1547,Tuesday,19,27,7,2021,32854,31,False,False,"['lmsinnenarchitektur', 'wohnsimmerdesign', 'interiordesign', 'innenarchitektur', 'bathroomdesign', 'badezimmerinspiration', 'badezimmer', 'dusche', 'bathroom', 'bathroominspiration', 'inspiration', 'bauherrentipps', 'hausbau', 'hausbau2021', 'bauherren', 'häuslebauer', 'hausbau', 'wohnen', 'einrichtungsideen', 'einrichtungstipps', 'germaninteriorbloggers', 'whiteinterior', 'interior_verbindet', 'interiorinspiration', 'interiordesigner', 'interiorlovers', 'solebich', 'couchmagazin', 'cleanliving', 'scandihome', 'dekoideen']",305,10,0.009587581798812967,DS2,niche_only,evening,False
3582544925456538753,Image,103,Thursday,20,6,3,2025,18908,0,False,False,"['مصورات_القصيم', 'مصورات_عرائس', 'مصورات_زواج', 'الرس', 'بريده', 'عنيزه', 'الرياض']",156,0,0.00825003966365223,DS2,niche_only,evening,False
3643068233817684949,Carousel,263,Thursday,8,29,5,2025,12501,0,False,False,[],11,0,0.0008798592225243961,DS2,none,morning,False
3644115098115237790,Carousel,390,Friday,19,30,5,2025,1590,10,True,False,"['bookedentertainment', 'fantasy', 'bookstagram', 'cosplay', 'characterperformer', 'bookcosplay', 'fantasyball', 'fantasyevent', 'romantasy', 'books']",341,69,0.25769956002514144,DS2,niche_only,evening,False
3339405113959806403,Carousel,2100,Friday,9,5,4,2024,63494,6,False,False,"['erasmusuniversity', 'makingmindsmatter', 'rotterdammakeithappen', 'rotterdam', '010', 'student']",913,14,0.014599574769666904,DS2,niche_only,morning,False
3594682812574550904,Image,410,Sunday,14,23,3,2025,310831,3,True,False,"['policia', 'santafe', 'ellitoral']",151,16,0.0005372677201832501,DS2,niche_only,afternoon,True
3498171529769412949,Reel,327,Sunday,10,10,11,2024,161,8,False,False,"['thekantoexchange', 'pokemontcg', 'gottacatchemall', 'pokemoncollectors', 'kantonotcanto', 'pokémontrading', 'pokémoncommunity', 'pokemon']",48,1,0.30246913580246915,DS2,niche_only,morning,True
3424244064886515726,Image,153,Wednesday,10,31,7,2024,1515,11,False,False,"['dubai', 'dxv', 'instagram', 'instagood', 'india', 'foryou', 'creek', 'trending', 'likes', 'reach', 'mrchikku10']",79,0,0.052110817941952506,DS2,mixed,morning,False
3673635553149198371,Image,194,Thursday,12,10,7,2025,112349,12,True,False,"['success', 'careertips', 'careeradvice', 'career', 'jobhunting', 'jobsearch', 'jobinterview', 'quitting', 'communication', 'leadership', 'leaders', 'worklifebalance']",39,0,0.00034712950600801067,DS2,niche_only,afternoon,False
3601407224204051592,Carousel,1227,Tuesday,21,1,4,2025,13677,7,False,False,"['fundaçãodocâncer', 'câncer', 'cancer', 'sauderj', 'alimentacaosaudavel', 'prevencaodocancer', 'vidasaudavel']",28,0,0.0020470829068577278,DS2,niche_only,evening,False
3726972797516809079,Image,548,Monday,2,22,9,2025,17601,30,False,False,"['mazabappa', 'bappa', 'ganesh', 'ganesha', 'ganpatibappamorya', 'ganpatibappa', 'ganeshchaturthi', 'ganeshutsav', 'ganpati', 'bappamaza', 'bappamorya', 'mazabappa', 'mumbaiganpati', 'morya', 'aaimauli', 'mahalaxmi', 'devi', 'mumbaikar', 'mumbaifood', 'mumbai', 'navimumbai', 'indianphotography', 'indianpictures', 'india', 'photography', 'photooftheday', 'nikon', 'staysafe', 'goodmorning', 'maharashtra']",86,2,0.004999431882740598,DS2,niche_only,night,False
1594592968697579617,Reel,429,Friday,23,1,9,2017,435192,22,True,False,"['delts', 'bis', 'tris', 'functionalflexfriday!', 'functionalflexfitness', 'functionalflex', 'personaltrainer', 'onlinetrainer', 'fitness', 'fitspo', 'fit', 'lasvegas', 'lvac', 'lift', 'shoulders', 'biceps', 'triceps', 'arms', 'gains', 'friday', 'flexfriday', 'gainz']",3365,2,0.007736797237087913,DS2,niche_only,evening,False
3643897199408221298,Image,0,Friday,12,30,5,2025,6333,0,False,False,[],0,0,0.0,DS2,none,afternoon,False
3626280770379204162,Carousel,150,Tuesday,4,6,5,2025,7300,0,False,False,"['民陶祭', '改善点は見直します🙆\u200d♂️']",73,2,0.010272565401999726,DS2,niche_only,night,False
3630278471919936708,Image,126,Sunday,17,11,5,2025,158850,3,True,False,"['stefanzweigtr', 'book', 'kitap']",1203,1,0.007579429780108404,DS2,niche_only,afternoon,True
3603390836856001195,Carousel,2,Friday,14,4,4,2025,57570,0,False,False,[],229,10,0.004151395667957826,DS2,none,afternoon,False
3720229755385181442,Carousel,173,Friday,19,12,9,2025,5121,0,False,False,[],65,10,0.014642717688402968,DS2,none,evening,False
3661483044117644995,Carousel,27,Monday,18,23,6,2025,13132,0,False,False,[],91,0,0.006929109875885174,DS2,none,evening,False
3554516731918919685,Carousel,123,Monday,4,27,1,2025,28770,0,False,False,[],72,5,0.0026763060025720344,DS2,none,night,False
3373485821348044138,Image,1092,Wednesday,9,22,5,2024,1346,12,False,False,"['delhi', 'delhigifts', 'delhiblogger', 'delhigifthampers', 'delhiflorist', 'delhiglowershop', 'gurgaon', 'noida', 'gifts', 'love', 'delhielections', 'delhifood']",14,0,0.010393466963622866,DS2,mixed,morning,False
3764198300895498319,Image,76,Wednesday,11,12,11,2025,13667,0,False,False,[],73,8,0.005926251097453907,DS2,none,morning,False
3727090336209866449,Reel,200,Monday,6,22,9,2025,156692,1,True,False,['dmk4tn'],329,12,0.0021762299528377146,DS2,niche_only,morning,False
3623638649522441216,Carousel,236,Friday,13,2,5,2025,13160,3,False,False,"['simonefollistylist', 'cosmopolitan', 'alexwyse']",296,26,0.024466225970670923,DS2,niche_only,afternoon,False
3435962335067353811,Carousel,304,Friday,14,16,8,2024,138,32,False,False,"['canny', 'chiquita', 'chiki', 'babymonster', 'baemon', 'thai', 'lisa', 'kpop', 'kpopdance', 'kpopedit', 'kpopmemes', 'maknae', 'korea', 'koreafashion', 'koreanstyle', 'thai', 'thailand', 'thaiidol', 'idol', 'rora', 'visual', 'chiquitababymonster', 'chiquita', 'dance', 'rapper', 'beauty', 'fashion', 'koreangirl', 'blackpink', 'monstiez', 'yg', 'chiquita']",2,1,0.02158273381294964,DS2,niche_only,afternoon,False
3643284343000269582,Carousel,82,Thursday,15,29,5,2025,10499,0,False,False,[],41,0,0.003904761904761905,DS2,none,afternoon,False
1714303488136521943,Video,435,Wednesday,4,14,2,2018,5796,34,False,False,"['depressededits', 'depressededit', 'depressionedit', 'depressionedits', 'depressionvideos', 'depressedvideos', 'sadvideo', 'sadvideoedit', 'sadedit', 'sadedits', 'depressed', 'sad', 'sadquote', 'cutting', 'suicide', 'worthless', 'scar', 'scars', 'triggerwarning', 'killme', 'depression', 'edit', 'selfharmmm', 'depression', 'depressed', 'suicidal', 'broken', 'killme', 'alone', 'lonely', 'helpme', 'sad', 'sadness', 'triggerwarning']",167,1,0.02898050715887528,DS2,niche_only,night,False
3636742838323435530,Carousel,117,Tuesday,15,20,5,2025,287826,0,False,False,[],239,4,0.0008442571405740254,DS2,none,afternoon,False
3585158086035611106,Image,88,Monday,10,10,3,2025,27698,0,False,False,[],3,0,0.00010830715910321672,DS2,none,morning,False
3579385892118140066,Carousel,0,Sunday,11,2,3,2025,80246,0,True,False,[],239,5,0.003040612110110035,DS2,none,morning,True
2128824384486434650,Image,264,Monday,2,9,9,2019,3976,4,False,False,"['iamethnicstudies', 'iamethnicstudies', 'indefenseofes', 'savecaethnicstudies']",28,2,0.007543374402816193,DS2,niche_only,night,False
3451190193706545234,Carousel,260,Friday,14,6,9,2024,185893,7,True,False,"['opinailsuki', 'pumpkinspicelatte', 'lattenails', 'coffeeorder', 'nailinspo', 'coffeenails', 'cappuchinonails']",582,13,0.0032007488138401457,DS2,niche_only,afternoon,False
3551025629040740946,Video,197,Wednesday,8,22,1,2025,4962,10,False,False,"['hoorwhiteningcream', 'whiteningbooster', 'dullskinsolution', 'skin', 'skincare', 'beauty', 'acneout', 'acnetreatment', 'lifestyle', 'reelsinstagram']",5,0,0.0010074551682450132,DS2,niche_only,morning,False
3614724945238773426,Image,44,Sunday,6,20,4,2025,14795,2,False,False,"['easter', 'teamnhsg!']",9,0,0.0006082725060827251,DS2,niche_only,morning,True
3496483961143467847,Carousel,211,Friday,2,8,11,2024,68351,0,False,False,"['아기사과즙', '나는사과에오']",73,2,0.0010972612359550563,DS2,niche_only,night,False
3628767204916518772,Carousel,27,Friday,14,9,5,2025,55773,0,False,False,[],521,2,0.009377129128267651,DS2,none,afternoon,False
3410447827843981097,Reel,235,Friday,10,12,7,2024,20726,0,True,False,[],621,21,0.03097409176436532,DS2,none,morning,False
3360607519925708979,Reel,194,Saturday,15,4,5,2024,875,6,False,False,"['maythe4thbewithyou', 'starwars', 'starwarsday', 'maythefourthbewithyou', 'vietnam', 'vietnamwar']",2,0,0.00228310502283105,DS2,niche_only,afternoon,True
3694477294686643962,Image,0,Friday,6,8,8,2025,28625,0,True,False,[],3,0,0.00010479983232026829,DS2,none,morning,False
2908786572545982191,Carousel,1138,Saturday,5,20,8,2022,117616,3,False,False,"['valléelys', 'コーディネート', 'coordinate', 'laforet_h', 'ラフォーレ原宿']",500,6,0.00430209918634211,DS2,niche_only,night,True
2845944816514912164,Carousel,289,Wednesday,12,25,5,2022,46439,0,False,False,[],15,0,0.00032299741602067185,DS2,none,afternoon,False
3441141076381576866,Image,434,Friday,18,23,8,2024,120,23,False,False,"['silk', 'silksarees', 'kanchi', 'kanchipuram', 'kanchivaram', 'kanchicanada', 'purehandloomsaree', 'dharmavaram', 'bridal', 'bridalblouse', 'bridalsarees', 'maggam', 'maggamworkblouse', 'readymade', 'tassels', 'india', 'hyderabad', 'canada', 'usa', 'indiausafamily', 'indocanadafashion', 'indiantraditionalwear', 'slvdesigners']",6,0,0.049586776859504134,DS2,niche_only,evening,False
3584432018239613919,Carousel,516,Sunday,10,9,3,2025,48840,4,False,False,"['ayancık', 'satılık', 'kiralık', 'ayancıkemlak']",477,24,0.010257775229827399,DS2,niche_only,morning,True
3631092885843805524,Image,161,Monday,20,12,5,2025,16230,10,False,False,"['woman', 'infinityfashion', 'infinityfashionshoponline', 'shoponline', 'instafashion', 'instalike', 'infinityfashion', 'shop', 'shoponline', 'spring']",4,0,0.00024644199371572914,DS2,niche_only,evening,False
3611688771074922778,Image,69,Wednesday,1,16,4,2025,10010,0,False,False,[],73,1,0.007391868944161422,DS2,none,night,False
3390471238898353260,Carousel,86,Friday,20,14,6,2024,38,9,False,False,"['rome', 'roma', 'italy', 'italia', 'photo', 'photograph', 'photographs', 'photooftheday', 'photographs']",9,0,0.23076923076923078,DS2,niche_only,evening,False
3575763760163142721,Image,629,Tuesday,11,25,2,2025,5894,2,False,False,"['mirrorsister', 'ถ่ายจากสินค้าจริง', 'งานป้ายmirrorsister', '41019.6']",0,0,0.0,DS2,niche_only,morning,False
3637878572907019916,Carousel,394,Thursday,4,22,5,2025,9939,2,False,False,"['srksameerkhan7', 'srksameerkhan7']",49,0,0.004929577464788733,DS2,niche_only,night,False
3454434451041833224,Image,153,Wednesday,2,11,9,2024,2083041,0,True,False,[],54874,1378,0.02700473634233011,DS2,none,night,False
3728617109070217926,Image,247,Wednesday,9,24,9,2025,3401,1,False,False,['jph_krpasabuy'],1,0,0.00029394473838918284,DS2,niche_only,morning,False
2682918029975264526,Carousel,189,Tuesday,14,12,10,2021,11242,1,False,False,['bukulüpteişvar'],19,0,0.0016899404073645824,DS2,niche_only,afternoon,False
3471445561004950979,Image,316,Friday,13,4,10,2024,88389,8,False,False,"['stockmarketindia', 'trading', 'tradingstrategy', 'stockinmarket', 'marketupdate', 'investment', 'investing', 'trade']",73,0,0.0008258852811404005,DS2,niche_only,afternoon,False
3607735097082174931,Image,19,Thursday,14,10,4,2025,46118,1,False,False,['tor_se_mohabbat🥀✨❤'],1252,13,0.027429042260239813,DS2,niche_only,afternoon,False
3627816091196264632,Carousel,486,Thursday,7,8,5,2025,52802,0,False,False,[],18,5,0.00043558131166789764,DS2,none,morning,False
3655754902194518887,Carousel,14,Sunday,20,15,6,2025,32631,0,False,False,[],58,1,0.0018080411865653346,DS2,none,evening,True
3427352060665274615,Carousel,33,Sunday,17,4,8,2024,838449,0,False,False,[],2191,39,0.002659669628481126,DS2,none,afternoon,True
3645062698183244172,Carousel,576,Sunday,2,1,6,2025,23200,1,False,False,"['모슈', '모슈워터저그', '워터저그', '워터저그추천', '캠핑워터저그', '캠핑용품', '캠핑장비', 'mosh', '캠리크']",73,87,0.006896254471790009,DS2,niche_only,night,True
3455878798219286009,Reel,608,Friday,2,13,9,2024,2184574,0,True,False,[],568,275,0.0003858874151722875,DS2,none,night,False
3670827702289482979,Image,630,Sunday,15,6,7,2025,209560,0,False,False,[],787,8,0.003793644809864431,DS2,none,afternoon,True
3634596554312495881,Carousel,113,Saturday,16,17,5,2025,2620971,1,False,False,['lolababe'],73,4,2.9378413809838486e-05,DS2,niche_only,afternoon,True
3648490918572066993,Image,0,Thursday,20,5,6,2025,31225,0,True,False,[],432,11,0.014186895535771472,DS2,none,evening,False
3631075420058308254,Carousel,113,Monday,19,12,5,2025,60425,1,False,False,['wowsurprises'],73,0,0.0012080892331115744,DS2,niche_only,evening,False
3711174990340340216,Image,182,Sunday,7,31,8,2025,1514,14,False,False,"['lineablusuperstore', 'seguiilcarrello', 'desantis', 'olio', 'oliodisansa', 'oliodesantis', 'offerta', 'prezzibassisempre', 'aversa', 'aversagram', 'aversafood', 'aversacittà', 'agroaversano', 'vieniatrovarci']",2,0,0.0013201320132013201,DS2,niche_only,morning,True
3651560574337919318,Image,160,Tuesday,1,10,6,2025,403311,0,False,False,[],2961,94,0.007574780814853017,DS2,none,night,False
3498925034075616839,Carousel,268,Monday,11,11,11,2024,6700,3,False,False,"['bukitdinding', 'momlife', 'newexperiences']",76,5,0.01208774809729891,DS2,niche_only,morning,False
3792808642295540316,Image,57,Monday,1,22,12,2025,27842,1,True,False,['setforsummer'],4,0,0.00014366268002729592,DS2,niche_only,night,False
3792695912515641901,Reel,87,Sunday,19,21,12,2025,1569879,0,True,False,[],1395,16,0.0008987948123423446,DS2,none,evening,True
3258989370924482197,Video,746,Saturday,10,16,12,2023,68156,28,True,False,"['advent', 'rest', 'babyjesus', 'jesusisthereasonfortheseason', 'waiting', 'journal', 'letgo', 'goalsetting', 'changeyourmorningchangeyourlife', 'vulnerability', '3monthsofservice', 'thrive', 'iinhealthcoach', 'nonnegotiable', 'prayer', 'faithfamilyfitness', 'partyoffive', 'eatsleepmove', 'jesus', 'wisdom', 'shareyourstory', 'faith', 'grace', 'somethinggood', 'presentoverperfect', 'authorsofinstagram', 'wheresmycrown', 'linkinbio']",685,42,0.010666549290608448,DS2,niche_only,morning,True
2409421906276432261,Image,19,Wednesday,5,30,9,2020,2207429,0,True,False,[],10414,54,0.004742166229506711,DS2,none,night,False
3314592266284516976,Image,658,Saturday,3,2,3,2024,738,29,False,False,"['swamiworldtourism', 'pune', 'kashmirtour', 'kashmir', 'summertrip', 'plane', 'shrinagar', 'dallake', 'tourism', 'summervibes', 'tulipsgarden', 'pahalgam', 'deluxhotel', 'tourismofandaman', 'bhunandanvan', 'island', 'destinationhoneymoon', 'tour', 'trip', 'tours', 'traveltours', 'traveltourism', 'traveltheworld', 'traveldiary', 'travelguide', 'travel', 'travelling', 'vacation', 'explore']",1,0,0.0013531799729364006,DS2,mixed,night,True
3416255213231445859,Carousel,126,Saturday,9,20,7,2024,441,10,False,False,"['viral', 'trendingreels', 'sadsongs', 'sad', 'sadedits⚫️', 'phoo', 'photographers', 'photooftheday', 'photogram', 'photography']",47,16,0.1425339366515837,DS2,mixed,morning,True
3601209254364959055,Carousel,125,Tuesday,14,1,4,2025,7371,0,True,False,[],59,3,0.008410200759631037,DS2,none,afternoon,False
2956163582749731275,Image,1182,Monday,14,24,10,2022,277318,1,True,False,['mybhubaneswar'],3069,6,0.011088313458508072,DS2,niche_only,afternoon,False
3579752162994034663,Image,128,Sunday,23,2,3,2025,6585,3,False,False,"['not', 'tax', 'pushstart']",3,0,0.00045551169146674765,DS2,niche_only,evening,True
3162844968769758906,Reel,77,Saturday,18,5,8,2023,396093,0,False,False,[],7758,64,0.0197478376345009,DS2,none,evening,True
3635955045256281934,Image,127,Monday,13,19,5,2025,416750,0,True,False,[],19,0,4.559077242766064e-05,DS2,none,afternoon,False
2610719269288372116,Image,36,Sunday,23,4,7,2021,2082,0,False,False,[],83,4,0.041766682669227076,DS2,none,evening,True
3457798560947570960,Image,432,Sunday,17,15,9,2024,37201,24,True,False,"['art', 'interiorstyle', 'artistsoninstagram', 'modernart', 'hardedgepainting', 'abstract', 'geometry', 'midcenturyinspired', 'contemporarysculpture', 'japandi', 'minimalabstract', 'contemporaryart', 'artistoninstagram', 'scandinaviandesign', 'constructedpainting', 'abstractart', 'geometric', 'shapes', 'interiordesign', 'hardedge', 'geometricart', 'geometricabstraction', 'midcenturymodern', 'hardedgepainting']",152,2,0.004139562389118865,DS2,niche_only,afternoon,True
3028643030748429321,Reel,111,Wednesday,14,1,2,2023,730184,0,True,False,[],1774,6,0.002437738381369105,DS2,none,afternoon,False
3639310852815669965,Image,12,Saturday,4,24,5,2025,2746354,0,True,False,[],34071,310,0.012518774885257005,DS2,none,night,True
3447351717453354554,Image,594,Sunday,7,1,9,2024,1371,27,False,False,"['devak_kalji', 'mumbaicha_utsav', 'mumbaichaganeshotsav', 'india', 'instagram', 'instagood', 'instadaily', 'instalike', 'instamood', 'instaphoto', 'reelitfeelit', 'photography', 'art', 'music', 'photooftheday', 'reels', 'funnyvideos', 'funnyreels', 'reelsindia', 'viralreels', 'bappavideo', 'bappastatus', 'bappalover', 'bappacomingsoon', 'bappareels', 'ganpatiphotography', 'ganpatibappamorya']",125,1,0.09183673469387756,DS2,mixed,morning,True
3424364897759871701,Image,297,Wednesday,14,31,7,2024,1731,27,False,False,"['style', 'follow', 'like', 'fashion', 'instagood', 'photooftheday', 'picoftheday', 'smile', 'girl', 'followme', 'instalike', 'cute', 'instadaily', 'me', 'beautiful', 'food', 'art', 'selfie', 'fun', 'friends', 'look', 'igers', 'happy', 'nature', 'bestoftheday', 'model', 'captionplus']",299,8,0.17725173210161663,DS2,mixed,afternoon,False
3463463239904805609,Carousel,383,Monday,13,23,9,2024,907,11,False,False,"['復古即影即有', '數碼攝影', '拍片現場', '即影即有', '攝影師', '人像攝影', '攝影日常', '拍片日常', '舊式即影即有', '攝錄師', '復古即影即有', '工作紀錄', 'photooftheday', 'mobilephotography', 'photosharingsharedhappiness', 'videoediting', 'kyps生活紀錄', 'photography', 'videooftheday', 'hongkong', 'hk', 'videographer', 'photographer']",4,0,0.004405286343612335,DS2,niche_only,afternoon,False
3662234756515476588,Carousel,364,Tuesday,19,24,6,2025,10381,9,False,False,"['udsalg', 'sommerferie', 'rejse', 'badeleg', 'strand', 'lässig', 'quuttoys', 'duukies', 'elleporte']",11,0,0.0010595261028703525,DS2,niche_only,evening,False
3661313300617035226,Image,228,Monday,12,23,6,2025,25979,16,False,False,"['silver925', 'jools', 'joolsilver', 'jewelry', 'jewellery', 'fashion', 'greekfashion', 'greekbrand', 'style', 'chic', 'bling', 'instalove', 'glam', 'bracelet', 'silverjewelry', 'earringstagram']",203,0,0.007813702848344881,DS2,niche_only,afternoon,False
3683806602331404200,Image,663,Thursday,13,24,7,2025,14379,0,False,False,[],19,1,0.0013908205841446453,DS2,none,afternoon,False
2277772919547594369,Image,293,Wednesday,14,1,4,2020,276670409,0,True,False,[],425076,4021,0.001550932027750998,DS2,none,afternoon,False
3679441357022968063,Image,523,Friday,13,18,7,2025,898,10,False,False,"['longevity', 'ancientroots', 'atharvaveda', 'wisdom', 'biohackinglongevity', 'oasiom', 'healthspan', 'vedicknowledge', 'deepdive', 'community']",28,1,0.03225806451612903,DS2,niche_only,afternoon,False
3576560865639770680,Image,327,Wednesday,14,26,2,2025,913552,10,True,False,"['tecnologia', 'inteligênciaartificial', 'ia', 'dating', 'namoro', 'relações', 'tinder', 'bumble', 'grindr', 'hinge']",1772,48,0.001992221578824655,DS2,niche_only,afternoon,False
3583765542017969388,Image,64,Saturday,12,8,3,2025,97360,0,False,False,[],2375,23,0.02462998531239408,DS2,none,afternoon,True
3400960410645496243,Image,355,Saturday,7,29,6,2024,676,1,False,False,['inspiration'],16,0,0.023633677991137372,DS2,niche_only,morning,True
2045605414956795075,Image,30,Friday,6,17,5,2019,62461,0,False,False,[],325,8,0.005331241394768019,DS2,none,morning,False
3661503557919797742,Image,1229,Monday,19,23,6,2025,61020,15,True,False,"['martinis', 'cocktails', 'nycbar', 'nycdrinks', 'drinks', 'lightbites', 'happyhour', 'happyhournyc', 'brunchideas', 'nycbrunchideas', 'thingstodo', 'asianfusionlongisland', 'longislandhappyhour', 'hicksville', 'hicksvillerestaurant']",19,2,0.00034414381934088267,DS2,niche_only,evening,False
3769737192751102394,Image,99,Thursday,3,20,11,2025,690223,1,True,False,['kimsontan'],45,3,6.95426412295139e-05,DS2,niche_only,night,False
3745708886562247285,Carousel,657,Friday,23,17,10,2025,83532,14,True,False,"['sebraems', 'empreendedorismo', 'somossebrae', 'pequenosnegocios', 'roledasemana', 'curso', 'missão', 'oficina', 'curso', 'rotabioceânica', 'portugal', 'argentina', 'chile', 'paraguai']",43,2,0.0005387092526306968,DS2,niche_only,evening,False
3181927957214818942,Reel,1554,Friday,3,1,9,2023,25534,6,False,False,"['democrats', 'dumbasdoorknobs', 'gullibleashell', 'takingusalldownwiththem', 'americaisgone', 'whendoesthecivilwarstart']",123,11,0.005247699236342275,DS2,niche_only,night,False
3602730146438291771,Carousel,867,Thursday,16,3,4,2025,20451,0,False,False,[],67,7,0.003618228046156855,DS2,none,afternoon,False
3536821945843258727,Carousel,379,Thursday,18,2,1,2025,23326,5,False,False,"['sewingpattern', 'dressdesign', 'fashionsewing', 'sewingaddict', 'outfitinspiration']",135,0,0.005787285120246924,DS2,niche_only,evening,False
3406658510824147478,Carousel,388,Sunday,4,7,7,2024,14890,30,False,False,"['likes', 'like', 'follow', 'likeforlikes', 'love', 'instagood', 'instagram', 'followforfollowback', 'followme', 'photooftheday', 'photography', 'bhfyp', 'instalike', 'l', 'instadaily', 'likeforfollow', 'picoftheday', 'fashion', 'beautiful', 'me', 'followers', 'smile', 'likeforlike', 'myself', 'followback', 'f', 'comment', 'followforfollow', 'likesforlikes', 'art']",510,0,0.03424887515949231,DS2,mixed,night,True
3094360258136013994,Image,415,Wednesday,6,3,5,2023,29714,22,False,False,"['dogsworldplus', 'doggomemes', 'funnydogmemes', 'cutedogs', 'puppyfever', 'funnydogs', 'puppies', 'dogsdoingthings', 'puppielove', 'puppyfever', 'dogmemeofinsta', 'gooddogs', 'dogsarelife', 'pups', 'dogsand', 'puppy8', 'dogsarelife', 'puppylove', 'happypup', 'doggo', 'funnydogvideos', 'dogmemes']",1813,5,0.06118122160524987,DS2,niche_only,morning,False
3650208805925010014,Image,171,Sunday,5,8,6,2025,22525,5,True,False,"['leserbild', 'luzern', 'gaensesaeger', 'luzernerzeitung', 'lz_gram']",141,4,0.0064370061262541065,DS2,niche_only,night,True
3505182449649400776,Carousel,474,Wednesday,2,20,11,2024,127858,3,False,False,"['filmwan', 'filmwanitaahlineraka', 'wanitaahlineraka']",73,0,0.0005709414276664138,DS2,niche_only,night,False
2875025311307192471,Image,423,Monday,15,4,7,2022,1194,28,False,False,"['shalom', 'love', 'tshirt', 'light', 'thankful', 'gratitude', 'fringe', 'hebrew', '111', 'fashion', 'kindness', 'unity', 'sympathy', 'wisdom', 'understanding', 'israel', 'family', 'over', 'everything', 'strength', 'endurance', 'mypeepsbesobeautiful', 'lets', 'endure', 'dna', 'loyalty', 'royalty', 'allpraisestothemosthighgod']",0,1,0.0008368200836820083,DS2,mixed,afternoon,False
3474916257311730964,Carousel,536,Wednesday,8,9,10,2024,1529594,9,True,False,"['couplegoals', 'lehenga', 'varmala', 'candid', 'coupleportrait', 'wedmegood', 'indianbride', 'indianwedding', 'weddings']",3845,21,0.0025274664208499637,DS2,niche_only,morning,False
3603120951287666926,Image,10,Friday,5,4,4,2025,32209,0,False,False,[],47,0,0.0014591741695125738,DS2,none,night,False
3653093496669902989,Image,370,Thursday,4,12,6,2025,4203,6,False,False,"['weddinginspiration', 'weddingphotography', 'ambonlensaphotography', 'weddingphoto', 'nikond850', 'nikonindonesia']",131,3,0.031874405328258804,DS2,niche_only,night,False
3613831526886164727,Image,207,Saturday,0,19,4,2025,4212,0,True,False,[],39,0,0.009257061476382625,DS2,none,night,True
3631538031673974166,Carousel,471,Tuesday,10,13,5,2025,8192,6,False,False,"['carseatbayi', 'carseat', 'carrier', 'spacebabysb1655', 'carrierbayi', 'carseatnewborn']",0,0,0.0,DS2,niche_only,morning,False
3098935057220809813,Video,271,Tuesday,14,9,5,2023,130232,5,True,False,"['travelwithkids', 'kidsluggage', 'kidsreels', 'funnyrweos', 'trendingsongs']",25735,58,0.1980527208925541,DS2,niche_only,afternoon,False
3676477005459330600,Carousel,14,Monday,10,14,7,2025,99040,0,False,False,[],146,4,0.0015145242879211639,DS2,none,morning,False
3633023347929500283,Carousel,40,Thursday,11,15,5,2025,130565,0,True,False,[],717,16,0.005614018963589296,DS2,none,morning,False
3121622407529199583,Image,596,Friday,21,9,6,2023,854,16,False,False,"['one2onediet', 'weightloss', 'dieting', 'weightlossjourney', '121dietbycwp', '121diet', 'lowcaloriediet', 'cwpweightloss', '50daychallenge', 'weightlossaccount', 'healthyeating', 'rapidweightloss', 'weightlossblogger', 'dietcommunity', 'weightlossuk', 'nowornevernow']",2,0,0.0023391812865497076,DS2,niche_only,evening,False
3735160631751449773,Image,158,Friday,10,3,10,2025,20594,0,True,False,[],43,0,0.002087885409079874,DS2,none,morning,False
3583618225209223783,Image,203,Saturday,7,8,3,2025,43823,7,False,False,"['happywomensday', 'internationalwomensday', 'happyinternationalwomensday❤️', 'womenday2025', 'internationalwomensday❤️', 'womensday', 'happpywomensday♥️']",73,12,0.001939576487769259,DS2,niche_only,morning,True
3388166207778737440,Video,163,Tuesday,15,11,6,2024,69491,3,True,False,"['coolwaterreborn', 'davidoffparfums', 'davidoffcoolwater']",305,4,0.004446554999136591,DS2,niche_only,afternoon,False
3382992943041535560,Reel,92,Tuesday,12,4,6,2024,8930,0,False,False,[],40,5,0.0050386294927779645,DS2,none,afternoon,False
3650638584665069247,Image,343,Sunday,19,8,6,2025,57622,6,False,False,"['odiario', 'odiariodemogi', 'suzano', 'celulose', 'kimberlyclark', 'altotietê']",592,3,0.010325737986567864,DS2,niche_only,evening,True
3592383176569515212,Carousel,235,Thursday,10,20,3,2025,12351,0,True,False,[],73,61,0.010848445595854923,DS2,none,morning,False
3631885719674666694,Carousel,559,Tuesday,22,13,5,2025,6151,0,False,False,[],62,9,0.011540962288686606,DS2,none,evening,False
3719799542545333975,Carousel,342,Friday,5,12,9,2025,111085,0,True,False,"['쉬프트앤', '시뮬런트다이아몬드', '주얼리코디']",73,0,0.0006571485155645176,DS2,niche_only,night,False
3607119852915698722,Video,205,Wednesday,18,9,4,2025,38342,17,False,False,"['instagram', 'trendingreels', 'fypシ', 'reelsinstagram', 'explore', 'fyp', 'explorepage', 'explorëpagë', 'reelitfeelit', 'reelsvideo', 'trending', 'viral', 'viralvideo', 'transformation', 'transition', 'montegrande', 'funkchallenge']",348,13,0.009415017082648724,DS2,mixed,evening,False
3565751325306965833,Image,1385,Tuesday,16,11,2,2025,18274,5,False,False,"['violênciadoméstica', 'mulher', 'delegacia', 'políciamilitar', 'rioverde']",21,0,0.0011491108071135432,DS2,niche_only,afternoon,False
3644402996414644813,Carousel,53,Saturday,4,31,5,2025,49081,0,False,False,[],4,0,8.149627154557679e-05,DS2,none,night,True
3403130230238817939,Reel,1795,Tuesday,7,2,7,2024,154475,12,True,False,"['run2food', 'cookiedough', 'vegantreats', 'veganbreakfast', '3ingredients', 'vegandesserts', 'freezerfudge', 'easydesserts', 'glutenfreedesserts', 'healthydessert', 'highproteinvegan', 'macrofriendly']",934,121,0.006829539863797612,DS2,niche_only,morning,False
3701185530668340069,Carousel,252,Sunday,13,17,8,2025,23206,7,False,True,"['pr', 'toccocloset', 'tocco', 'トッコクローゼット', 'トッコ', '渋谷', '渋谷デート', '渋谷カフェ', '宇田川カフェ', 'アイドル', 'サロモ', 'olコーデ', 'olファッション', 'swingle', 'diana']",73,20,0.004007411556857844,DS2,niche_only,afternoon,True
3732190090744353598,Image,143,Monday,7,29,9,2025,15479,1,True,False,['theleojewels'],25,1,0.0016795865633074936,DS2,niche_only,morning,False
3683316782351308501,Reel,1114,Wednesday,21,23,7,2025,131251,12,True,False,"['preparedtofightfire', 'firefighting', 'fitness', 'fit', 'motivate', 'standards', 'firefighters', 'firefighter', 'firefighting', 'fires', 'fire', 'firetraining']",246,1,0.0018818760856977416,DS2,niche_only,evening,False
3617020095365503906,Carousel,1134,Wednesday,10,23,4,2025,33106,0,True,False,[],809,3,0.024526535173830306,DS2,none,morning,False
2973886143642196430,Image,69,Friday,1,18,11,2022,9215,0,False,False,[],70,1,0.007703993055555556,DS2,none,night,False
3657879892285009546,Image,0,Wednesday,19,18,6,2025,81441,0,False,False,[],14,3,0.00020873750644630535,DS2,none,evening,False
2537299636204244032,Carousel,247,Thursday,16,25,3,2021,2014,10,False,False,"['tuminj', 'peruvianfood', 'peruvianrestaurant', 'njrestaurant', 'elizabethnj', 'lindennj', 'lunchspecial', 'eatnj', 'instafood', 'unioncountynj']",3,0,0.001488833746898263,DS2,niche_only,afternoon,False
3645494684472260564,Image,647,Sunday,16,1,6,2025,7864,1,True,False,['thelastdance'],344,6,0.04450095359186268,DS2,niche_only,afternoon,True
3637607397683181486,Image,484,Wednesday,19,21,5,2025,23179,3,False,False,"['coopnacop30', 'sustentabilidade', 'sistemaocb']",20,0,0.0008628127696289905,DS2,niche_only,evening,False
2597076114461424756,Image,1597,Wednesday,3,16,6,2021,466,14,False,False,"['edobeautylab', 'komatsuna', 'edomono', 'eatyourgreens', 'greenmeansglow', 'wellnesswednesday', 'superfoods', 'japanesefood', 'greenbeauty', 'greenskincare', 'superfoodskincare', 'indiebeautybrand', 'farmtoface', 'plantbasedskincare', 'グリーンビューティー', 'スーパーフード', '小松菜', '江戸川区', '小松菜の力で健康美人に', '野菜不足', '緑黄色野菜', '地域活性化', '植物の力', '江戸川区', '手作り化粧品', '自然派ママ', '自然派化粧品', 'エドビューティーラボ']",67,12,0.16916488222698073,DS2,niche_only,night,False
3659316139928505336,Image,253,Friday,18,20,6,2025,46457,8,True,False,"['સફળતા', 'gujaratiroyallook', 'selfmademan', 'attitudegujarati', 'successvibes', 'gujaratipersonality', 'kingstyle', 'gujaratiswag', 'gentlemanlook', 'સફળતાનોપંથ', 'મારોરસ્તોઅલગછે']",524,15,0.011601876964139652,DS2,niche_only,evening,False
3072176396766809625,Video,177,Sunday,16,2,4,2023,11534,0,False,False,[],30,2,0.0027741655830082357,DS2,none,afternoon,True
3130865688041654819,Video,313,Thursday,15,22,6,2023,3153,8,False,False,"['rulenumbereveryday', 'seizetheday', 'thrivetribe', 'friendships', 'community', 'goals', 'unstoppablelegends', 'travel']",75,8,0.02631578947368421,DS2,niche_only,afternoon,False
3582850793415373523,Image,343,Friday,6,7,3,2025,1898,3,False,False,"['ripleysbelieveitornot', 'ripleysreview', 'ริบลีส์เชื่อหรือไม่', 'ริบลีส์พัทยา', 'พัทยามิวสิคเฟสติวัล2025', 'pattayamusicfestival2025', 'เทศกาลดนตรีพัทยา']",3,0,0.001579778830963665,DS2,niche_only,morning,False
3438681605927865633,Carousel,294,Tuesday,8,20,8,2024,11901,19,False,False,"['superluna', 'luna', 'bluemoon', 'moon', 'hiking', 'trekking', 'natura', 'night', 'silence', 'tramonto', 'pollina', 'pollinaadventure', 'cefalù', 'goleditiberio', 'madonieapassolento', 'discovery', 'photooftheday', 'photographer', 'superluna2024']",90,0,0.0075617543270038645,DS2,niche_only,morning,False
3623593367847621726,Carousel,610,Friday,11,2,5,2025,255290,5,False,False,"['1051040140', '1051020100', '1051050190', '1051060400', 'olivedesolive', 'オリーブデオリーブ', '韓国コーデ', '韓国ファッションコーデ', '春コーデ', '春服コーデ', '夏コーデ', '夏服コーデ', '置き画倶楽部', '置き画くらぶ', '置き画くら部', 'シェルデザイン', '貝殻', 'ガーリーコーデ', 'カジュアルコーデ']",158,1,0.0006228186657578998,DS2,niche_only,morning,False
3599855719309964086,Image,549,Sunday,17,30,3,2025,1212,0,False,False,"['نوروز', 'سفر', 'موزیک', 'نوازنده', 'دلار', 'اکسبلور', 'شهرضا', 'راهداری']",451,31,0.3973619126133553,DS2,niche_only,afternoon,True
3434529158880458002,Carousel,715,Wednesday,15,14,8,2024,12078,28,False,False,"['animeedits', 'animecontent', 'ace', 'animeworld', 'animereels', 'anime', 'onepiecereels', 'onepieceworld', 'onepieceedit', 'onepiece', 'oc', 'luffy', 'sabo', 'emotions', 'emotional', 'aot', 'dbz', 'naruto', 'bleach', 'viralreels', 'viralcontent', 'viral', 'reels', 'insane', 'goku', 'gojosatoru', 'eren', 'monkeydluffy']",2605,3,0.2159119132378508,DS2,mixed,afternoon,False
3655116027378142272,Carousel,1277,Saturday,23,14,6,2025,7077,21,False,False,"['sanantoniotx', 'godsdogsatx', 'rescuedog', 'adoptdontshop', 'fosteringsaveslives', 'sanantoniotx', 'rescue', 'rewritetheirfuture', 'fureverhome', 'rescuestory', 'doglovercommunity', 'thisiswhywerescue', 'fureverhome', 'animalovers', 'blackdogsrule', 'blackdog', 'blackdogsofinstagram', 'blacklab', 'blacklabrador', 'blacklabsofinstagram', 'blacklabradorretriever']",25,0,0.0035320712065555243,DS2,niche_only,evening,True
3404633949608414921,Carousel,223,Thursday,9,4,7,2024,1578,14,False,False,"['portrait', 'likesforlike', 'photography', 'photooftheday', 'photoshoot', 'instalike', 'instagood', 'instapost', 'liketime', 'repost', 'explore', 'explorepage', 'editing', 'photoediting']",73,0,0.04623179227359088,DS2,mixed,morning,False
3553444300932983567,Reel,259,Saturday,16,25,1,2025,22624,5,False,False,"['grwm', 'makeup', 'grmwreels', 'foryou', 'viralvideo']",73,9,0.0036243093922651935,DS2,mixed,afternoon,True
3624680409113357861,Image,1398,Saturday,23,3,5,2025,22657,0,False,False,[],145,0,0.006399505693353341,DS2,none,evening,True
3427075215194483777,Image,533,Sunday,8,4,8,2024,2902,24,False,False,"['everybodylovesmamaosteria', 'igerssicilia', 'igersitalia', 'igers', 'siciliabedda', 'igersitalia', 'isoleegadi', 'regionesicilia', 'photography', 'photogram', 'busiate', 'freshfish', 'choosethebestfucktherest', 'photooftheday', 'photoeveryday', 'choosethebestfucktherest', 'storiedisottosale', 'fishordie', 'everybodylovesmamaosteria', 'gourmet', 'cheflife', 'cheflifestyle', 'photogram', 'photooftheday']",73,5,0.02686875645883569,DS2,niche_only,morning,True
3690933223898277734,Carousel,604,Sunday,9,3,8,2025,34822,4,False,False,"['グリーンビーントゥバーチョコレート', 'greenbeantobarchocolate', 'チョコレートパフェ', 'chocolateparfait', 'パフェ', 'tenjincafe', 'fukuokacafe', '天神パフェ']",177,0,0.005082847543290354,DS2,niche_only,morning,True
3577214710183109275,Image,13,Thursday,11,27,2,2025,17942,0,False,False,[],38,1,0.0021735495736498914,DS2,none,morning,False
3374030945413474123,Image,427,Thursday,3,23,5,2024,376058,28,False,False,"['quotes', 'poetryquotes', 'quote', 'quoteoftheday', 'lovequotes', 'quotesaboutlife', 'quotesdaily', 'motivationalquotes', 'poetsofinstagram', 'thegoodquote', 'igquotes', 'quotesforever', 'quotesgram', 'poetssociety', 'happyquotes', 'shortquotes', 'wordsporn', 'poetryporn', 'writings', 'wordhue', 'explore', 'explorefeed', 'writerscommunity', 'care', 'poetry', 'writersofinstagrampeave', 'alone', 'linestoconnect']",2572,12,0.006871262222151312,DS2,mixed,night,False
3710365034586791453,Carousel,495,Saturday,5,30,8,2025,2251974,0,True,False,[],293,0,0.00013010801629680614,DS2,none,night,True
3534498486370945887,Image,340,Monday,13,30,12,2024,14073,4,True,False,"['successstory', 'cafinal', 'air', 'idt']",21,0,0.001492113116384823,DS2,niche_only,afternoon,False
3467073192666066969,Image,262,Saturday,12,28,9,2024,21,6,False,False,"['drsandeepgoele', 'mindbodyconnection', 'holistichealth', 'physicalhealth', 'mentalhealth', 'mobilitymatters']",2,0,0.09090909090909091,DS2,niche_only,afternoon,True
3469309011038876939,Image,351,Tuesday,14,1,10,2024,1888,28,False,False,"['romantic', 'romanticcouples', 'romanticvideos', 'romancatholic', 'romanreigns', 'urdupoetry', 'urduadab', 'poetry', 'poetrylovers', 'poetryisnotdead', 'sadqoutes', 'sadpoetry', 'sadshayari', 'love', 'lovequotes', 'loveyourself', 'lovestory', 'lovewins', 'loveislove', 'fyp', 'foryou', 'trending', 'trendingreels', 'reelsinstagram', 'sadreels', 'aesthetic', 'ａｅｓｔｈｅｔｉｃ', 'aestheticphotography', 'lovereels']",92,0,0.048703017469560614,DS2,mixed,afternoon,False
3631117855116478439,Image,303,Monday,20,12,5,2025,2076,0,False,False,[],4,0,0.0019258545979778526,DS2,none,evening,False
3690328075556772100,Image,362,Saturday,13,2,8,2025,411682,0,True,False,[],792,0,0.0019238103103601557,DS2,none,afternoon,True
3434001916889992535,Image,267,Tuesday,21,13,8,2024,1275,15,False,False,"['naruto', 'kimetsunoyaiba', 'onepiece', 'saintseiya', 'sailormoon', 'ranma', 'evangelion', 'anime', 'culturajaponesa', 'gastronomiajaponesa', 'okonomiyaki', 'sumo', 'japan', 'taiko', 'matsuri']",73,0,0.05721003134796238,DS2,niche_only,evening,False
3711667075178137223,Image,33,Monday,0,1,9,2025,183883,0,False,False,[],6783,60,0.03721367818842314,DS2,none,night,False
3611620817748569465,Carousel,1490,Tuesday,23,15,4,2025,8169,14,True,False,"['pearlantonacci', 'bocaraton', 'southflorida', 'southfloridarealestate', 'realtorsofinstagram', 'justlisted', 'newlisting', 'bocaratonfl', 'downtownboca', 'sellingsouthflorida', 'bocaratonrealestate', 'gatedcommunity', 'townhomeliving', 'bocaratonflorida']",905,29,0.11432068543451653,DS2,niche_only,evening,False
3458886505591209651,Carousel,378,Tuesday,5,17,9,2024,138338,25,True,False,"['onam', 'onamcelebration', 'onamspecial', 'onamvibes', 'festival', 'fashion', 'fashionstyle', 'tradition', 'traditional', 'pattupavada', 'photo', 'photooftheday', 'naturephotography', 'photoshoot', 'photographers', 'instaphoto', 'india', 'kidsfashion', 'kidswear', 'sister', 'twins', 'love', 'viral', 'viralreels', 'viralreels']",939,39,0.007069589920412899,DS2,mixed,night,False
3725130731082624742,Carousel,648,Friday,13,19,9,2025,53613,1,True,False,"['bounceback', '漢堡控集合', '宵夜推薦', '夜貓族必收', '爆擊味蕾', '手拍漢堡', '東區美食', '台北宵夜']",73,45,0.002200917670757638,DS2,niche_only,afternoon,False
3367233888215104515,Reel,169,Monday,18,13,5,2024,38674977,2,True,False,"['f1', 'imolagp']",216943,301,0.005617171908927783,DS2,niche_only,evening,False
3377455278726949855,Carousel,78,Monday,21,27,5,2024,756,4,False,False,"['brothers', 'volleyball', 'india', 'instagram']",320,0,0.4227212681638045,DS2,mixed,evening,False
3439073288616622267,Image,322,Tuesday,21,20,8,2024,2208883,0,True,False,[],54696,558,0.025014441681862877,DS2,none,evening,False
3230758714959945720,Image,155,Tuesday,11,7,11,2023,134293,5,False,False,"['hamas', 'nuncamas', 'israel', 'unidos', 'hamasisisis']",594,56,0.004840126885787898,DS2,niche_only,morning,False
3579163799038880266,Carousel,3,Sunday,4,2,3,2025,63073,0,False,False,[],73,6,0.0012524970669372483,DS2,none,night,True
3603665835098103436,Image,12,Friday,23,4,4,2025,8053,0,False,False,[],33,0,0.004097342935187484,DS2,none,evening,False
3712496610690906266,Reel,420,Tuesday,3,2,9,2025,1685,30,False,False,"['cristianoronaldo', 'cr7', 'goat', 'cr7forever', 'cr7fans', 'cr7goals', 'footballlegend', 'soccerlegend', 'championsleague', 'portugal', 'ronaldoskills', 'ronaldogoals', 'cr7magic', 'ronaldofan', 'cr7king', 'footballstar', 'soccerstar', 'goatstatus', 'vivaronaldo', 'cr7army', 'nopainnogain', 'hardworkpaysoff', 'dreambig', 'nevergiveup', 'footballislife', 'soccerlife', 'icon', 'legend', 'motivation', 'sportslegendsclearwater']",47,0,0.027876631079478055,DS2,niche_only,night,False
2671167861441456729,Carousel,445,Sunday,9,26,9,2021,174727,26,False,False,"['beautifulmatters', 'livethelittlethings', 'nothingisordinary', 'sharethelove', 'theparisianchique', 'postitfortheaesthetics', 'styledujour', 'lestyleàlafrançaise', 'fashiondiaries', 'neutralstyle', 'parismonamour', 'photosinbetween', 'modedamour', 'createinspring', 'frenchchic', 'parisianstyle', 'theparisguru', 'parisian', 'parisvibes', 'parisfashionweek', 'frenchfashionblogger', 'parisianstreetstyle', 'dressedindutti', 'massimodutti', 'stylinginparis', 'jilsander']",73,0,0.0004177922256306946,DS2,niche_only,morning,True
2973634954333370833,Image,395,Thursday,17,17,11,2022,4463,3,False,False,"['dontsaygaybill', 'solidarity', 'lgbtqliberation']",181,1,0.04077060931899642,DS2,niche_only,afternoon,False
3577890426666585442,Carousel,446,Friday,10,28,2,2025,5344,16,False,False,"['façaterapia', 'procureumpsicologo', 'cuidardavida', 'cuidardamente', 'cuidardavida', 'psicologiaécompsicologo', 'atendimentoinfantil', 'adolescentes', 'adulto', 'idoso', 'grupo', 'casais', 'palestras', 'aracatuba', 'birigui', 'procureumpsicologo']",19,2,0.0039289055191768,DS2,niche_only,morning,False
3484460428902348029,Reel,197,Tuesday,12,22,10,2024,9925888,7,True,False,"['neenaankaadhal', 'vijaytelevision', 'vijaytv', 'starvijaytv', 'newfiction', 'starvijay', 'tamiltv']",13553,12,0.001366628218389305,DS2,niche_only,afternoon,False
3454687073057895093,Carousel,828,Wednesday,10,11,9,2024,45559,16,False,False,"['happynest', 'thietkethicong', 'congdongyeunhadep', 'ytuong', 'chiase', 'canho', 'caitao', 'truyenthong', 'noithat', 'design', 'thietke', 'hiendai', 'ytuong', 'phongcach', 'noithat', 'idea']",101,1,0.002238805970149254,DS2,niche_only,morning,False
3657677268688540727,Carousel,271,Wednesday,12,18,6,2025,19506,0,True,False,[],305,37,0.01753216793971395,DS2,none,afternoon,False
3184907934574436476,Image,352,Tuesday,5,5,9,2023,205,18,False,False,"['bmsbank', 'bankingservices', 'teachersday', 'happyteachersday', 'teachers', 'education', 'teacherday', 'teacherslife', 'guru', 'lifelessons', 'teacherofig', 'drsarvepalliradhakrishnan', 'teacherappreciation', 'शिक्षक', 'शिक्षकदिवस', 'शिक्षक_दिवस', 'शिक्षकदिन', 'शिक्षित', 'banking', 'loanservices', 'mh13', 'solapurkar', 'solapur']",11,0,0.05339805825242718,DS2,niche_only,night,False
3668632836186781730,Carousel,678,Thursday,15,3,7,2025,10982,0,False,False,[],451,1,0.04115451151780024,DS2,none,afternoon,False
3473612542990701748,Image,567,Monday,13,7,10,2024,1647,19,False,False,"['武陵路中平哥', '天南星科', '觀葉植物', '植物', '雨林植物', '植男', 'plantdecor', '黃斑龜背芋', 'plant', 'plantsathome', 'planthome', 'plants', 'plantsplantsplants', 'plantsofinstagram', 'plantslover', 'houseplantclub', 'indoorplants', 'stayhomewithplants', 'urbanjungle', 'plantsmakepeoplehappy', 'plantlife', 'crazyplantpeople', 'plantlove', 'ต้นไม้', 'ต้นไม้ในบ้าน', 'ต้นไม้แต่งบ้าน', 'tropicalplants', 'monsteradeliciosa', 'monsteradeliciosaaureavariegata']",15,4,0.011529126213592233,DS2,niche_only,afternoon,False
3354905003843053381,Image,438,Friday,18,26,4,2024,15827,17,False,False,"['photography', 'weddingphotography', 'thegoanphotographystudio', 'gps', 'canon', 'wedding', 'hicthed', 'togheter', 'romance', 'photography', 'goa', 'india', 'goaphotographer', 'photographyingoa', 'artist', 'studio', 'wedding']",73,0,0.004612079858478646,DS2,niche_only,evening,False
1260408655755805707,Image,19,Saturday,21,28,5,2016,4335,3,False,False,"['nato', 'nowar', 'peace']",121,0,0.02790590405904059,DS2,niche_only,evening,True
3535024623697983886,Carousel,333,Tuesday,6,31,12,2024,17263,1,False,False,['socialactivist.'],710,10,0.04170528266913809,DS2,niche_only,morning,False
3641148793429280069,Carousel,414,Monday,16,26,5,2025,2288,3,False,False,"['coflp,', 'juntosmejor', 'colaboracióninstitucional']",64,0,0.027959807776321538,DS2,niche_only,afternoon,False
3647251452223313050,Carousel,262,Wednesday,3,4,6,2025,56138,0,False,False,[],0,0,0.0,DS2,none,night,False
3536574939920806304,Carousel,36,Thursday,10,2,1,2025,128620,3,True,False,"['toscanavalley', 'bangkok', 'miniitaly🇮🇹']",451,1,0.003514200635977018,DS2,niche_only,morning,False
3657778483787280669,Image,651,Wednesday,15,18,6,2025,8255,0,False,False,[],26,0,0.0031492248062015503,DS2,none,afternoon,False
3770088429087562011,Image,344,Thursday,14,20,11,2025,14335,7,False,False,"['thedailykueh', 'artistrycakes', 'dessertlovers', 'aeonmallnilai', 'foodieheaven', 'handcrafteddesserts', 'nilaifoodies']",7,0,0.00048828125,DS2,niche_only,afternoon,False
3615016646775051574,Carousel,221,Sunday,15,20,4,2025,745651,8,True,True,"['temu', 'temuhaul', 'bags', 'temubags', 'temusummer', 'summer', 'spring', 'temufinds']",7337,94,0.009965774919131176,DS2,niche_only,afternoon,True
3408302049728327390,Reel,295,Tuesday,11,9,7,2024,726,5,False,False,"['repost', 'türkiye', 'syria', 'islam', 'peaceful']",6,2,0.011004126547455296,DS2,niche_only,morning,False
3731325488736575743,Image,20,Sunday,3,28,9,2025,61314,0,False,False,[],15,0,0.00024463834298295685,DS2,none,night,True
2885211732098537368,Image,182,Monday,17,18,7,2022,103,1,False,False,['dissapointedinyou'],5,0,0.04807692307692308,DS2,niche_only,afternoon,False
3660951167665010394,Image,37,Monday,0,23,6,2025,1258,0,False,False,[],4,0,0.003177124702144559,DS2,none,night,False
3415689513029838442,Reel,14,Friday,15,19,7,2024,538,1,False,False,['freepalestine'],1,0,0.0018552875695732839,DS2,niche_only,afternoon,False
3639008020862009121,Image,89,Friday,18,23,5,2025,29220,0,False,False,[],5,0,0.000171109818281373,DS2,none,evening,False
3444629129226772872,Image,270,Wednesday,13,28,8,2024,821591,3,True,False,"['asusindia', 'amdryzenai', 'asusai']",278,17,0.00035905899765333645,DS2,niche_only,afternoon,False
3730872883783792898,Carousel,288,Saturday,12,27,9,2025,30552,0,False,False,[],89,3,0.0030111609334598894,DS2,none,afternoon,True
3617215469770726025,Carousel,37,Wednesday,16,23,4,2025,8441,1,False,False,['dump'],66,0,0.007818052594171997,DS2,niche_only,afternoon,False
2697433107277970764,Image,307,Monday,15,1,11,2021,123,30,False,False,"['bolsonaro', 'segundafeira', 'bomdia', 'presidencia', 'eleições2022', 'politica', 'brasil', 'prf', 'policiacivil', 'pmerj', 'novembro', 'sp', 'mg', 'rs', 'nação', 'exercitobrasileiro', 'marinhadobrasil', 'aeronautica', 'gabrielmonteiro', 'instagram', 'luladrao', 'amazonia', 'hinonacional', '2021', 'outubro', 'record', 'globolixo', 'direita', 'esquerdalixo', 'lula']",36,2,0.3064516129032258,DS2,mixed,afternoon,False
2660980987944734226,Image,1975,Sunday,8,12,9,2021,86521,0,True,False,[],840,31,0.010066803818681953,DS2,none,morning,True
3658693769553302935,Image,268,Thursday,21,19,6,2025,6471,26,False,False,"['montessori', 'bed', 'genderreveal', 'explore', 'ثيم', 'مواليد', 'babygirl', 'bunkbed', 'baby', 'bedroomdecor', 'newdesign', 'kurabed', 'storage', 'toys', 'babyshower', 'اكسبلور', 'interior', 'bedroom', 'home', 'decor', 'اكسبلور_فولو', 'kids', 'housebed', 'modern', 'floorbed', 'montessoribed', 'wood', 'amman', 'jordan', 'jo']",1,0,0.00015451174289245981,DS2,mixed,evening,False
3800385646482590177,Image,162,Thursday,9,1,1,2026,3,0,False,False,[],0,0,0.0,DS2,none,morning,False
2667116802896615805,Image,168,Monday,19,20,9,2021,1801,10,False,False,"['picture', 'love', 'black', 'loveblack', 'sad', 'memories', 'life', 'leave', 'fucklove', 'liveyourlife']",31,3,0.018867924528301886,DS2,mixed,evening,False
3634519616818755709,Image,328,Saturday,13,17,5,2025,18577,0,False,False,"['лікуваннявипадінняволосся', 'лікуванняволоссякиїв', 'випадінняволоссякиїв']",73,0,0.003929378835181397,DS2,niche_only,afternoon,True
3633012785283922410,Carousel,351,Thursday,11,15,5,2025,51906,0,False,False,"['マイホーム生活', 'マイホーム計画中の人と繋がりたい', 'マイホーム計画中', 'マイホーム計画', 'マイホーム作り', '家づくりアイデア', '家づくり計画', '家づくり相談', '家づくり初心者', '工務店', 'ハウスメーカー', 'ウッドデッキ', '黒い外壁', '黒い家', '間取り', '収納計画', 'リビング収納']",811,8,0.015778218737357196,DS2,niche_only,morning,False
3299141267072264555,Carousel,366,Friday,19,9,2,2024,1233,29,False,False,"['parís', 'francia', 'parisfrance', 'disneyland', 'viajar', 'meencantaviajar', 'viajaresunplacer', 'viajaresvivir', 'travelphotography', 'travelpic', 'travelgram', 'traveltheworld', 'travelblog', 'travelling', 'travellover', 'travel', 'traveladdict', 'travelblogger', 'tourism', 'vacation', 'wonderlust', 'tourist', 'tourisme', 'reise', 'reiseblogger', 'voyage', 'voyageursdumonde', 'viaggio', 'viaggiare']",73,0,0.05915721231766612,DS2,niche_only,evening,False
3613517868352719766,Image,1057,Friday,14,18,4,2025,6403,90,False,False,"['deus', 'jesus', 'jesuscristo', 'fe', 'paz', 'amor', 'igreja', 'casadedeus', 'gratidão', 'obrigadasenhordeus', 'leiaumversiculo', 'palavradedeus', 'céu', 'cristo', 'oração', 'versiculo', 'caminho', 'senhorjesus', 'jesus', 'aleluia', 'espiritosanto', 'busqueadeus', 'fé', 'salvação', 'eternidade', 'féemdeus', 'espirito', 'bíblia', 'santidade', 'obrigadasenhor.', 'deus', 'jesus', 'jesuscristo', 'fe', 'paz', 'amor', 'igreja', 'casadedeus', 'gratidão', 'obrigadasenhordeus', 'leiaumversiculo', 'palavradedeus', 'céu', 'cristo', 'oração', 'versiculo', 'caminho', 'senhorjesus', 'jesus', 'aleluia', 'espiritosanto', 'busqueadeus', 'fé', 'salvação', 'eternidade', 'féemdeus', 'espirito', 'bíblia', 'santidade', 'obrigadasenhor.', 'deus', 'jesus', 'jesuscristo', 'fe', 'paz', 'amor', 'igreja', 'casadedeus', 'gratidão', 'obrigadasenhordeus', 'leiaumversiculo', 'palavradedeus', 'céu', 'cristo', 'oração', 'versiculo', 'caminho', 'senhorjesus', 'jesus', 'aleluia', 'espiritosanto', 'busqueadeus', 'fé', 'salvação', 'eternidade', 'féemdeus', 'espirito', 'bíblia', 'santidade', 'obrigadasenhor.']",6,0,0.0009369144284821987,DS2,niche_only,afternoon,False
3426612611725016198,Image,439,Saturday,16,3,8,2024,2710,0,False,False,[],7,1,0.002950940612320177,DS2,none,afternoon,True
3647040493755941932,Image,597,Tuesday,20,3,6,2025,13416,6,False,False,"['healthandfitness', 'freeconsultation', 'starttoday', 'getfitnow', 'fitnessjourney', 'stayhungry']",7,0,0.0005217261682939554,DS2,niche_only,evening,False
3673354768204253559,Carousel,385,Thursday,3,10,7,2025,1727,1,False,False,['cottaレシピ'],73,29,0.059027777777777776,DS2,niche_only,night,False
3618157040561238035,Image,1393,Thursday,23,24,4,2025,13785,1,False,False,['ushuaia'],3,0,0.0002176120702161613,DS2,niche_only,evening,False
3716057685659099077,Carousel,220,Sunday,1,7,9,2025,17199624,8,True,False,"['ganeshvisarjan', 'mumbai', 'ganpatiimmersion', 'ganpatibappa', 'ganpaticelebration', 'visarjan', 'aajtaksocial', 'atphotoblog']",82930,332,0.0048409194967913545,DS2,niche_only,night,True
3204070428390096484,Image,16,Sunday,15,1,10,2023,112203,0,True,False,"['🥀', 'ａｌｏｎｅ', '🥀🖤']",1046,53,0.009794659726925956,DS2,niche_only,afternoon,True
3434870554866099383,Image,286,Thursday,2,15,8,2024,2753,12,False,False,"['independence', 'india', 'independenceday', 'balcopipes', 'balco', 'plumbing', 'electrical', 'freedom', 'bharat', 'jaihind', 'august15', 'india']",5,0,0.0018155410312273058,DS2,niche_only,night,False
3725859866271568335,Video,215,Saturday,14,20,9,2025,3848,9,False,False,"['juina', 'diamante', 'mineracao', 'desenvolvimento', 'turismo', 'agronegocio', 'infraestrutura', 'juinamt', 'matogrosso']",14,0,0.0036373083917900753,DS2,niche_only,afternoon,True
3627611581840389642,Video,482,Thursday,0,8,5,2025,127944,30,True,False,"['momsbelike', 'fitmomlife', '2under2', 'momlifeunfiltered', 'pregnantagain', 'momhumor', 'postpartumjourney', 'fitorpregnant', 'motherhoodin2025', 'momtok', 'boymomlife', 'relatablemom', 'momstruggles', 'honestmotherhood', 'momcontent', 'newmomlife', 'funnyparenting', 'momsoftiktok', 'fitmomjourney', 'momtruths', 'firsttimemom', 'millennialmom', 'momquestions', 'babynumbertwo', 'fitmomgoals', 'pregnancy2025', 'strongasamother', 'momvibes', 'postpartumbody', 'momlife2025']",2615,87,0.021118449333698074,DS2,niche_only,night,False
3551438458856418173,Carousel,838,Wednesday,22,22,1,2025,16263,21,False,False,"['matamatadesain', 'matades', 'matasayembarafebruari2025', 'sayembaradesain', 'sayembaralogo', 'logo', 'infolomba', 'desaingrafis', 'dkv', 'desainergrafisindonesia', 'karya', 'kreatif', 'hut', 'harijadi', 'semarang', 'semaranghits', 'semarangpemkot', 'festival', 'jawatengah', 'infojateng', 'hut478semarang']",378,19,0.02440973930152484,DS2,niche_only,evening,False
1825564324536272986,Image,406,Tuesday,16,17,7,2018,14649,11,False,False,"['repost', '3in1', 'summer2018', 'camphasc', 'hasc2018', 'camphasc2018', 'goodies', 'summer', 'summerfun', 'summertime', 'appriciation']",51,0,0.0034812286689419793,DS2,niche_only,afternoon,False
2811766295499154080,Reel,0,Friday,9,8,4,2022,172,0,False,False,[],5,0,0.028901734104046242,DS2,none,morning,False
3640089164934983031,Image,361,Sunday,5,25,5,2025,38,26,False,False,"['kittensofinstagram', 'kittycat', 'kittens', 'cat', 'bigcats', 'junglekitten', 'pets', 'kitty', 'cute', 'petsofinstagram', 'instapets', 'petstagram', 'petsofinsta', 'animalsofinstagram', 'kittenclub', 'kittencuteness', 'adventures', 'summer', 'petlife', 'petphotography', 'petlovers', 'may', '2025', 'kittens_of_instagram', 'saturday', 'weekendmood']",1,0,0.02564102564102564,DS2,niche_only,night,True
2580747661683882809,Image,210,Monday,15,24,5,2021,4266,15,False,False,"['chihuahuasofinstagram', 'chihuahua', 'chihuahuahlove', 'funnydogs', 'dogofinstagram', 'dog', 'dogs', 'chihuahualife', 'petsofinstagram', 'chihuahuamania', 'instadog', 'instadogs', 'ilovemydog', 'ilbovemydogs', 'happydog']",43,0,0.010077337707991563,DS2,niche_only,afternoon,False
3440674621341804085,Image,268,Friday,2,23,8,2024,302,21,False,False,"['mangaartworks', 'manga', 'art', 'artwork', 'anime', 'animeartstyle', 'animeartwork', 'animeartist', 'oc', 'originalcharacters', 'originalart', 'originalcharacterart', 'digitalart', 'procreate', 'procreatedrawing', 'illustration', 'characterdesign', 'wallpaper', 'ipaddrawing', 'ipadprocreate', 'boltversenrg']",10,0,0.033003300330033,DS2,niche_only,night,False
3458219409601131312,Carousel,454,Monday,7,16,9,2024,924,6,False,False,"['healthandfitness', 'carbohydrate', 'nutriton', 'healthyeating', 'fitnessgoals', 'nutritiontips']",14,0,0.015135135135135135,DS2,niche_only,morning,False
3621284941735801755,Reel,215,Tuesday,7,29,4,2025,109350,13,True,False,"['chandnigirdhar', 'luxury', 'luxuryshopping', 'shop', 'insta', 'blog', 'luxurylifestyle', 'bloggers', 'luxe', 'instareels♥️✌️', 'ɴᴇᴡᴅᴇʟʜɪ', 'influencer', 'fashion', 'fashionblogger']",1081,13,0.010004480983255754,DS2,niche_only,morning,False
2514103293698829406,Video,278,Sunday,16,21,2,2021,710239,0,True,False,['اكسبلورر'],1550,85,0.0023020387474656455,DS2,niche_only,afternoon,True
3421886711470193696,Image,203,Sunday,4,28,7,2024,460095,1,False,False,"['东方日报', 'orientaldailynews', '东方online']",111,0,0.00024125399916539157,DS2,niche_only,night,True
3592720455187672330,Reel,55,Thursday,21,20,3,2025,49311,0,True,False,[],959,6,0.019569273199221283,DS2,none,evening,False
3166186112614550866,Image,558,Thursday,9,10,8,2023,2806,30,False,False,"['vegandessert', 'vegandesserts', 'vegangifts', 'vegangiftideas', 'vegangiftsuk', 'veganideas', 'veganshare', 'veganfood', 'veganfoodshare', 'vegancakesandotherbakes', 'vegancake', 'vegancakes', 'veganshop', 'veganshopping', 'leedsvegan', 'cake', 'cakejar', 'cakejars', 'eggfree', 'eggfreecake', 'eggfreebaking', 'dairyfree', 'dairyfreelife', 'dairyfreedessert', 'dairyfreecake', 'groupondeal', 'groupontravel', 'smallbusinessowner', 'smallbusinessuk', 'cakesofinstagram']",8,0,0.0028500178126113287,DS2,niche_only,morning,False
3619442741159917843,Image,464,Saturday,18,26,4,2025,44679,0,False,False,[],653,52,0.015778871978513877,DS2,none,evening,True
3588310029976748420,Carousel,1432,Friday,19,14,3,2025,9283,22,False,False,"['atlantahomes', 'atlantahomesforsale', 'hnrealtors', 'atlantarealestate', 'harrynorman', 'luxuryrealestate', 'realtors', 'realestate', 'instaluxury', 'luxuryhomes', 'atlantaestate', 'milliondollarlisting', 'luxuryliving', 'dreamhome', 'luxuryatlanta', 'discoveratl', 'luxuryportfolio', 'thebuckheadoffice', 'smyrnaga', 'smyrnahomesforsale', 'smyrnarealestate', 'smyrnaluxury']",16,0,0.0017233950883239983,DS2,niche_only,evening,False
3611009007456930347,Carousel,835,Tuesday,2,15,4,2025,24745,8,True,False,"['jabaristimewa', 'dkppjabar', 'jabarcaang', 'humasdkppjabar', 'jabarmenyalaindonesiamaju', 'jabarcaanggemahripahrepehrapih', 'lemburdiurus', 'kotaditata']",130,0,0.005253374282712358,DS2,niche_only,night,False
3696082032934601917,Image,1088,Sunday,12,10,8,2025,10171,19,False,False,"['catholic', 'catholicism', 'catholicsaints', 'stphilomena', 'prayforus', 'saintphilomena', 'philomena', 'wonderworker', 'devotion', 'thaumaturga', 'filomena', 'daughteroflight', 'cord', 'saints', 'catholicsaints', 'catacombs', 'purity', 'patroness', 'novena']",570,14,0.05741250491545419,DS2,niche_only,afternoon,True
3552510246076022886,Reel,80,Friday,9,24,1,2025,130273,3,False,False,"['sneakers', 'kicks', 'newbalance', 'スニーカー']",6758,17,0.052005772448838604,DS2,niche_only,morning,False
3587401795498531662,Carousel,666,Thursday,13,13,3,2025,12152,29,False,False,"['preweddingoutdoor', 'preweddingindoorjambi', 'preweddjambi', 'fotograferjambi', 'fotostudiojambi', 'kotajambi', 'fypjambi', 'hennajambi', 'weddingjambi', 'dekorjambi', 'preweddingjambi', 'muajambi', 'makeupjambi', 'hantaranjambi', 'fotoweddingjambi', 'photostudiojambi', 'pernikahanjambi', 'prerweddingphotography', 'preweddingjambi', 'preweddbatak', 'batakpride', 'nikahbatak', 'batakprewedding', 'prewedjawa', 'praweddingjawa', 'praweddingbugis', 'bugisnikah', 'nikahbugis', 'bugis']",10,0,0.0008228420966016622,DS2,niche_only,afternoon,False
3670243761321135597,Image,68,Saturday,20,5,7,2025,5674,4,False,False,"['bochumtotal', 'bochum', 'foodspot', 'sandwich']",65,9,0.01303964757709251,DS2,niche_only,evening,True
3638927793901202451,Image,36,Friday,15,23,5,2025,105253,0,False,False,[],236,10,0.002337203336690292,DS2,none,afternoon,False
3242166143148551772,Image,311,Thursday,5,23,11,2023,5677,30,False,False,"['nepocollage', 'nepo', 'collages', 'collage', 'collageworks', 'collageoncanvas', 'car', 'cars', 'vintagecars', 'analogue', 'handmade', 'workdesk', 'cutandpaste', 'arte', 'art', 'scissorsandglue', 'goodvibes', 'collageartist', 'pop', 'artepop', 'fanzine', 'cuts', 'colla', 'gluestick', 'pezzounico', 'collagesutela', 'canvas', 'lenin', 'vintage', 'workdesk']",60,2,0.010919337794998239,DS2,niche_only,night,False
3685253357892828837,Reel,849,Saturday,13,26,7,2025,155150,0,True,False,[],2224,0,0.014334422594762522,DS2,none,afternoon,True
3652067913153894752,Carousel,1112,Tuesday,18,10,6,2025,37203,0,True,False,[],65,1,0.0017740027953983442,DS2,none,evening,False
3703368160443868695,Video,58,Wednesday,13,20,8,2025,1230,5,False,False,"['cs2', 'csgo', 'counterstrike2', 'cs2memes', 'reelsfypシ゚']",28,0,0.022745735174654752,DS2,niche_only,afternoon,False
3156059756493331116,Carousel,258,Thursday,9,27,7,2023,49237,12,False,False,"['tehzeebgohar', 'tehzeebfam', 'reels', 'explore', 'instamood', 'instadaily', 'islamabad', 'dump', 'solo', 'pic', 'monal', 'faisalmosque']",523,27,0.011170234371826638,DS2,mixed,morning,False
2807842318227086377,Carousel,528,Saturday,23,2,4,2022,5204,0,False,False,[],64,0,0.012295869356388088,DS2,none,evening,True
3112911062291844443,Image,39,Sunday,21,28,5,2023,224,0,False,False,[],0,0,0.0,DS2,none,evening,True
3195040801197047072,Image,687,Tuesday,4,19,9,2023,151,27,False,False,"['climb2023', 'cotd2023', 'climbout2023', 'climboutofthedarkness2023', 'climbout', 'coolestclubididntwanttojoin', 'pmads', 'postpartum', 'pregnancy', 'postpartumdepression', 'postpartumanxiety', 'postpartumpsychosis', 'postpartumptsd', 'postpartumocd', 'postpartumbipolar', 'moms', 'newmoms', 'motherhood', 'parents', 'newparents', 'parenthood', 'dads', 'newdads', 'mentalhealth', 'mentalhealthmatters', 'maternalmentalhealthmatters', 'pmhdisorders']",3,5,0.05263157894736842,DS2,niche_only,night,False
2927575391813869665,Image,97,Thursday,3,15,9,2022,91918,3,False,False,"['mageanddemonqueen', 'yurimanhwa', 'yurimanga']",29409,63,0.32063011999695384,DS2,niche_only,night,False
3542910714943846035,Video,445,Saturday,3,11,1,2025,312,27,False,False,"['👑✖︎', 'lipstick', 'shadowsense', 'senegencedistributor', 'mysenelook', 'lipsensedistributor', 'beauty', 'lipstickaddict', 'lipsticklover', 'lipgloss', 'lipstik', 'senegenceinternational', 'kissproof', 'smudgeproof', 'skincare', 'lipmatte', 'waterproofmakeup', 'makeuptutorial', 'pinklipstick', 'lipsmatte', 'lipboss', 'powerlips', 'makeupartist', 'lipstikhalal', 'kosmetikviral', 'ahir', 'power', 'tranding']",73,7,0.25559105431309903,DS2,niche_only,night,True
2452549896244258677,Reel,767,Saturday,18,28,11,2020,5959,6,False,False,"['supportsmallbusiness', 'supportsmallbusinesses', 'shoplocal', 'shopsmall', 'coloradospringssmallbusiness', 'fortcollinssmallbusiness']",59,3,0.01040268456375839,DS2,niche_only,evening,True
3708390039338903250,Carousel,10,Wednesday,11,27,8,2025,7041,0,False,False,[],405,22,0.06063618290258449,DS2,none,morning,False
3386643968057373673,Image,513,Sunday,13,9,6,2024,418,18,False,False,"['buendomingo', 'trending', 'trip✈️', 'traveltheworld', 'travelphotography', 'travel', 'tourism', 'tourismworld', 'happyday', 'meteorology', 'norteargentino', 'pronosticodeltiempo', 'turismojujuy', 'meteorologia', 'viajes', 'paisajesnaturales', 'puna', 'medioambiente']",7,1,0.01909307875894988,DS2,mixed,afternoon,True
3622936285534270640,Reel,488,Thursday,13,1,5,2025,140828,8,True,False,"['haldifunction', 'bridaloutfit', 'haldioutfit💛', 'indianwedding', 'couplegoals', 'weddingoutfits', 'haldijewellery', 'haldilook']",1460,11,0.010445291807795269,DS2,niche_only,afternoon,False
3642113888059009959,Image,67,Wednesday,0,28,5,2025,182394,0,True,False,[],10139,44,0.05582938128786425,DS2,none,night,False
3645298520383419451,Image,260,Sunday,10,1,6,2025,645493,1,False,False,['youthmonth2025'],315,7,0.0004988427467954776,DS2,niche_only,morning,True
2471706507255885862,Image,0,Friday,4,25,12,2020,2907,0,False,False,[],7,0,0.002407152682255846,DS2,none,night,False
3626417141302255820,Image,10,Tuesday,9,6,5,2025,166055,0,False,False,[],5,0,3.0110324227971285e-05,DS2,none,morning,False
3630428753020479593,Carousel,0,Sunday,22,11,5,2025,11361,0,False,False,[],1,0,8.80126738250308e-05,DS2,none,evening,True
3577290237467267801,Carousel,178,Thursday,14,27,2,2025,101217,0,False,False,[],6,0,5.9277994032681934e-05,DS2,none,afternoon,False
3621387703367506608,Image,561,Tuesday,10,29,4,2025,34813,9,True,False,"['aquapure', 'arvalcosmetici', 'acquadelghiacciaiosvizzero', 'idratazione', 'hydracomfort', 'hydrarich', 'hydralight', 'doublehydraserum', 'hydraeye']",73,1,0.002125581662549549,DS2,niche_only,morning,False
3613815475880031281,Carousel,91,Friday,23,18,4,2025,2038,2,False,False,"['𝒱e͟r𝐧𝐨𝐧🍀', 'vernon', 'seventeen']",14,0,0.006866110838646395,DS2,niche_only,evening,False
3272517206573587914,Image,324,Thursday,2,4,1,2024,485,0,False,False,[],22,0,0.04526748971193416,DS2,none,night,False
3494519780641322634,Reel,44,Tuesday,9,5,11,2024,27820,0,False,False,[],8,0,0.0002875525682038748,DS2,none,morning,False
3727883017948005428,Image,87,Tuesday,9,23,9,2025,1309,0,False,False,['新潟ヨガ'],13,0,0.009923664122137405,DS2,niche_only,morning,False
3697849159186560324,Reel,725,Tuesday,22,12,8,2025,252680,12,True,False,"['trust', 'revocable', 'irrevocable', 'estateplanning', 'privacy', 'protection', 'avoidprobate', 'wealth', 'wealthbuilding', 'generationalwealth', 'goals', 'trending']",207,69,0.0010922863214883588,DS2,mixed,evening,False
3196523155773568779,Video,19,Thursday,6,21,9,2023,122790,0,True,False,[],83,3,0.0007003770634655634,DS2,none,morning,False
3635376780388765134,Carousel,529,Sunday,17,18,5,2025,7849,0,False,False,[],73,11,0.01070063694267516,DS2,none,afternoon,True
2877781557115678864,Reel,309,Friday,11,8,7,2022,527417,1,False,False,['delidps'],314,8,0.0006105214459878124,DS2,niche_only,morning,False
3664711748327159535,Image,613,Saturday,5,28,6,2025,17014,0,False,False,[],58,0,0.0034087569791360563,DS2,none,night,True
3701158464052758763,Image,24,Sunday,12,17,8,2025,4324582,0,True,False,[],133477,3109,0.031583623207139276,DS2,none,afternoon,True
3385512919280957513,Image,234,Friday,23,7,6,2024,2318,9,False,False,"['blusasanime', 'bettyboop', 'guayaquil', 'anime', 'camisaspersonalizadas', 'anime', 'gye', 'animegye', 'dulceamorpersonalizados']",7,0,0.00301854247520483,DS2,niche_only,evening,False
3616568001546384450,Image,79,Tuesday,19,22,4,2025,18887,0,False,False,[],893,28,0.048761118170266834,DS2,none,evening,False
3679401747885026776,Image,1039,Friday,11,18,7,2025,96502,0,False,False,[],73,0,0.000756453167259049,DS2,none,morning,False
3634672674615433292,Carousel,732,Saturday,18,17,5,2025,160829,3,False,False,"['buenosaires', 'ahora', 'elmisionerodiariodigital']",643,1,0.004004228066902941,DS2,niche_only,evening,True
3414107435202782921,Image,128,Wednesday,10,17,7,2024,41234,0,False,False,[],283,8,0.007057111676973445,DS2,none,morning,False
3641995641711485008,Image,0,Tuesday,21,27,5,2025,7343,0,False,False,[],6,0,0.0008169934640522876,DS2,none,evening,False
3438804609065147208,Image,454,Tuesday,12,20,8,2024,26818,1,False,False,['gengbolaa'],262,0,0.009769193482232746,DS2,niche_only,afternoon,False
3636822228513783151,Image,230,Tuesday,17,20,5,2025,14922,8,False,False,"['40', 'gemini', 'clavyph', 'daddyclavy', 'may', 'birthday', 'eraof40', 'iamforty']",114,8,0.008175299872679755,DS2,niche_only,afternoon,False
3676035924731915005,Carousel,139,Sunday,20,13,7,2025,400562,0,True,False,[],1428,65,0.0037272538901496144,DS2,none,evening,True
3634219890260581979,Carousel,74,Saturday,3,17,5,2025,19088,0,False,False,[],47,0,0.002462150977002462,DS2,none,night,True
3015574292886230091,Image,37,Saturday,13,14,1,2023,1252736,0,True,False,[],26321,96,0.021087426969906693,DS2,none,afternoon,True
3597642491247040198,Carousel,500,Thursday,16,27,3,2025,82384,0,False,False,[],24,6,0.00036414395824482614,DS2,none,afternoon,False
3546552144507882191,Video,443,Thursday,4,16,1,2025,499164,24,False,False,"['shadowsense', 'senegencedistributor', 'beauty', 'mysenelook', 'tipsensedistributor', 'lipgloss', 'lipstick', 'lipstick', 'senegence', 'lipsticklover', 'kissproof', 'smudgeproof20m', 'skincare', 'lipmatte', 'waterproofmakeup', 'makeuptutorial', 'pinklipstic12m', 'lipsmatte', 'lipboss', 'powerlips', 'makeup', 'lipstikhalal:', 'cosmeticsviral', 'details1mal']",68,1,0.00013823084551200504,DS2,niche_only,night,False
3607428100251823277,Image,1319,Thursday,4,10,4,2025,1123082,0,True,False,[],2357,341,0.002402315768291391,DS2,none,night,False
3591090348748966734,Image,830,Tuesday,15,18,3,2025,543779,0,True,False,[],55,0,0.00010114384493729082,DS2,none,afternoon,False
3061518520673934017,Image,430,Saturday,23,18,3,2023,362,0,False,False,[],3,0,0.008264462809917356,DS2,none,evening,True
3657763758240523218,Image,471,Wednesday,15,18,6,2025,13590,0,False,False,[],246,44,0.02133764991538518,DS2,none,afternoon,False
3709822089751466542,Image,592,Friday,11,29,8,2025,432910,4,True,False,"['tvcnews', 'uganda', 'museveni', '2026elections']",23,1,5.543864674263301e-05,DS2,niche_only,morning,False
3258916027353624627,Carousel,579,Saturday,7,16,12,2023,6093,4,False,False,"['cafeหางดง', 'ร้านกาแฟเชียงใหม่', 'ร้านกาแฟหางดง', 'cafehopping', 'chiangmai', 'chiangmaicafe']",66,2,0.011158516573679028,DS2,niche_only,morning,True
2374955517092327941,Image,330,Thursday,16,13,8,2020,1737895,13,True,True,"['akgalleria', 'independencedaysale', 'independencesale', 'hellomagazine', 'instadaily', 'instagood', 'karachi', 'lahore', 'islamabad', 'instanews', 'instaupdate', 'ads', 'hellopromotions']",117,0,6.73227857132993e-05,DS2,mixed,afternoon,False
3758425749255693630,Reel,409,Tuesday,12,4,11,2025,52151,4,True,False,"['lactogrowthegutstory', 'digestiveexpert', 'l.reuteri', 'pencernaansehat']",1251,69,0.025310630464795213,DS2,niche_only,afternoon,False
2680296837414240151,Carousel,191,Friday,23,8,10,2021,218,10,False,False,"['havapoosofinstagram', 'poodlemixes', 'dog', 'dogsofinstagram', 'dogsofinstaworld', 'bluemerle', 'puppiesofinstagram', 'sillydog', 'funnydogs', 'doggosbeingdoggos']",36,5,0.1872146118721461,DS2,niche_only,evening,False
3567013401530562210,Carousel,160,Thursday,10,13,2,2025,273928,2,True,False,"['gwm', 'berita']",26,1,9.856568672904292e-05,DS2,niche_only,morning,False
2688813793398402143,Carousel,790,Wednesday,17,20,10,2021,123313,10,True,False,"['ww', 'wwgreenplan', 'wwrecipes', 'wwmoms', 'wwmom', 'wwsnacks', 'wwsnackideas', 'wwlifestyle', 'wwlifetime', 'wwlifetimemember']",353,16,0.0029923609646917626,DS2,niche_only,afternoon,False
3466275430142133676,Carousel,188,Friday,10,27,9,2024,1191,13,False,False,"['haikyuu', 'haikyu', 'hq', 'tsukishimakei', 'keitsukishima', 'art', 'fanart', 'digitalart', 'digitaldrawing', 'sketch', 'doodle', 'anime', 'manga']",73,0,0.061241610738255035,DS2,niche_only,morning,False
3414233829386946916,Carousel,313,Wednesday,15,17,7,2024,14024,20,False,False,"['biosboutique', 'moda', 'style', 'fashion', 'mx', 'personalstyle', 'luxe', 'whatiwore', 'streetstyle', 'trendy', 'instafashion', 'outfitoftheday', 'likebackalways', 'love', 'style', 'photooftheday', 'selfie', 'fashion', 'lifestyleblogger', 'shopstyleshopstyle']",94,0,0.006702317290552585,DS2,mixed,afternoon,False
3483744933863702285,Carousel,541,Monday,12,21,10,2024,562,30,False,False,"['rugby', 'rugbylife', 'rugbyplayer', 'rugbyplayers', 'rugbyteam', 'rugbyunion', 'rugbyfan', 'rugbyclub', 'rugbygirls', 'rugbychampionship', 'championscup', 'premiershiprugby', 'rugbylove', 'rugbynews', 'top14', 'top14rugby', 'prod2', 'superrugby', 'pacificnationscup', 'rugbyfamily', 'sixnations', 'womensixnations', 'rugbygram', 'rugbypicture', 'allblacks', 'springboks', 'pumas', 'wallabies', 'bkturc', 'rugbyhug']",18,0,0.03197158081705151,DS2,niche_only,afternoon,False
3570148266977796221,Carousel,230,Monday,17,17,2,2025,10878,1,False,False,['randomactsofkindnessday'],104,0,0.009559702178509055,DS2,niche_only,afternoon,False
2824855124222794908,Carousel,940,Tuesday,10,26,4,2022,606,18,False,False,"['muuse', 'reuse', 'everydayhongkong', 'explorehongkong', 'hklife', 'hkfoodie', 'hkfoodblogger', 'hkfoodlover', 'hkfoodstagram', 'coffeelife', 'coffeeoftheday', 'cwbcafe', 'cwbcoffee', 'causewaybay', 'causewaybayhk', 'causewaybayfood', 'causewaybaycoffee', '香港美食', '香港飲食', '香港咖啡', '香港咖啡店', '銅鑼灣cafe', '銅鑼灣美食', '回收', '環保', '環保愛地球', '環保日常', '乾淨回收', '減碳', 'imagedescription']",73,4,0.12685337726523888,DS2,niche_only,morning,False
2591228914511819904,Carousel,1236,Tuesday,2,8,6,2021,2764,4,False,False,"['электростандарт', 'электростандарткомсомольск', 'elektrostandard', 'komsomolsk', 'komsomolskonamur', 'комсомольск', 'комсомольскнаамуре', 'хабаровскийкрай', 'кмс', 'kms', 'акциикомсомольск', 'скидкикомсомольск', 'каминыкомсомольск', 'люстрыкомсомольск', 'натяжныепотолкикомсомольск', 'кондиционерыкомсомольск']",22,0,0.007956600361663653,DS2,niche_only,night,False
3641215002824963391,Image,751,Monday,19,26,5,2025,108014,0,True,False,[],626,37,0.006138036383835578,DS2,none,evening,False
3683791163024071242,Carousel,878,Thursday,13,24,7,2025,22205,2,False,False,"['interiordesign', 'printmaking']",50,2,0.0023417094478969647,DS2,niche_only,afternoon,False
3700248542808282240,Carousel,1406,Saturday,6,16,8,2025,6283,5,False,False,"['synergieskin', 'dermacalm', 'kemphuchoida', 'danhaycam', 'chachumipharm']",0,0,0.0,DS2,niche_only,morning,True
2347945802076204518,Carousel,140,Tuesday,10,7,7,2020,250135,2,True,False,"['cybexyema', 'mammasmart']",4970,55,0.020089071545079478,DS2,niche_only,morning,False
2170266017842617210,Image,2107,Tuesday,6,5,11,2019,1144,0,False,False,[],5,0,0.004366812227074236,DS2,none,morning,False
3790328290327265958,Image,164,Thursday,12,18,12,2025,3897919,5,True,False,"['ajaybhatt', 'bjp', 'marriage', 'jaishriram', 'uttarakhand']",1485,230,0.00043997824480748705,DS2,niche_only,afternoon,False
3615396795798150091,Image,322,Monday,4,21,4,2025,13986,0,False,False,[],0,0,0.0,DS2,none,night,False
3680136041697653209,Image,498,Saturday,13,19,7,2025,37655,5,True,False,"['comingsoon', 'luxury', 'novidades', 'altopadrao', 'luxo']",683,48,0.019412577012959422,DS2,niche_only,afternoon,True
3650270116079372010,Image,235,Sunday,7,8,6,2025,25502,7,False,False,"['mojcieplykacik', 'bukiet', 'kwiaty', 'kuchnia', 'kitchen', 'rustykalnydom', 'polskiewnetrza']",309,17,0.012782809865506018,DS2,niche_only,morning,True
3657778672749086782,Image,2,Wednesday,15,18,6,2025,7371,0,False,False,[],84,0,0.011394465545306565,DS2,none,afternoon,False
3607155576934034746,Carousel,207,Wednesday,19,9,4,2025,13398,10,False,False,"['doiregirl', 'doiregirl', 'doiredress', 'designer', 'bling', 'bespoke', 'irish', 'irishdance', 'ireland', 'designer']",61,1,0.00462721098589447,DS2,niche_only,evening,False
3580666085284872808,Carousel,66,Tuesday,6,4,3,2025,9395,1,False,False,['meulook'],90,1,0.009684972328650489,DS2,niche_only,morning,False
2577975528174714763,Carousel,400,Thursday,19,20,5,2021,2254,1,False,False,['wearewestfield'],109,0,0.048337028824833705,DS2,niche_only,evening,False
3326045005372255709,Image,245,Sunday,22,17,3,2024,131016,6,True,False,"['cearensesuperbet2024', 'final', 'cearense', 'ceará', 'fortaleza', 'futebol']",8678,177,0.0675866490608089,DS2,niche_only,evening,True
3706635559575758003,Image,242,Monday,1,25,8,2025,11246,0,False,False,[],6,0,0.0005334755934915977,DS2,none,night,False
3455451621788349554,Carousel,62,Thursday,11,12,9,2024,16127,0,False,False,[],68,0,0.004216269841269841,DS2,none,morning,False
3557049296311319252,Reel,630,Thursday,16,30,1,2025,4354762,6,True,False,"['conexãoglobonews.', 'globonews', 'lula', 'mercado', 'economia', 'brasil']",1388,230,0.0003715472001576205,DS2,niche_only,afternoon,False
3567714976024605955,Video,119,Friday,9,14,2,2025,2157,2,False,False,"['রিলস', 'ভাইরাল', 'হাইলাইট', 'শর্টস', 'ভিডিও', 'মেদিনীপুরের', 'অরিজিনাল', 'আমি', 'কমেডি', 'ফানি', 'viral', 'reelsinstagram']",59,25,0.03892493049119555,DS2,mixed,morning,False
3657875346993685360,Image,0,Wednesday,18,18,6,2025,41373,0,False,False,[],18,6,0.0005800744428868371,DS2,none,evening,False
3773421815625671784,Carousel,558,Tuesday,5,25,11,2025,731668,6,True,False,"['canmake', 'canmaketokyo', 'キャンメイク', 'かわいいに出会える', 'プチプラコスメ', 'メイク', 'アイシャドウ', 'アイメイク', '新商品', '新発売', '限定コスメ', 'キャンメイク新商品', 'makeup', 'canmake40周年', 'canmake40th', 'eyeshadow']",5830,10,0.007981751311043655,DS2,niche_only,night,False
3424885944878640521,Image,152,Thursday,7,1,8,2024,67,8,False,False,"['art', 'digitalart', 'digitalartist', 'anime', 'animeart', 'clipstudiopaint', 'posing', 'anatomy']",7,0,0.10294117647058823,DS2,niche_only,morning,False
3692328529179545934,Image,25,Tuesday,7,5,8,2025,7151,0,False,False,[],1,0,0.00013982102908277405,DS2,none,morning,False
3579668613280799501,Carousel,861,Sunday,21,2,3,2025,411712,0,True,False,[],200,5,0.0004979196673410847,DS2,none,evening,True
3650272111922463523,Image,327,Sunday,7,8,6,2025,7147,0,False,False,[],1,0,0.0001398992725237829,DS2,none,morning,True
3187955658486267838,Reel,2076,Saturday,10,9,9,2023,437245,0,True,False,[],2296,28,0.005315085786948308,DS2,none,morning,True
2473697550411886659,Image,32,Sunday,22,27,12,2020,486,2,False,False,"['staycozy', 'holyday']",10,1,0.022587268993839837,DS2,niche_only,evening,True
2903810688679458335,Image,133,Saturday,9,13,8,2022,1925,1,False,False,['pretemporada22-23'],41,0,0.021287642782969886,DS2,niche_only,morning,True
3647559058519076327,Carousel,189,Wednesday,13,4,6,2025,6404,0,False,False,"['뮤지컬', '도리안그레이']",337,0,0.052615144418423104,DS2,niche_only,afternoon,False
3708040150918648872,Carousel,229,Wednesday,0,27,8,2025,262,4,False,False,"['九州', '長崎県', '佐世保市', 'nikon', 'nikonzf', 'nikoncreators', 'スナップ', 'スナップフォト', 'スナップ写真', 'igersjp', '風景', '観光', '旅路', '旅行', 'なにげない瞬間を残したい', '写真好きな人と繋がりたい', 'カメラ好きな人と繋がりたい', '科学', '光', 'ハウステンボス']",73,0,0.27756653992395436,DS2,niche_only,night,False
3714256172372387787,Image,686,Thursday,13,4,9,2025,357926,0,True,False,[],399,0,0.0011147524495218298,DS2,none,afternoon,False
2763487469539361137,Video,175,Monday,18,31,1,2022,1075931,0,True,False,[],1210,170,0.0012826089381113306,DS2,none,evening,False
3642515528989246378,Image,47,Wednesday,14,28,5,2025,43317,0,False,False,[],4,0,9.234036659125537e-05,DS2,none,afternoon,False
3745595405104174100,Video,521,Friday,19,17,10,2025,78251,9,True,False,"['portodafolha', 'abusoinfantil', 'justiça', 'proteçãoinfantil', 'políciacivil', 'segurança', 'direitosdascrianças', 'combateaoabuso', 'denuncie']",838,44,0.011271277411439963,DS2,niche_only,evening,False
3409216708707088146,Image,636,Wednesday,16,10,7,2024,3843,27,False,False,"['wedding', 'bride', 'love', 'o', 'weddingdress', 'weddingday', 'u', 'photography', 'fashion', 'weddingplanner', 'makeup', 'bridal', 'prewedding', 'weddingphotographer', 'weddings', 'groom', 'party', 'engagement', 'instagood', 'weddingideas', 'like', 'instagram', 'makeupartist', 'photooftheday', 'weddingdecor', 'viral', 'trendingreels']",63,0,0.016389177939646202,DS2,mixed,afternoon,False
3634413904237392813,Reel,433,Saturday,9,17,5,2025,5448,14,False,False,"['mashibistro', 'mashi', 'fyp', 'korean', 'koreanfood', 'laspinas', 'vespaphilippines', 'vespa', 'vespagram', 'vespaworld', 'vespaclub', 'vespaclassic', 'vespaph', 'vespalovers']",3,0,0.0005505597357313268,DS2,mixed,morning,True
3412299459372477313,Image,745,Sunday,22,14,7,2024,210279,3,True,False,"['coach', 'escritor', 'astros']",1213,183,0.006638767357808636,DS2,niche_only,evening,True
3417636344758562235,Carousel,86,Monday,7,22,7,2024,234222,0,True,False,[],73,19,0.00039278806948933283,DS2,none,morning,False
3595428109918436233,Image,557,Monday,15,24,3,2025,12907,13,False,False,"['jeans', 'jeansatacado', 'newjeans', 'jeansplussize', 'jeansmurah', 'jeansatacado', 'atacadojeans', 'jeansvarejo', 'jeans2023', 'jeans2024', 'jeans2025', 'skinnyjeans', 'jeansfashion']",24,0,0.0018593120545398203,DS2,niche_only,afternoon,False
3646645616113700263,Image,121,Tuesday,7,3,6,2025,235098,7,True,False,"['ilmattino', 'primapagina', 'cambiodiparadigma', 'sscnapoli', 'economia', 'cronaca', 'pnrr']",38,2,0.0001701410894984666,DS2,niche_only,morning,False
3423682689446950544,Image,383,Tuesday,15,30,7,2024,1488,29,False,False,"['butterfly', 'buterflylovers', 'view', 'botany', 'summervibes', 'instagood', 'photooftheday', 'amazing', 'instamood', 'landscape', 'landscapelovers', 'landscapephoto', 'landscapephotography', 'naturephotography', 'nature', 'naturelovers', 'nature_perfection', 'natureshot', 'naturephoto', 'naturegram', 'naturelover', 'like4likes', 'likesforlike', 'l4likes', 'likes4like', 'likeforlikes', 'l4l', 'earthgallery', 'beautifulplanet']",64,4,0.04566823371390195,DS2,mixed,afternoon,False
3390378243510074656,Image,89,Friday,17,14,6,2024,541,5,False,False,"['art', 'anime', 'sketch', 'drawing', 'originalcharacter']",25,1,0.04797047970479705,DS2,niche_only,afternoon,False
3215703554713278883,Image,286,Tuesday,16,17,10,2023,2649,0,False,False,"['공구', '루솔배도라지즙', '루솔배도라지즙공구', '루솔배도라지', '배도라지즙', '배도라지즙공구', '루솔공구', '루솔', '육아템', '육아템빨', '육아공구']",2,0,0.0007547169811320754,DS2,niche_only,afternoon,False
3492568606838239181,Reel,93,Saturday,16,2,11,2024,37135903,0,True,False,[],73,1605,4.518538178039236e-05,DS2,none,afternoon,True
3608564440785699514,Image,37,Friday,18,11,4,2025,10526,0,False,False,[],281,13,0.02792818466799658,DS2,none,evening,False
3608648767203013539,Image,986,Friday,20,11,4,2025,8300,0,False,False,[],73,8,0.009757860498735092,DS2,none,evening,False
3411473417188738274,Video,802,Saturday,19,13,7,2024,2215,29,False,False,"['aes', 'professorbayyinahbello', 'melanin', 'cardib', 'africa', 'trump', 'loveislandusa', 'rihanna', 'mtv', 'theshaderoom', 'woc', 'rhoa', 'rhop', 'loveisblind', 'blacklivesmatter', 'willsmith', 'blackwomen', 'blm', 'loveisland', 'loveislandsa', 'readytolove', 'own', 'kyrieirving', 'haiti', 'burkinafaso', 'niger', 'mali', 'palestine', 'israel']",55,2,0.02572202166064982,DS2,niche_only,evening,True
2989653047898486239,Image,32,Friday,19,9,12,2022,877266,0,True,False,[],2231,20,0.002565923487376135,DS2,none,evening,False
3765329458706796302,Image,666,Friday,1,14,11,2025,7546,7,False,False,"['fraksha', 'kickinitwithkatija', 'kissfm', 'grime', 'aushiphop', 'specialguests', 'tunein']",36,1,0.004902610308731946,DS2,niche_only,night,False
3662009767261425285,Image,449,Tuesday,11,24,6,2025,2060714,1,False,False,['edigitalupdates'],2658,39,0.001308769043754231,DS2,niche_only,morning,False
3544304453921037987,Image,327,Monday,2,13,1,2025,639609,2,True,False,"['buriramunited', 'singhachiangraiunited']",7021,28,0.0110207782867685,DS2,niche_only,night,False
3529161111224324195,Carousel,288,Monday,4,23,12,2024,249085,0,True,False,"['디에디트', '매거진', '스누피', '유니클로']",275,0,0.0011040363569209029,DS2,niche_only,night,False
3627100229292298722,Carousel,908,Wednesday,7,7,5,2025,32641,0,False,False,"['مایو', 'مایوزنانه', 'مایومردانه', 'مایوخارجی', 'مایواسلیپ', 'شنا', 'لوازمشنا', 'مایوضدکلر', 'ارنا', 'آبدرمانی', 'استخر', 'تتلو', 'پوشاکزنانه', 'فشیال', 'اپیلاسیون', 'لیزر']",73,0,0.002236382574597145,DS2,niche_only,morning,False
3733613413328469315,Carousel,0,Wednesday,6,1,10,2025,15913,0,False,False,[],0,0,0.0,DS2,none,morning,False
1773426957862660072,Image,422,Sunday,17,6,5,2018,66,25,False,False,"['wienerdogworld', 'wiernerdoglove', 'dachshundsrule', 'doxiesrule', 'doxiecentral', 'dachshundsofig', 'dachshundsunited', 'dachshundappreciation', 'dachshundlife', 'dogsofinsta', 'doxiegram', 'doxies', 'dachshundsoftheday', 'dachshundreport', 'doxiephotography', 'doginstagram', 'dachshundlove', 'dachshundsofinstagram', 'ilovedchshunds', 'dachshundworld', 'adventureiscalling', 'imustgo', 'funnydogs', 'gurneewienerdog', 'wienerworld']",11,1,0.1791044776119403,DS2,niche_only,afternoon,True
1184303349498817133,Image,147,Saturday,21,13,2,2016,2842,1,False,False,['lategram'],15,3,0.006331340133661625,DS2,niche_only,evening,True
3657104237473956747,Carousel,100,Tuesday,17,17,6,2025,125114,0,True,False,[],1139,11,0.009191543779722654,DS2,none,afternoon,False
3453903741202728623,Reel,155,Tuesday,8,10,9,2024,11808,3,False,False,"['paragonbeautyhub', 'bercuanbersamaparagon', 'laborephysicalsunscreen']",15,0,0.0012702176306207131,DS2,niche_only,morning,False
985372698940896812,Image,101,Friday,10,15,5,2015,3672535,0,True,False,[],22809,570,0.006365900838004038,DS2,none,morning,False
3728768621347391174,Image,197,Wednesday,14,24,9,2025,4575,0,True,False,['оставка.'],59,2,0.01333041958041958,DS2,niche_only,afternoon,False
3643144022433700699,Carousel,791,Thursday,11,29,5,2025,154232,1,True,False,['the4horsemen'],153,9,0.00105035887261481,DS2,niche_only,morning,False
3598056517521377609,Carousel,312,Friday,6,28,3,2025,8170,0,False,False,"['제제(바쁘다바빠', '둥글이(친구가', '대식이(대더워!)', '순덕이(해가', '라떼(2층', '헤더(헤헤난', '수원애견카페', '동탄애견카페', '용인애견카페', '수원애견수영장', '동탄애견수영장', '용인애견수영장', '수원애견유치원', '동탄애견유치원', '화성애견유치원', '용인애견유치원', '수원애견호텔', '동탄애견호텔', '화성애견호텔', '용인애견호텔', '수원애견놀이터', '동탄애견놀이터', '화성애견놀이터', '용인애견놀이터', '수원애견용품', '동탄애견용품', '화성애견용품', '용인애견용품']",10,0,0.0012238404112103782,DS2,niche_only,morning,False
3440535651617686503,Carousel,153,Thursday,21,22,8,2024,147,9,False,False,"['softgel', 'uñas', 'nails', 'blackpink', 'tyla', 'nailart', 'maipu', 'santiago', 'chile']",19,3,0.14864864864864866,DS2,niche_only,evening,False
3416266702294940840,Reel,145,Saturday,10,20,7,2024,976152,1,True,False,['stveeji'],3598,220,0.003911272105909627,DS2,niche_only,morning,True
3662844132089369116,Carousel,27,Wednesday,15,25,6,2025,214574,0,False,False,[],73,12,0.00039613188861703367,DS2,none,afternoon,False
3428434528773173966,Carousel,236,Tuesday,5,6,8,2024,3079,5,False,False,"['anime', 'characterdesign', 'manga', 'scifi', 'cyberpunk']",58,2,0.01948051948051948,DS2,niche_only,night,False
3531315297848192256,Carousel,590,Thursday,4,26,12,2024,28935,2,False,False,"['buylessdemandmore', 'patagoniahk']",29,0,0.0010022117777163395,DS2,niche_only,night,False
3377089436774018733,Carousel,788,Monday,9,27,5,2024,1293,16,False,False,"['cosplay', 'madokamagica', 'cosplayer', 'comofun', 'photo', 'madokacosplay', 'madokakaname', 'anime', 'manga', 'madokamagicacosplay', 'con', 'wig', 'pink', 'mahoushoujo', 'puellamagimadokamagicacosplay', 'puellamagimadokamagica']",60,6,0.05100463678516229,DS2,niche_only,morning,False
3608265427916887814,Carousel,411,Friday,8,11,4,2025,38613,3,True,False,"['happyweekend', 'preciseshoes', 'sepatuprecise']",73,1,0.0019164033770135184,DS2,niche_only,morning,False
3633003566571009785,Carousel,940,Thursday,11,15,5,2025,58107,21,True,False,"['solotravel', 'travelblogger', 'whattraveltaughtme', 'solotravelers', 'traveltruths', 'solofemaletravel', 'travelmindset', 'personalgrowth', 'indiantravelblogger', 'travelblog', 'travelblogging', 'solotravelwoman', 'solotravelingisfun', 'solotravelgoals', 'solotraveller', 'solotravelindia', 'indian', 'indiangirlstravel', 'indiangirlswander', 'fypage', 'fyp']",3052,185,0.05570661526812143,DS2,mixed,morning,False
3371819625351176673,Carousel,267,Monday,2,20,5,2024,29122,0,False,False,[],619,3,0.021357689798441094,DS2,none,night,False
3597591818477424301,Image,276,Thursday,14,27,3,2025,18761,0,False,False,[],13,0,0.0006928898838076964,DS2,none,afternoon,False
3546247281202537314,Reel,201,Wednesday,18,15,1,2025,153905,9,False,False,"['fashion', 'outfit', 'sweaters', 'winter', 'clothing', 'haul', 'tryon', 'ootd', 'lotd']",207,12,0.0014229464738216833,DS2,niche_only,evening,False
3620413583684581667,Carousel,366,Monday,2,28,4,2025,9858,20,False,False,"['organictcl', 'sutraorganic', 'vintagebedding', 'organicsilk', 'tclanak', 'kidsbedroom', 'kidsbedding', 'spreianakmewah', 'premiumbedding', 'luxurybedding', 'bedding', 'kidsdecor', 'kidsbedding', 'spreianak', 'weddingbedding', 'homedecor', 'furniture', 'tencelultimate', 'premiumtensel', 'spreisultan']",0,0,0.0,DS2,niche_only,night,False
3657829404559938301,Image,100,Wednesday,17,18,6,2025,989,0,False,False,[],153,0,0.15454545454545454,DS2,none,afternoon,False
3580798555960661279,Image,949,Tuesday,10,4,3,2025,13801,6,False,False,"['ไอ้หนุ่มรถไถ', 'ช่อง8', 'ช่อง8กดเลข27', 'trueid', 'ละครช่อง8', 'ainuamrottractor', 'channel8', 'channel8', 'trueid', 'channel8drama', 'ไอ้หนุ่มรถไถ', 'ช่อง8กดเลข27', 'เข้มทุกเรื่องราวสุดทุกอารมณ์', 'ใครๆก็ดูช่อง8', 'ละครไทยจงเจริญ']",29,0,0.0021011447616287493,DS2,niche_only,morning,False
3586667798186989528,Image,91,Wednesday,12,12,3,2025,176269,2,False,False,"['punjabimodel04', 'punjabimodel004']",2739,99,0.0161003006751007,DS2,niche_only,afternoon,False
3613532647521713110,Image,57,Friday,14,18,4,2025,19314,0,False,False,[],344,4,0.018017085166968677,DS2,none,afternoon,False
3199687096959506965,Carousel,538,Monday,14,25,9,2023,8716,25,True,False,"['love', 'romance', 'bride', 'groom', 'marriage', 'gorgeous', 'glamour', 'fineart', 'fineartphotography', 'engagement', 'engagementsession', 'eshoot', 'beauty', 'loveisintheair', 'studio41photography', 'bigday', 'weddingdress', 'weddingsouioui', 'weddingphotography', 'weddingring', 'engagementring', 'michiganphotographer', 'detroitwedding', 'litbyhobolite', 'hoboliteambassador']",47,2,0.005621199954112654,DS2,mixed,afternoon,False
3491578442669252298,Image,509,Friday,8,1,11,2024,178730,4,True,False,"['amitshah', 'navgujaratsamaynews', 'navgujaratsamay', 'kastbhanjan_hanumanji']",1471,0,0.0082302454526635,DS2,niche_only,morning,False
3550307492371119428,Image,305,Tuesday,8,21,1,2025,2945,30,False,False,"['newyear', 'happynewyear', 'christmas', 'love', 'newyearseve', 'instagood', 'instagram', 'happy', 'fashion', 'photography', 'winter', 'goals', 'party', 'photooftheday', 'like', 'newyears', 'tahunbaru', 'new', 'art', 'january', 'family', 'travel', 'nye', 'explore', 'trending', 'celebration', 'merrychristmas', '2025', 'fitness', 'holidaypackages']",63,9,0.024439918533604887,DS2,mixed,morning,False
3193957951564156088,Image,30,Sunday,16,17,9,2023,15272,0,False,False,[],73,17,0.0058927519151443725,DS2,none,afternoon,True
3503338818126081744,Image,668,Sunday,13,17,11,2024,27157,7,False,False,"['joymohunbagan', 'marinersbasecamp', 'ultrasmohunbagan', 'ultraslife', 'ultrasmentality', 'ultrasmerchandise', 'ultrashoodie']",415,6,0.015501877899698063,DS2,niche_only,afternoon,True
3048092883320836926,Image,715,Tuesday,10,28,2,2023,6804852,0,True,False,[],388806,6158,0.058041518310535146,DS2,none,morning,False
3665077068614659948,Image,739,Saturday,17,28,6,2025,38276,30,True,False,"['iiia', 'iiiaward', 'iiiawards', 'india', 'international', 'influencer', 'award', 'awards', 'dubai🇦🇪', 'abudhabi', 'uae', 'dubai', 'dubailuxury', 'dubailife', 'event', 'arab', 'awardshow', 'influencer', 'blogger', 'creator', 'bollywood', 'business', 'brands', 'kunalthakkar', 'eventzfactory', 'sponsor', 'sponsorship', 'entrepreneur', 'arabic', 'celebrity']",73,0,0.0019071505081380464,DS2,niche_only,afternoon,True
3660663005296747284,Image,243,Sunday,15,22,6,2025,189195,0,False,False,"['طباعه', 'هلافبراير#']",0,0,0.0,DS2,niche_only,afternoon,True
3656344078132944720,Carousel,617,Monday,16,16,6,2025,97228,13,False,False,"['memes', 'memepage', 'meme', 'tumblr', 'twitter', 'tumblrmemes', 'funny', 'lol', 'folllow', 'caption', 'textpost', 'textpostmemes', 'haha']",16368,116,0.1695378950724578,DS2,niche_only,afternoon,False
1347828109021655842,Image,176,Monday,12,26,9,2016,3377,4,False,False,"['stepintoourworld', 'piarossini', 'glamoroushands', 'winterfashion']",10,1,0.003256364712847839,DS2,niche_only,afternoon,False
3095162120944550462,Carousel,22,Thursday,9,4,5,2023,5542,0,False,False,[],606,4,0.11004871008479163,DS2,none,morning,False
3419518087496996845,Carousel,291,Wednesday,21,24,7,2024,1588,17,False,False,"['gundam', 'gunpla', 'gunplaphotography', 'gunplacommunity', 'anime', 'zoids', 'legos', 'modelkit', 'digimon', 'pokemon', 'bandai', 'otaku', 'model', 'fyp', 'rggundam', 'bandai', 'bandainamco']",11,0,0.006922592825676526,DS2,mixed,evening,False
3704353883430878131,Carousel,0,Thursday,21,21,8,2025,9774,0,False,False,[],133,6,0.014219948849104859,DS2,none,evening,False
3656561472316306438,Image,62,Monday,23,16,6,2025,180144,0,True,False,[],39,1,0.00022204335396486163,DS2,none,evening,False
2630070605083228893,Image,451,Saturday,16,31,7,2021,57715,30,False,False,"['instagood', 'ootd', 'instaday', 'instatravel', 'lovetotravel', 'bloggerlifestyle', 'trending', 'traveljunkie', 'instafollow', 'follow', 'aiaawards', 'instadaily', 'fashion', 'lifestyleinfluencer', 'travel', 'followme', 'instalikes', 'lifestyle', 'fashioninfluencer', 'aiaawards2021', 'influencerlifestyle', 'travelblogger', 'love', 'likeforfollow', 'instainfluencer', 'likeforlikes', 'fashionblogger', 'instaphotography', 'lifestyleblogging', 'instalove']",1504,29,0.02656109224478481,DS2,mixed,afternoon,True
3659781991566601315,Image,460,Saturday,10,21,6,2025,32595,10,False,False,"['isigny', 'isignysaintemère', 'normandie', 'glace', 'icecream', 'glaceartisanale', 'cremeglacee', 'recette', 'cream', 'tasteofisigny']",6061,10,0.18624984660694563,DS2,niche_only,morning,True
3617115765922905329,Image,260,Wednesday,13,23,4,2025,39168,0,False,False,[],38,0,0.0009701549694911793,DS2,none,afternoon,False
3660211596400077364,Carousel,25,Sunday,0,22,6,2025,26306,0,False,False,[],1513,8,0.057817310981867945,DS2,none,night,True
3727299538101860877,Carousel,625,Monday,13,22,9,2025,283139,5,True,False,"['navratriutsa', 'sunilshelke', 'maval', 'नवरात्रीउत्सव', 'khandala', 'iejagdamba']",2420,4,0.008561135833863106,DS2,niche_only,afternoon,False
3518459959488345761,Reel,463,Sunday,10,8,12,2024,174510,7,False,False,"['アロッタ', '大人フェミニンコーデ', 'alotta', 'alottaコーデ', 'デートコーデ', 'オフィスカジュアル', '271525', '271644', '271063', '271610', '271822']",73,1,0.000424042037464687,DS2,niche_only,morning,True
3342663496084577792,Image,140,Tuesday,21,9,4,2024,932,10,False,False,"['waheguru', 'gurudawara', 'sukoon', 'peace', 'sukoon', 'dehradun', 'india', 'momlife', 'mylife', 'uttarakhand']",43,2,0.04823151125401929,DS2,niche_only,evening,False
2007592345161014812,Image,1622,Monday,19,25,3,2019,11614,7,False,False,"['pakistan', 'minorityrights', 'humanrights', 'pakistannews', 'pakistanistartup', 'pakistanmediaindustry', 'thenewsrun']",10,1,0.0009470512268618166,DS2,niche_only,evening,False
3086416761008476461,Image,778,Saturday,7,22,4,2023,9334,1,False,False,['magoperegrino'],44,3,0.0050348152115693625,DS2,niche_only,morning,True
3489052922779120085,Image,2157,Monday,20,28,10,2024,1909,0,False,False,[],1,0,0.0005235602094240838,DS2,none,evening,False
3657903226589768028,Image,0,Wednesday,19,18,6,2025,46910,0,False,False,[],319,2,0.006842744772015092,DS2,none,evening,False
3242796622539096188,Image,12,Friday,2,24,11,2023,657,1,False,False,['israelkoyak'],1,0,0.001519756838905775,DS2,niche_only,night,False
3645354729224256032,Image,45,Sunday,12,1,6,2025,6205,0,False,False,[],46,0,0.007412181759587496,DS2,none,afternoon,True
3539431328098724383,Reel,420,Monday,8,6,1,2025,1088131,4,True,False,"['karlasofiagascon', 'goldenglobes', 'globosdeoro', 'discurso']",970,297,0.0011643807920362604,DS2,niche_only,morning,False
3656316814492742954,Image,441,Monday,15,16,6,2025,34308,0,False,False,[],3,0,8.74406132501676e-05,DS2,none,afternoon,False
3581477331359401962,Image,240,Wednesday,9,5,3,2025,23342,2,False,False,"['wazeebabyrompers', 'wazeemarch2025']",0,0,0.0,DS2,niche_only,morning,False
3629621721403234328,Image,213,Saturday,19,10,5,2025,12204,3,True,False,"['beachsoccer', 'tupantallafavorita', 'tigosportshn.']",7,0,0.0005735354362965998,DS2,niche_only,evening,True
3583733100644021861,Image,0,Saturday,11,8,3,2025,6692,0,False,False,[],2,0,0.00029881966233378154,DS2,none,morning,True
3660552305919112544,Image,0,Sunday,11,22,6,2025,189298,0,True,False,[],313,75,0.002049667457302997,DS2,none,morning,True
3575358072149064207,Carousel,129,Monday,22,24,2,2025,17430,4,False,False,"['maquiagemcarnaval', 'maquiagem', 'carnaval2025', 'explorar']",73,2,0.004302679134874649,DS2,niche_only,evening,False
3668714378007570523,Image,441,Thursday,17,3,7,2025,412723,0,True,False,[],1138,352,0.0036101607854159196,DS2,none,afternoon,False
3372649889261735327,Image,228,Tuesday,6,21,5,2024,10731094,0,True,False,[],2559,122,0.0002498347093190397,DS2,none,morning,False
3732787372283742831,Image,570,Tuesday,3,30,9,2025,7300,30,False,False,"['biskutraya', 'cookies', 'homemadecookies', 'creampuff', 'durian', 'foodporn', 'putrajaya', 'cyberjaya', 'choccake', 'sepang', 'dengkil', 'creampuffputrajaya', 'dessert', 'marblecake', 'malaysiandessert', 'creampuffcyberjaya', 'kuih', 'bts', 'goodies', 'muffins', 'chocolate', 'brownies', 'cheesecake', 'mangocheesecake', 'lotusbiscoff', 'biscoffcheesecake', 'victoriasandwichcake', 'buttercake', 'bentocake', 'cupcake']",1,0,0.00013696753869332968,DS2,niche_only,night,False
3655144438386892888,Carousel,192,Sunday,0,15,6,2025,26155,0,False,False,[],32,1,0.0012616608044043432,DS2,none,night,True
3623715839952228079,Carousel,209,Friday,15,2,5,2025,10812,0,False,False,[],1,0,9.248127254231018e-05,DS2,none,afternoon,False
3637785922504239592,Carousel,108,Thursday,1,22,5,2025,12668,0,False,False,"['❤️黒プー倶楽部', '黒プー倶楽部']",691,24,0.05643697213671166,DS2,niche_only,night,False
3607971618766936216,Image,23,Thursday,22,10,4,2025,75169,0,False,False,[],4802,44,0.06446720766263137,DS2,none,evening,False
3559108860067864858,Image,274,Sunday,12,2,2,2025,16024,2,True,False,"['redvelvetcake', 'dessertgoals']",73,1,0.004617784711388456,DS2,niche_only,afternoon,True
3609567120818173964,Carousel,18,Sunday,3,13,4,2025,10322,0,False,False,[],73,2,0.007265329845975007,DS2,none,night,True
3305644292750844610,Carousel,185,Sunday,19,18,2,2024,33913,7,True,False,"['zara', 'zaraoutfit', 'ootd', 'ootdfashion', 'moda', 'streetstyle', 'styleinspo']",73,49,0.0035973344341569853,DS2,niche_only,evening,True
2910674749417754249,Image,352,Monday,20,22,8,2022,6795,29,False,False,"['cheguevara', 'fidelcastro', 'cuba', 'raza', 'chicano', 'chicana', 'mexican', 'chicanopower', 'brownpride', 'xicano', 'xicana', 'turtleisland', 'chicanonation', 'aztlanlibreysocialista', 'aztlanlibre', 'aztlan', 'vivalaraza', 'pachamama', 'indigenous', 'indigenousrising', '7thgeneration', 'notyourimmigrant', 'landback', 'antiimperialism', 'socialism', 'politics', 'racism', 'liberation', 'revolution']",73,8,0.011918775750441436,DS2,niche_only,evening,False
3256235687975719509,Carousel,79,Tuesday,15,12,12,2023,97,0,False,False,[],9,0,0.09183673469387756,DS2,none,afternoon,False
2867602123959041188,Image,902,Friday,10,24,6,2022,8166,28,False,False,"['maeaurel', 'maeaurelfamily', 'breakfastallday', 'pancakeallday', 'breakfastinvienna', 'coffee', 'coffeelifestyle\u2060', 'brunchathome', 'brunchbox', 'brunchwien', 'geburtstagsbrunch', 'supportlocals\u2060', 'lovefood', 'wien', 'breakfast', 'brunchvienna', 'coffeevienna', 'kaffeewien', 'bestcoffee', 'pancakes', 'viennafoodguide', 'viennabrunch', 'brinner', 'stephansplatz', 'breakfastfordinner', 'homemade', 'coffeelover', 'eggs']",28,0,0.003428431492592139,DS2,niche_only,morning,False
3733111980602409519,Carousel,547,Tuesday,14,30,9,2025,2451,1,False,False,['xiaozhan'],49,2,0.020799347471451877,DS2,niche_only,afternoon,False
3712775387455137826,Carousel,221,Tuesday,12,2,9,2025,18648,2,False,False,"['ドバイ', 'ブルジュハリファ', 'dubai', 'uae🇦🇪']",577,0,0.030939996782669312,DS2,niche_only,afternoon,False
3601895040422538032,Image,341,Wednesday,13,2,4,2025,29018,20,False,False,"['chicard', 'chicard_official', 'newcollection', 'ss2025', 'new', 'collection', 'greekbrand', 'greekdesigners', 'designer', 'fashionstyle', 'fashiondesigner', 'ootd', 'photooftheday', 'style', 'ootdfashion', 'instafashion', 'newyork', 'streetfashion', 'streetstyle', 'streetphotography']",169,2,0.005892690995554637,DS2,niche_only,afternoon,False
2750627090422648391,Carousel,288,Friday,0,14,1,2022,272,19,False,False,"['krechnif', 'krechnifseget', 'rebbe', 'chosid', 'yerushalayim', 'israel', 'rabbi', 'global', 'usa', 'london', 'europe', 'jew', 'jewish', 'jewishcommunity', 'jerusalem', 'williamsburg', 'chasidim', 'eu', 'hasidic']",7,0,0.02564102564102564,DS2,niche_only,night,False
3470738359809714550,Carousel,732,Thursday,14,3,10,2024,1355,14,False,False,"['artwalk', 'atitudeartwalk', 'atitudeartwalk👊🏽', 'nike', 'nikebr', 'nikebrasil', 'nikeairmax', 'nikeairmax', 'airmax', 'aixmaxplus', 'niketn', 'nikeairmaxplus', 'nikeairmaxsunset', 'airmaxsunset']",73,0,0.05383480825958702,DS2,niche_only,afternoon,False
3480954837840035114,Carousel,164,Thursday,16,17,10,2024,385550,0,False,False,[],18513,71,0.0482011458925019,DS2,none,afternoon,False
3631421951474794532,Image,235,Tuesday,6,13,5,2025,7973,1,False,False,"['сысерть', 'sysert']",12,1,0.0016302984700275896,DS2,niche_only,morning,False
3468347918653108370,Carousel,111,Monday,6,30,9,2024,276935,0,True,False,[],4080,27,0.01483014126007453,DS2,none,morning,False
3587987560332269623,Carousel,716,Friday,8,14,3,2025,156285,10,True,False,"['holi', 'detox', 'dietwithvaani', 'dietplan', 'dietmeal', 'bloating', 'healthyeating', 'foodlover', 'rice', 'asmr']",303,97,0.0025594103118641463,DS2,niche_only,morning,False
3731647964453491281,Image,436,Sunday,13,28,9,2025,16832927,8,True,False,"['asiacup2025', 'indvspak', 'teamindia', 'cricketfinal', 'rinkusingh', 'hardikpandya', 'aajtaksocial', 'atcard']",91931,825,0.005510390111571796,DS2,niche_only,afternoon,True
3585331545846188243,Image,305,Monday,16,10,3,2025,26712,0,False,False,[],70,2,0.0026953168869089956,DS2,none,afternoon,False
2397681217807781677,Image,162,Monday,1,14,9,2020,5100,0,False,False,[],80,5,0.016663399333464026,DS2,none,night,False
3752090267743513301,Image,181,Sunday,18,26,10,2025,11128,2,False,False,"['ecuadortaurino', 'elfandi2025']",1074,14,0.0977626022104412,DS2,niche_only,evening,True
3648237744073795562,Image,539,Thursday,11,5,6,2025,14788,0,False,False,"['سرایر', 'سرایر_دورین', 'سرایر_نفر', 'سرایر_نفر_نفرین', 'سرایر_حدید', 'سرایر_مراتب', 'سرایر', 'سرایر_تفصيل_حسب_الطلب', 'سرائر', 'سرایر_ترکیب', 'سرایر_نفر', 'سراير', 'مراتب_طبية', 'دواشق_طبية', 'فرشات_سرير', 'سرایر_طبیه', 'سرایر_خشب', 'سرایر_دورین', 'سرایر_مراتب', 'أثاث', 'اثاث_ومفروشات', 'اثاث_منزلي', 'اثاث_الكويت', 'اثاث_منزل', 'دورين', 'سرير', 'سرير_حديد', 'سرير_دورين', 'سرير_طبي', 'سرير_طابقين', 'سراير_دورين', 'سراير', 'سراير_خشب']",0,0,0.0,DS2,niche_only,morning,False
2775952081285506789,Image,224,Thursday,23,17,2,2022,4329211,1,True,False,['cbstreamer'],29463,133,0.0068363480467115035,DS2,niche_only,evening,False
3017751372188348339,Image,725,Tuesday,14,17,1,2023,71977,6,True,False,"['menil', 'menilcollection', 'walterdemaria', 'meaningless', 'conceptualart', 'participatoryart']",242,4,0.00341771096723999,DS2,niche_only,afternoon,False
3647673524857437451,Image,1145,Wednesday,17,4,6,2025,12282,21,False,False,"['cmafest2025', 'nashvillehair', 'nashvillestylist', 'nashvilleextensions', 'franklintnhair', 'tennesseestylist', '615hair', 'bellamihairpro', 'hairextensionsspecialist', 'hairextensionreferral', 'extensionglowup', 'referralprogram', 'newclientspecial', 'bellamiextensions', 'invisiblebeadextensions', 'summerhairgoals', 'bookedandbusy', 'growyoursalon', 'clientreferralprogram', 'attractnewclients', 'hairbyme']",47,1,0.003907840104209069,DS2,niche_only,afternoon,False
3633168063509503304,Image,0,Thursday,16,15,5,2025,25441,0,False,False,[],12,0,0.00047166103293766216,DS2,none,afternoon,False
3627418129464199137,Carousel,237,Wednesday,18,7,5,2025,37705,0,True,False,[],293,17,0.008221503209038349,DS2,none,evening,False
3633138517163143264,Image,44,Thursday,15,15,5,2025,18508,0,False,False,[],4,0,0.00021611108109568318,DS2,none,afternoon,False
3608071778636559743,Image,628,Friday,1,11,4,2025,11653,30,False,False,"['tudungbawal', 'kualalumpur', 'tudungonline', 'johor', 'terengganu', 'pulaupinang', 'kedah', 'perak', 'pahang', 'perlis', 'sabah', 'sarawak', 'hijabstore', 'negerisembilan', 'neelofa', 'wholesalehijab', 'rayahijab', 'shawlputerisarah', 'shawlinnerturban', 'bawalcorak', 'philippinesonlineshop', 'fabulouscolor', 'raya20232024', 'promoramadhan', 'promoraya', 'shawlinnertravel', 'umminazeera', 'shawlturban', 'aisyahexclusive', 'koleksiraya']",0,0,0.0,DS2,niche_only,night,False
3633627951443582358,Carousel,114,Friday,7,16,5,2025,6298,0,False,False,[],9,0,0.0014287982219399905,DS2,none,morning,False
3663768144689856119,Carousel,458,Thursday,22,26,6,2025,115771,0,False,False,[],88,1,0.0007687523753584632,DS2,none,evening,False
2890843996208063619,Image,327,Tuesday,11,26,7,2022,19819,17,False,False,"['dachshund', 'dachshundsofinstagram', 'dachshundoftheday', 'dachshundlove', 'minidaxie', 'doxie', 'daxie', 'wiener', 'miniaturedachshund', 'sausagedog', 'sausagedogcentral', 'dachshundoftheday', 'dogsofinstagram', 'dogmodel', 'hotdog_squad_goals', 'weenie', 'doglovers']",93,14,0.005398587285570132,DS2,niche_only,morning,False
3792199605908202813,Carousel,382,Sunday,2,21,12,2025,12288,0,False,False,[],101,0,0.008218732199528032,DS2,none,night,True
3622862670903484258,Carousel,611,Thursday,11,1,5,2025,46638,4,True,False,"['diadotrabalho', 'cirurgiaplastica', 'drguilhermeguisard', 'medicina']",90,5,0.002036921889405862,DS2,niche_only,morning,False
3781772048755091597,Carousel,574,Saturday,17,6,12,2025,160684,0,False,False,"['کتونی_رانینگ', 'نایک_جدید', 'نایک_اینیاتور', 'نایک_اینیشیتر', 'نایک_وی۵', 'وی۵', 'ویتوکی', 'نایک_رانینگ', 'کتونی_جدید']",150,0,0.0009335034384043314,DS2,niche_only,afternoon,True
3599761105602839495,Image,348,Sunday,14,30,3,2025,11065,12,False,False,"['restaurant', 'restoran', 'ristorante', 'lasaña', 'trattoria', 'gnocchi', 'ñoquis', 'pizza', 'pasta', 'comidaitaliana', 'cocinaitaliana', 'restaurante', 'puertovaras']",22,1,0.002078438460148202,DS2,niche_only,afternoon,True
3608168889642125851,Carousel,41,Friday,4,11,4,2025,65416,0,False,False,[],447,8,0.0069553785713193815,DS2,none,night,False
3644528978491909471,Image,281,Saturday,8,31,5,2025,278,5,False,False,"['coffee', 'cafe', 'drink', 'coffeetime', 'coffeedaily']",15,0,0.053763440860215055,DS2,niche_only,morning,True
2593133914201911994,Image,509,Thursday,17,10,6,2021,135,30,False,False,"['dogsdaily', 'frenchbulldogs', 'dogsoninstagram', 'dogsoftheday', 'dogselfie', 'hikingwithdogs', 'dogsofnyc', 'happydogs', 'excellent_dogs', 'dogsmile', 'dogsofcanada', 'dogsarethebest', 'dogslovers', 'ilovemydogs', 'dogsofaustralia', 'dogsofmelbourne', 'dogshow', 'dogsalon', 'funnydogs', 'dogsitter', 'dogsofboston', 'seniordogs', 'dogspa', 'weratedogs', 'dogstar', 'buzzfeeddogs', 'dogswhohike', 'adventuredogs', 'shelterdogs', 'dogstylist']",7,1,0.058823529411764705,DS2,niche_only,afternoon,False
2991980475232954333,Image,208,Tuesday,0,13,12,2022,59,5,False,False,"['代写', '代写加急', '论文代写', '代写论文', '代写作业', '代写课堂考试', '代写essay', 'essay代写', '代写paper', '代写thesis', '代考', 'essayhelp', 'essaywriting', '英国论文代写', '澳洲论文代写', '代写', '美国论文代写', '网课代修', '代写英语作业', '代写proposal', '网课代上', '代考', '代考', 'dissertation', 'quiz']",0,0,0.0,DS2,niche_only,night,False
3625576578721783300,Image,0,Monday,5,5,5,2025,8964,0,False,False,[],302,30,0.03703290574456219,DS2,none,night,False
3792928652690831020,Carousel,162,Monday,2,22,12,2025,2809,3,False,False,"['starwars', 'bobafett', 'dindjarin']",73,15,0.03131672597864769,DS2,niche_only,night,False
2531468063071696769,Image,588,Wednesday,15,17,3,2021,1267,16,False,False,"['252', 'chassidus', 'lpi', 'torah', 'spirituality', 'torahlife', 'jewish', 'judaism', 'mysticism', 'torah', 'hasidic', 'moshiach', 'breslov', 'chabad', 'jewishquotes', 'torahtruth']",15,0,0.011829652996845425,DS2,niche_only,afternoon,False
3355272968605611143,Reel,12,Saturday,6,27,4,2024,53342,0,False,False,[],239,0,0.004480437920626887,DS2,none,morning,True
3591985371757550119,Carousel,1033,Wednesday,21,19,3,2025,155092,4,True,False,"['xlbullyban', 'americanbulldog', 'wales', 'xlbully']",679,26,0.004545659700953621,DS2,niche_only,evening,False
2695401900430107962,Carousel,1002,Friday,19,29,10,2021,12364,16,True,False,"['poderpersonal', 'confianza', 'autoestima', 'coaching', 'coach', 'inteligenciaemocional', 'imagenpersonal', 'coachdeimagen', 'motivacion', 'resultados', 'comunicacionnoverbal', 'woman', 'mujerholistica', 'mujeresvalientes', 'mujeremprendedora', 'mujerempoderada.']",409,179,0.04755357864941367,DS2,niche_only,evening,False
3638203570365567899,Carousel,54,Thursday,15,22,5,2025,62900,0,False,False,[],262,3,0.00421296958712898,DS2,none,afternoon,False
3621604977836808425,Image,0,Tuesday,17,29,4,2025,70457,0,False,False,[],1653,68,0.024425899117204577,DS2,none,afternoon,False
2303081041574925369,Reel,910,Wednesday,12,6,5,2020,138906,29,False,False,"['teamcoacheyfa.', 'dramasweetdreams', 'tv3', 'sayanakcantik', 'sayanakkurus', 'tipsdiet', 'dietseimbang', 'dietatkins', 'dietkalori', 'jomkurus', 'atkins', 'tipskuruscepat', 'kelasbakingkl', 'hantarankahwin', 'makanandiet', 'singaporefood', 'kamaladli', 'sayasukamakan', 'foodbrunei', 'kurusselepasraya', 'kakimakan', 'cariakudisyurga', 'bajuraya2020', 'kevinzahri', 'sghalalfood', 'seronoknyaraya', 'kauyangpertama', 'setelahterlafaznyaakad', 'eatcleanfood']",14,0,0.00010078685739379585,DS2,niche_only,afternoon,False
3202810788834879747,Reel,72,Friday,22,29,9,2023,89873,1,True,False,['lasvegas'],393,18,0.004573068963215168,DS2,niche_only,evening,False
3764408713021788981,Reel,0,Wednesday,18,12,11,2025,1669172,0,True,False,[],23769,100,0.01429989581667089,DS2,none,evening,False
3607145356446411445,Image,693,Wednesday,19,9,4,2025,17454,29,False,False,"['donblueyachting', 'paros', 'parosisland', 'parosgreece', 'antiparos', 'antiparosisland', 'antiparoslove', 'antiparos_island', 'panteronisia', 'cyclades', 'yachtlife', 'discovergreece', 'visitgreece', 'forevergreece', 'grecia', 'greece', 'greece_moments', 'greecelover', 'greece_vacations', 'travelinspiration', 'greece_is_awesome', 'bestdestinations', 'beautifuldestinations', 'bbctravel', 'traveldeeper', 'islasgriegas', 'travelinspiration', 'privatecruises', 'rentaboat']",73,8,0.004640504153537668,DS2,niche_only,evening,False
3615101929962555909,Image,3,Sunday,18,20,4,2025,10175,0,False,False,[],42,4,0.004520440251572327,DS2,none,evening,True
3739643658493552853,Carousel,641,Thursday,14,9,10,2025,1491,17,False,False,"['dachgeschosswohnung', 'sendling', 'dachterrasse,', 'notartermin', 'wohnung', 'werbung)', 'homestagingworks', 'westpark', 'schnellerverkaufen', 'immobilie', 'wohnenaufdemdach', 'schönerwohnen', 'interiordesign', 'dekoliebe', 'decoration', 'immobilienmünchen', 'instagram']",20,2,0.014745308310991957,DS2,mixed,afternoon,False
3655948678369632044,Carousel,384,Monday,3,16,6,2025,239907,11,True,False,"['sober.', 'canneslions2025', 'hellosunshine', 'canneslions', 'cannes', 'soulfulspeaker', 'createchange', 'visionaryvoices', 'consciouscreative', 'purposedrivenwoman', 'sobrietyismysuperpower']",73,29,0.00042516297914200443,DS2,niche_only,night,False
3641966339691585355,Carousel,267,Tuesday,20,27,5,2025,9127,0,False,False,[],307,21,0.03593339176161262,DS2,none,evening,False
3423591835597475398,Carousel,5,Tuesday,12,30,7,2024,1259724,0,True,False,[],27043,78,0.021529302030205005,DS2,none,afternoon,False
3470715163153146074,Carousel,6,Thursday,13,3,10,2024,50978,0,False,False,[],466,5,0.00923909845230389,DS2,none,afternoon,False
3590263562502712154,Image,103,Monday,11,17,3,2025,16561,0,False,False,[],9,0,0.0005434126313247192,DS2,none,morning,False
2459821386498418327,Image,0,Tuesday,18,8,12,2020,692,0,False,False,[],21,0,0.030303030303030304,DS2,none,evening,False
3651689594005519454,Carousel,27,Tuesday,6,10,6,2025,14137,0,False,False,[],2,0,0.00014146272457207527,DS2,none,morning,False
3582538851465382010,Carousel,0,Thursday,20,6,3,2025,87153,0,False,False,[],5,0,5.7369713380911946e-05,DS2,none,evening,False
2495037901047246949,Image,333,Tuesday,9,26,1,2021,644,1,False,False,['saber'],18,16,0.05271317829457364,DS2,niche_only,morning,False
3635535042827333072,Image,0,Sunday,23,18,5,2025,77983,0,False,False,[],18,1,0.00024363972096840377,DS2,none,evening,True
3151225860703740350,Carousel,41,Thursday,17,20,7,2023,857,0,False,False,[],53,3,0.06526806526806526,DS2,none,afternoon,False
3485190506991391855,Carousel,20,Wednesday,12,23,10,2024,2073446,0,False,False,[],10047,88,0.0048879956902684275,DS2,none,afternoon,False
3675136376102616756,Carousel,19,Saturday,14,12,7,2025,632,0,False,False,[],96,0,0.15165876777251186,DS2,none,afternoon,True
3676575296900063026,Video,1210,Monday,14,14,7,2025,5106,7,False,False,"['kosmetikstudio', 'hautpflege', 'gesichtsbehandlung', 'beautyberlin', 'strahlendehaut', 'neubeiuns', 'kosmetikwien', 'косметологспб', 'уходзалицом', 'чисткакосметолога', 'салонкрасоты', 'новинкасалона', 'сияйкаждыйдень']",14,0,0.0027413354219698455,DS2,niche_only,afternoon,False
3653299942358491657,Image,307,Thursday,11,12,6,2025,2117639,0,True,False,[],114,6,5.6666855556185186e-05,DS2,none,morning,False
3629454587706064587,Carousel,350,Saturday,13,10,5,2025,627592,0,True,False,[],318,0,0.0005066978121170886,DS2,none,afternoon,True
2921097951604822951,Image,325,Tuesday,5,6,9,2022,283847,30,False,False,"['medical', 'medicine', 'doctor', 'health', 'healthcare', 'hospital', 'doctors', 'nurse', 'covid', 'medicalstudent', 'neet', 'surgery', 'mbbs', 'medstudent', 'medschool', 'medico', 'science', 'medicalschool', 'pharmacy', 'surgeon', 'anatomy', 'bhfyp', 'nursing', 'biology', 'coronavirus', 'education', 'love', 'medlife', 'nurses', 'aiimsdelhi']",1395,16,0.0049709703785124435,DS2,mixed,night,False
3645946081898316675,Carousel,45,Monday,7,2,6,2025,7094,0,False,False,[],73,1,0.010429880197322057,DS2,none,morning,False
3450122898191557226,Image,245,Thursday,3,5,9,2024,8876987,1,True,False,['shopeelebihmurah'],489,36,5.9141681840732463e-05,DS2,niche_only,night,False
3234123904908354067,Image,318,Sunday,2,12,11,2023,195,20,False,False,"['explore', 'quran', 'reels', 'islam', 'palestine🇵🇸', 'palestine', 'photo', 'ajr', 'syria', 'foryou', 'fyp', 'fyp', 'fwollow', 'jordan', 'like', 'lebanon', 'beautiful', 'bestfriends', 'muslim', 'morocco', 'لايك', 'اقترب_للناس_حسابهم_وهم_في_غفلة_معرضون', 'احمدالعجمي', 'اكسبلور', 'اكسبلور', 'يوم_الجمعة', 'التوبه', 'اجر', 'اذكار', 'ماهرالمعيقلي', 'مسلم', 'اختبارات']",13,2,0.07653061224489796,DS2,mixed,night,True
3383123821106714455,Image,144,Tuesday,16,4,6,2024,508,2,False,False,"['escatologia', 'israel']",4,1,0.009823182711198428,DS2,niche_only,afternoon,False
3601942158336176142,Image,0,Wednesday,14,2,4,2025,11793,0,False,False,[],27,1,0.0023740885195862303,DS2,none,afternoon,False
3579117865901419738,Carousel,606,Sunday,2,2,3,2025,408386,13,True,False,"['kampunginggriswe', 'kampunginggris', 'kampunginggrispare', 'kampunginggriskediri', 'belajarbahasainggris', 'worldenglish', 'englishcourse', 'englishclass', 'kursusbahasainggris', 'bahasainggris', 'kursusbahasainggris', 'belajarbahasainggrisonline', 'kosakatabahasainggris']",4823,61,0.011959244540105341,DS2,niche_only,night,True
3575417492518505899,Carousel,184,Tuesday,0,25,2,2025,126978,0,False,False,[],37,1,0.00029926208270658925,DS2,none,night,False
3716763590688217832,Carousel,245,Monday,0,8,9,2025,111522,0,True,False,['쉬프트앤'],73,4,0.000690440536929602,DS2,niche_only,night,False
3433375024168276707,Carousel,313,Tuesday,0,13,8,2024,11920,26,False,False,"['visitmexico', 'mexicodesconocido', 'mexicoandando', 'mexicolindo', 'mexicomagico', 'amor', 'pueblomagico', 'turismo', 'turismomexico', 'love', 'fashion', 'instagood', 'style', 'photooftheday', 'beautiful', 'follow', 'beauty', 'like4like', 'model', 'cute', 'followme', 'repost', 'happy', 'instagram', 'amazing', 'photography']",641,10,0.0546095126247798,DS2,mixed,night,False
3105434258617658085,Carousel,1206,Thursday,13,18,5,2023,30245,8,False,False,"['9-1962', '8)', 'lucilleball', 'debbiereynolds', 'rollsroyce', 'mullinerparkward', 'silvercloud', 'ivanboesky']",278,5,0.009356609138398466,DS2,niche_only,afternoon,False
3482723603470335423,Carousel,1530,Sunday,2,20,10,2024,115654,0,True,False,['謝國樑罷免案'],639,7,0.0055855777960313,DS2,niche_only,night,True
3556246455456544352,Carousel,330,Wednesday,13,29,1,2025,13707,8,False,False,"['dondadtrump', 'enriquesantosshow', 'enriquesantosnoticias', 'trump', 'donaldtrump', 'usa', 'iheartradio', 'iheartlatino']",593,67,0.04814706740589437,DS2,niche_only,afternoon,False
3479344111826803552,Carousel,182,Tuesday,11,15,10,2024,20230,0,False,False,"['河野太郎', '眉カット']",73,18,0.004498047550788394,DS2,niche_only,morning,False
3628145429430405193,Carousel,253,Thursday,18,8,5,2025,13981,0,False,False,[],114,1,0.008224860534973538,DS2,none,evening,False
3524159746918332223,Image,82,Monday,7,16,12,2024,99374,0,False,False,[],73,0,0.0007345911949685535,DS2,none,morning,False
3658073696948263984,Image,1572,Thursday,1,19,6,2025,8674,27,False,False,"['cewnesiainfo', 'wewillalwaysstaywithchaeunwoo', 'chaeunwoo', 'eunwoo', '차은우', 'chaeunwooastro', 'astrochaeunwoo', 'leedongmin', 'leedongminchaeunwoo', 'astro', '아스트로', 'aroha', 'kpop', 'kpopidol', 'kpopstar', 'koreanactor', 'korea', 'koreandrama', 'truebeauty', 'leesuho', 'islandkdrama', 'rookiehistoriangohaeryung', 'myidisgangnambeauty', 'agooddaytobeadog', 'wonderfulworld', 'decibel', 'kdrama', 'chaeunwooindonesia', 'cewnesia']",1221,17,0.14270893371757926,DS2,niche_only,night,False
3488430982146533498,Carousel,183,Sunday,23,27,10,2024,316,3,False,False,"['starbucks', 'スターバックス', 'starbuckscoffee', '스타벅스', 'スターバックスコーヒー', 'コーヒー', 'starbucksjapan', 'スタバ朝活', 'スタバ好きな人と繋がりたい', 'カフェ巡り', '朝活', 'スターバックスラテ']",73,0,0.2302839116719243,DS2,niche_only,evening,True
3638796614207483885,Image,605,Friday,11,23,5,2025,14522,10,False,False,"['poem', 'poetry', 'linocut', 'linocutcollage', 'printmaking', 'weather', 'windturbines', 'handlettering', 'collage', 'illustration']",31,0,0.0021345452041589205,DS2,niche_only,morning,False
3709844309354379374,Image,933,Friday,11,29,8,2025,7580,0,False,False,[],6,0,0.0007914523149980214,DS2,none,morning,False
3704114291675802607,Image,721,Thursday,14,21,8,2025,8711,0,False,False,"['دكتورة_غادة_رسلان', 'ثقتك_هترجعلك_من_تاني']",0,0,0.0,DS2,niche_only,afternoon,False
3622210015139887516,Carousel,177,Wednesday,13,30,4,2025,6461,5,False,False,"['platosclosetnewnan', 'shoplocal', 'gentlyusedclothing', 'musthave', 'recycleyourstyle♻️']",18,0,0.002785515320334262,DS2,niche_only,afternoon,False
3616924050922287030,Carousel,0,Wednesday,6,23,4,2025,40041,0,False,False,[],73,0,0.0018230857599520504,DS2,none,morning,False
3482838693437018288,Carousel,955,Sunday,6,20,10,2024,51109,13,True,False,"['transmart', 'transmartindonesia', 'sale', 'promo', 'promooktober', 'belanjamurah', 'belanjaelektronikmurah', 'belanjakebutuhanmurah', 'umrohbersamatransmart', 'wisataturkigratis', 'umrohinaje', 'cabutketurkiyuk', 'berkahbersamatransmart']",8,0,0.0001565251418509098,DS2,niche_only,morning,True
3672483148195122410,Carousel,1067,Tuesday,22,8,7,2025,23432,0,True,False,[],126,6,0.005633081551657918,DS2,none,evening,False
3701453105528311050,Image,3,Sunday,21,17,8,2025,8750,0,False,False,[],96,6,0.011655810764484058,DS2,none,evening,True
3397980954680729031,Carousel,210,Tuesday,4,25,6,2024,20491,14,False,False,"['england', 'england🇬🇧', 'travel', 'summer', 'europe', 'towerbridge', 'bigben', '𝘤𝘭𝘰𝘤𝘬𝘵𝘰𝘸𝘦𝘳', 'modellife', 'trip', 'chill', 'londonbridge', 'stonehenge', 'mylife', 'ootd']",325,5,0.01610384540308413,DS2,niche_only,night,False
3579490377967944655,Image,0,Sunday,15,2,3,2025,32326,0,False,False,[],3,2,0.00015466947133974696,DS2,none,afternoon,True
3594361093327572331,Image,106,Sunday,3,23,3,2025,7762,1,False,False,['rural'],73,9,0.010562926703593972,DS2,niche_only,night,True
3579377472917644734,Carousel,70,Sunday,11,2,3,2025,21170,4,False,False,"['ootdlebaran', 'ootdkondangan', 'ootd', 'racunshopeemurah']",73,0,0.003448112984743281,DS2,niche_only,morning,True
3586677284671367233,Carousel,75,Wednesday,13,12,3,2025,29304,1,False,False,['m181211in屏東'],371,6,0.012864698856850368,DS2,niche_only,afternoon,False
2939013889292768152,Image,494,Friday,22,30,9,2022,1035,1,False,False,['cariciasdelmonte.'],6,1,0.006756756756756757,DS2,niche_only,evening,False
3625745552121015203,Image,517,Monday,10,5,5,2025,10268,0,False,False,['росписьнаногтях'],40,0,0.0038952186191449994,DS2,niche_only,morning,False
3619981635321937151,Image,289,Sunday,12,27,4,2025,68609,0,False,False,['بندر_رجایی،'],68,0,0.0009911091677598017,DS2,niche_only,afternoon,True
2753181233495088821,Image,552,Monday,13,17,1,2022,2018,0,False,False,"['หมีช็อกโก้', 'กล้วยเบรคแตก', 'ขนมของฝาก', 'เวเฟอร์ทวินป๊อก', 'มินิสติ๊กลายช๊อก', 'ชีสสับประรด', 'ช็อกโกแลตบอล', 'ขาไก่เค็ม', 'ขาไก่ทรงเครื่อง', 'เกี๊ยวโก๊ะซาวครีม', 'สติ๊กลาเต้', 'เวเฟอร์หลอดรสช็อกโกแลต', 'ข้าวแต๋น', 'ผลไม้อบแห้ง']",0,0,0.0,DS2,niche_only,afternoon,False
3681360232471932524,Carousel,1522,Monday,4,21,7,2025,1903626,0,True,False,[],13,0,6.829068929995214e-06,DS2,none,night,False
3597223600536668902,Image,0,Thursday,2,27,3,2025,449655,0,False,False,[],2890,57,0.006553898980554023,DS2,none,night,False
3544606448145865550,Image,695,Monday,12,13,1,2025,9600,24,False,False,"['rupamroycphotography', 'preweddingphoto', 'preweddingshoot', 'prewedding', 'preweddingphotography', 'preweddingphotographer', 'preweddingstory', 'preweddingoutdoor', 'potraitphotography', 'portaitoftheday', 'explorepage', 'exploremore', 'explorer', 'instaphoto', 'instagram', 'instadaily', 'photographers_of_india', 'potratitvision', 'nikonindia', 'preweddingpose', 'preweddingposesnew', 'preweddingposesideas', 'nikonphotography', 'throughyourlens']",57,0,0.005936881574835955,DS2,mixed,afternoon,False
3629454979621730708,Carousel,217,Saturday,13,10,5,2025,133480,2,True,False,"['leicasl3', 'summicron35']",5957,10,0.044702991436983544,DS2,niche_only,afternoon,True
1594379041215970006,Image,173,Friday,16,1,9,2017,129738,1,False,False,['gffeaturefriday'],97,4,0.0007784860373519142,DS2,niche_only,afternoon,False
3657930330836699587,Carousel,46,Wednesday,20,18,6,2025,23124,0,False,False,[],73,6,0.003416216216216216,DS2,none,evening,False
3148681772704001999,Carousel,20,Monday,5,17,7,2023,126259,0,True,False,[],43107,141,0.34253128465072075,DS2,none,night,False
3631663656464586254,Carousel,117,Tuesday,14,13,5,2025,34216,1,False,False,['lookinspiracao'],13,0,0.00037992810591226585,DS2,niche_only,afternoon,False
3721086866407197105,Carousel,1846,Sunday,0,14,9,2025,66722,6,True,False,"['北新地', '北新地大和', 'マグロ解体ショー', '日本料理', '大阪グルメ', '大江橋グルメ', '北新地グルメ', '北新地鮨', '大阪寿司', '大阪鮨', 'お寿司', '大阪和食', '大阪ディナー', 'sushi', '스시맛집', 'food_yuirepo', 'ゆいちんの鮨活', '鮨スタグラム', '오사카여행', 'japanesefood', 'osakafood', 'osakasushi', 'pr']",487,20,0.007598579200575514,DS2,niche_only,night,True
3475040374307391930,Image,1215,Wednesday,12,9,10,2024,3191,18,False,False,"['kesfet', 'instagram', 'love', 'instagood', 'likeforlikes', 'ankara', 'instalike', 'tbt', 'follow', 'photography', 'like', 'photooftheday', 'likeforfollow', 'like4likes', 'fashion', 'like4like', 'followforfollowback', 'kesfetteyiz']",548,3,0.17261904761904762,DS2,mixed,afternoon,False
3720875327313520614,Reel,87,Saturday,17,13,9,2025,63576,2,False,False,"['silksong', 'hollowknignt']",3191,42,0.05085172310741306,DS2,niche_only,afternoon,True
3514653557448970376,Image,14,Tuesday,4,3,12,2024,3102,0,False,False,[],969,16,0.3174347405736384,DS2,none,night,False
3631295752508234483,Carousel,680,Tuesday,2,13,5,2025,19849,7,False,False,"['terrazzodesign', 'agglotech', 'accentchair', 'modernfurniture', 'sculpturalseating', 'interiorinspo', 'materialmatters']",25,0,0.0012594458438287153,DS2,niche_only,night,False
3716449497456296352,Image,48,Sunday,14,7,9,2025,51949,2,False,False,"['babbumaanlovers', 'babbumaankatadfans']",1671,8,0.03231953801732435,DS2,niche_only,afternoon,True
2407587624249683152,Image,452,Sunday,17,27,9,2020,1184,27,False,False,"['airbusboeinglovers', 'airbusboeingaviation', 'airbusfamily', 'airbus', 'airbusa350', 'airbusa350900', 'vietnam', 'vietnamairlines', 'germany', 'duesseldorf', 'dusairport', 'dus', 'dusairport💪', 'dusspotter', 'hanoi', 'cargo', 'cargoflight', 'coronafighter', 'medicine', 'medicalsupplies', 'aviation', 'avgeek', 'spotter', 'planspotter', 'plane', 'planepics', 'airportstyle']",106,20,0.10632911392405063,DS2,niche_only,afternoon,True
3660805814972666074,Image,380,Sunday,19,22,6,2025,15812,2,False,False,"['studland', 'summerholiday☀️']",246,8,0.0160627331942073,DS2,niche_only,evening,True
3376519158391678407,Image,362,Sunday,14,26,5,2024,2248,29,False,False,"['cricket', 'ipl', 'viratkohli', 'rohitsharma', 'msdhoni', 'india', 'icc', 'cricketlovers', 'cricketfans', 'cricketer', 'indiancricket', 'indiancricketteam', 'dhoni', 'worldcup', 'teamindia', 'rcb', 'csk', 'bcci', 'cricketlover', 'sports', 'klrahul', 'lovecricket', 'cricketfever', 'dream', 'instagram', 'cricketlife', 'ipl2024', 'mumbaiindians', 'hardikpandyafc']",1,0,0.00044464206313917296,DS2,mixed,afternoon,True
3642386846257185856,Image,39,Wednesday,9,28,5,2025,39185,0,True,False,[],2,1,7.65579543714592e-05,DS2,none,morning,False
3657445520986108323,Image,102,Wednesday,4,18,6,2025,6061,1,False,False,['fineassfinesse🔥'],95,6,0.016661167931375783,DS2,niche_only,night,False
3636890270046585769,Carousel,0,Tuesday,19,20,5,2025,5026,0,False,False,[],103,0,0.020489357469663814,DS2,none,evening,False
3657806814724131851,Carousel,420,Wednesday,16,18,6,2025,16809,0,False,False,[],73,1,0.004402141582391434,DS2,none,afternoon,False
3659329543772631986,Reel,100,Friday,19,20,6,2025,889828,4,True,False,"['tecvoxel', 'consoles', 'tech', 'microsoft']",129,3,0.00014834310861974604,DS2,niche_only,evening,False
3706671776720377048,Carousel,54,Monday,2,25,8,2025,63254,0,False,False,[],79,0,0.0012489131293968857,DS2,none,night,False
3669072412072710683,Carousel,189,Friday,5,4,7,2025,32653,3,False,False,"['คินของโฟ้ดโฟ้ด', 'เจมีไนน์โฟร์ท', 'เจมีไนน์นรวิชญ์', 'geminifourth', 'gemininorawit', 'flex1045xgfawakeconcert']",1195,44,0.03794328413058125,DS2,niche_only,night,False
2682763558799170752,Image,87,Tuesday,9,12,10,2021,1399,0,False,False,[],72,3,0.05357142857142857,DS2,none,morning,False
2561983956544495549,Image,176,Wednesday,17,28,4,2021,621,0,False,False,[],7,0,0.011254019292604502,DS2,none,afternoon,False
3251933992965034566,Image,585,Wednesday,16,6,12,2023,25,12,False,False,"['apartamentynawynajem', 'apartamentyvillasol', 'jacuzzitime', 'sauna', 'oswiecim', 'auschwitz', 'marketing', 'poland', 'polska', 'lesserpolandvoivodeship', 'malopolska', 'appartments']",1,0,0.038461538461538464,DS2,niche_only,afternoon,False
3641533187315456962,Reel,161,Tuesday,5,27,5,2025,106551,6,False,False,"['batak', 'lagubatak', 'soundsfest', 'trioambisi', 'konsermusik', 'festivalmusik']",73,2,0.0007038816727982581,DS2,niche_only,night,False
3423230083807720123,Carousel,548,Tuesday,0,30,7,2024,7307,1,False,False,['nutribullet'],73,30,0.014094143404488233,DS2,niche_only,night,False
3623633871783082101,Image,1894,Friday,13,2,5,2025,44460,5,False,False,"['ajudeosantuário', 'doecomamor', 'santuárioamigofiel', 'sosanimais', 'resgataréamar']",16,0,0.0003598659499336497,DS2,niche_only,afternoon,False
3532358290541742816,Image,44,Friday,14,27,12,2024,302020,0,True,False,[],1470,49,0.005029451594425553,DS2,none,afternoon,False
3048819475620187549,Image,43,Wednesday,10,1,3,2023,326242,0,True,False,[],1588,3,0.004876732987374442,DS2,none,morning,False
2857469572455483758,Carousel,326,Friday,10,10,6,2022,2835,27,False,False,"['kesfet', 'keşfet', 'keşfetteyiz', 'america', 'london', 'fashion', 'fashionista', 'moldova', 'parisfashionweek', 'israel', 'dubailife', 'dubaifashion', 'poland', 'kosova', 'dress', 'eveningdress', 'merterwholesale', 'italy', 'osmanbey', 'osmanbeytoptan', 'france', 'milanfashionweek', 'milano', 'sale', 'wholesale', 'wholesaleshop', 'izmir', 'çankaya']",13,0,0.004583921015514809,DS2,niche_only,morning,False
3194953928839208240,Carousel,47,Tuesday,1,19,9,2023,2734988,0,True,False,[],63966,150,0.023442873079197027,DS2,none,night,False
3474427063455800207,Carousel,116,Tuesday,16,8,10,2024,781,7,False,False,"['wildlifephotography', 'weekend', 'wildlife', 'photooftheday', 'photo', 'photography', 'photography']",73,0,0.09335038363171355,DS2,niche_only,afternoon,False
3616773692128483200,Carousel,420,Wednesday,1,23,4,2025,62867,0,True,False,[],384,19,0.00641025641025641,DS2,none,night,False
3609760336691259212,Image,1258,Sunday,9,13,4,2025,1599,7,False,False,"['swasembadapangan', 'ketahananpangan', 'polrimendukungketahananpangan', 'polisicintapetani', 'kelampermai', 'sintang', 'kalbar']",414,0,0.25875,DS2,niche_only,morning,True
3703642011826594284,Image,97,Wednesday,22,20,8,2025,149518,1,False,False,"['تطبيق_حقيبة_المؤمن', 'noor____alhusain']",109,1,0.000735692453801858,DS2,niche_only,evening,False
3112982296268303739,Image,616,Sunday,23,28,5,2023,3632893,0,True,False,[],1849,125,0.000543368455011349,DS2,none,evening,True
3631721411761005049,Image,320,Tuesday,16,13,5,2025,7661,4,False,False,"['headhunter', 'barbershop', 'hhbarbershop', 'hh_egorievsk']",18,0,0.0023492560689115116,DS2,niche_only,afternoon,False
3399879417725495351,Image,1175,Thursday,19,27,6,2024,31,30,False,False,"['pti', 'pdm', 'imrankhan', 'pmln', 'politics', 'top', 'facebookpost', 'insta', 'tp', 'youtube', 'instagood', 'new', 'share', 'thinkpakistan', 'budget', 'imf', 'virat', 'iran', 'bjp', 'modi', 'viratkohli', 'likes', 't20worldcup', 'india', 'pakistan', 'followback', 'post', 'tp', 'baberazam', 'socialmedia']",3,0,0.09375,DS2,mixed,evening,False
3554790165071591203,Image,348,Monday,13,27,1,2025,774554,0,True,False,[],27447,122,0.03559334069239757,DS2,none,afternoon,False
3644061355205260236,Carousel,643,Friday,17,30,5,2025,29211,10,False,False,"['evertonjoiaseotica', 'qualidade', 'gravacaoalser', 'laser', 'joias', 'precobaixo', 'joalheria', 'aliançaspersonalizadas', 'aliancasdenamoro', 'aliançaprata']",23,0,0.0007873476653430097,DS2,niche_only,afternoon,False
3680690765040348234,Carousel,113,Sunday,6,20,7,2025,279090,9,False,False,"['krishnagiri', 'hosur', 'bengaluru', 'tn24', 'kaveripatanam', 'uthangarai', 'bargur', 'thali', 'vepanapalli']",5210,9,0.018699993908796772,DS2,niche_only,morning,True
3629427821352539422,Video,72,Saturday,12,10,5,2025,56975,2,True,False,"['riani', 'rianista']",171,5,0.003089019938219601,DS2,niche_only,afternoon,True
3798468993611916474,Carousel,100,Monday,18,29,12,2025,22479,0,False,False,[],131,0,0.005827402135231316,DS2,none,evening,False
1901506188421174284,Carousel,323,Tuesday,11,30,10,2018,14507,23,False,False,"['comicgirl', 'animegirl', 'manga', 'anime', 'comic', 'kawaiigirls', 'kawaiianimegirl', 'animeromance', 'kawaiipost', 'animefan', 'mangadrawing', 'animebikinigirl', 'animebikini', 'mangaart', 'echhigirls', 'animelove', 'loli', 'lolita', 'sweetlolita', 'lolis', 'ataku', 'cutegirl', 'cosplaygirl']",218,1,0.015095119933829611,DS2,niche_only,morning,False
3667700214253535783,Carousel,323,Wednesday,8,2,7,2025,138713,29,False,False,"['girls', 'travel', 'travelgram', 'travelling', 'lisbon', 'portugal', 'lisboa', 'traveladdict', 'sunset', 'goodvibes', 'together', 'love', 'vibes', 'city', 'ootd', 'outfit', 'outfitinspiration', 'outfitoftheday', 'outfitideas', 'outfitinspo', 'outfitstyle', 'style', 'stylish', 'styleinspiration', 'momof3', 'lifestyle', 'photooftheday', 'morning', 'july']",2075,60,0.015391380826737027,DS2,mixed,morning,False
2453626221383519848,Image,204,Monday,5,30,11,2020,46,0,False,False,"['프로바이오틱스', '프로바이오틱스추천', '유산균', '유산균추천', '건강관리', '건강식품', '건강스타그램', '다이어트', '다이어터', '공구', '공구오픈', '공구진행', '공구마켓', '공동구매', '최저가공구', '공구중', '선물', '추석선물', '명절선물', '더순수렛츠미', '더순수렛츠미유산균', '더순수렛츠미프로바이오틱스']",3,0,0.06382978723404255,DS2,niche_only,night,False
3540577521962557008,Carousel,680,Tuesday,22,7,1,2025,1033050,0,False,False,[],1021,4,0.0009922065803140406,DS2,none,evening,False
3577127271206492986,Image,116,Thursday,9,27,2,2025,25777,4,True,False,"['marathiday', 'marathibhashadin', 'gschaubey', 'gschaubey4dindoshi']",54,1,0.0021336022965319263,DS2,niche_only,morning,False
3604665182835570403,Image,176,Sunday,8,6,4,2025,6231,0,False,False,[],55,0,0.008825417201540436,DS2,none,morning,True
3647562476683062744,Reel,204,Wednesday,13,4,6,2025,1224606,1,True,False,['ansa'],557,3,0.0004572895631006519,DS2,niche_only,afternoon,False
3639050323420087002,Carousel,331,Friday,19,23,5,2025,21840,6,True,False,"['sandwichglassmuseum', 'space', 'glass', 'art', 'booksigning', 'sharingspace']",148,1,0.00682203195824367,DS2,niche_only,evening,False
3605898629757609877,Image,304,Tuesday,1,8,4,2025,25404,0,False,False,[],73,1,0.002912812438496359,DS2,none,night,False
3500527401166117502,Image,357,Wednesday,16,13,11,2024,34288,15,False,False,"['aynrand', 'aynrandquotes', 'aynrandinstitute', 'philosophy', 'philosophywhoneedsit', 'inspiration', 'objectivism', 'motivation', 'capitalism', 'morality', 'capitalism', 'laissezfaire', 'education', 'atlasshrugged', 'thefountainhead']",289,6,0.008603342179707778,DS2,niche_only,afternoon,False
3329436364498622301,Carousel,362,Friday,15,22,3,2024,61,22,False,False,"['blossom', 'spring', 'nature', 'travelpakistan', 'travelagents', 'travel', 'adventure', 'peace', 'apricotblossom', 'hunza', 'gilgitbaltistan', 'peaceful', 'travelplaces', 'travelplanner', 'tourism', 'sustainabletourism', 'responsibletourism', 'trekking', 'trekkinginpakistan', 'viral', 'hotshot', 'wilderness']",1,0,0.016129032258064516,DS2,mixed,afternoon,False
3531838928687325226,Image,513,Thursday,21,26,12,2024,2753,2,False,False,"['paulsmith', 'paulsmithdesign']",18,1,0.006899055918663762,DS2,niche_only,evening,False
3647878661847633949,Carousel,453,Wednesday,23,4,6,2025,10855,10,False,False,"['lookdeimpacto', 'conjuntonapa', 'modafeminina', 'saiacomfenda', 'cropestiloso', 'botabordô', 'estiloquevende', 'disponívelnaloja', 'fashionlook', 'ribeiradopombal']",8,0,0.0007369196757553427,DS2,niche_only,evening,False
3630222907659452709,Carousel,274,Sunday,15,11,5,2025,28629,4,False,False,"['loewe', 'loewecraftedworldtokyo', 'ロエベクラフテッドワールド展', 'thanksloewe', 'kayokoyazaki_fashion']",280,2,0.009849807893817673,DS2,niche_only,afternoon,True
3362869644086041652,Image,412,Tuesday,18,7,5,2024,8093,35,False,False,"['mental', 'mentalhealth', 'stress', 'anxiety', 'healthmatters', 'sleep', 'medicine', 'health', 'mentalhealth', 'heartattack', 'love', 'mentalhealth', 'medicaltips', 'pharmacistlife', 'pharmacy', 'follow', 'followforfollow', 'medicine', 'pharmacy', 'drugs', 'sleep', 'sleepstages', 'sleeptalk', 'teamnosleep', 'sleepdeprived', 'ammanjordan🇯🇴', 'amman', 'canada', 'pharmacies', 'pharmacist', 'pharmacist', 'pharmacyschool', 'medicalschool', 'medlife', 'pharmalife']",9,0,0.001111934766493699,DS2,mixed,evening,False
2983462725813477471,Image,221,Thursday,6,1,12,2022,2512,0,False,False,[],331,20,0.13967369677676084,DS2,none,morning,False
3128947672749510838,Image,235,Tuesday,0,20,6,2023,43558,14,True,False,"['louisvuitton', 'pharrelwilliams', 'debut', 'debutcollection', 'lvmenss24', 'runway', 'showcase', 'readytowear', 'pontneuf', 'paris', 'france', 'luxury', 'lifestyle', 'dm2s']",73,1,0.0016988452443811842,DS2,niche_only,night,False
3723728084613853185,Reel,702,Wednesday,15,17,9,2025,2746,0,False,False,[],50,1,0.018565708045140152,DS2,none,afternoon,False
3586202316920514259,Image,28,Tuesday,21,11,3,2025,20019,0,False,False,[],168,9,0.00884115884115884,DS2,none,evening,False
3698035000885409035,Image,161,Wednesday,4,13,8,2025,13100,6,False,False,"['healthy', 'solobowl', 'eatclean', 'colomboeats', 'gigafoods', 'offers']",7,0,0.0005343103579879398,DS2,niche_only,night,False
3599653975587265181,Carousel,204,Sunday,10,30,3,2025,151449,0,False,False,[],62,1,0.00041597887091449325,DS2,none,morning,True
3675908266665465842,Image,156,Sunday,16,13,7,2025,6079,1,False,False,['bayarea!'],208,8,0.035526315789473684,DS2,niche_only,afternoon,True
3437319478755413055,Carousel,356,Sunday,11,18,8,2024,60864,1,False,False,"['hellokitty', 'キティ', 'キティちゃん', 'キティちゃんグッズ', 'サンリオグッズ', 'サンリオレトロ', 'キティラー']",255,2,0.004222459541608478,DS2,niche_only,morning,True
800961139591212105,Image,474,Tuesday,23,2,9,2014,8902,29,False,False,"['gazabeach', 'palestine', 'syria', 'endtheblockade', 'icc4israel', 'gaza', 'westbank', 'apartheid', 'ethniccleansing', 'israel', 'freepalestine', 'stopkillingourchildren', 'bringbackourboys', 'palestineunderattack', 'protest4palestine', 'gazaholocaust', 'genocide', 'justice4palestine', 'aparthied', 'pray4gaza', 'gazaresists', 'palestineresists', 'stopburningourchildren', 'gazaunderattack!', 'istandwithpestine', 'istandwithgaza', 'israelwarcrimes', 'istandforjustice', 'gazavictory!']",200,5,0.023025946310232505,DS2,niche_only,evening,False
3690384907512155493,Carousel,433,Saturday,15,2,8,2025,7905,18,False,False,"['terrifier', 'arttheclown', 'circussaturday', 'clownweek', 'nationalclownweek', 'happyclownweek', 'horrorclown', 'clownmovies', 'ilovehorrormovies', 'clowntreats', 'ketotreats', 'ketocookies', 'fatbombs', 'lowcarbtreats', 'clowncookies', 'clownsnacks', 'clownbaking', 'osterclown']",110,20,0.016443207690361752,DS2,niche_only,afternoon,True
2600893943160243057,Video,177,Monday,10,21,6,2021,335,11,False,False,"['cockerspaniels', 'gundogs', 'sables', 'sablecockersspaniel', 'doglovers', 'fundogs', 'videos', 'dogclips', 'animalclips', 'videoclips', 'ozzy']",12,1,0.03869047619047619,DS2,niche_only,morning,False
3708811807495703363,Reel,207,Thursday,1,28,8,2025,40425,0,False,False,[],10,0,0.0002473655568198684,DS2,none,night,False
3486010266618434021,Video,643,Thursday,15,24,10,2024,193855,29,True,False,"['cottagehomedecor', 'autumnvibes', 'autumnaesthetic', 'autumncountdown', 'fallaesthetic', 'fallvibes', 'cosyliving', 'cosyhome', 'countrydecor', 'coffeeandbooks', 'fall2024', 'ofquietmoments', 'autumnhome', 'cosyautumn', 'bookstagramuk', 'bookstagram', 'slowweekend', 'octobermood', 'englishcountryside', 'englishcountrystyle', 'countrysideliving', 'countrylife', 'englishvillages', 'englishheritage', 'slowliving', 'countryliving', 'countrylivinguk', 'countryinteriors', 'cottagelife']",5391,18,0.027902154176295806,DS2,niche_only,afternoon,False
3607047782381896052,Carousel,17,Wednesday,15,9,4,2025,39137,0,False,False,[],0,0,0.0,DS2,none,afternoon,False
1971411726651335930,Image,241,Sunday,21,3,2,2019,324,3,False,False,"['snapseed', 'steamboatsprings', 'steamboatbarn']",31,1,0.09846153846153846,DS2,niche_only,evening,True
3629691690543566616,Carousel,135,Saturday,21,10,5,2025,133059,0,True,False,[],268,5,0.0020517059972944536,DS2,none,evening,True
3137580970794667894,Reel,1013,Saturday,22,1,7,2023,2290,13,False,False,"['giveaway', 'beautygiveaway', 'beautygiveaways', 'makeup', 'skincare', 'skincareproducts', 'makeupproducts', 'beautyproducts', 'makeupgiveaway', 'skincaregiveaway', 'aesthetic', 'ａｅａｔｈｅｔｉｃｓ', 'fyp', 'explorepage']",173,141,0.13705805325185508,DS2,mixed,evening,True
3636015641829764945,Image,299,Monday,15,19,5,2025,19434,10,False,False,"['kiwinaillounge', 'kiwinail', 'kiwinailloungeinstagram', 'pedicurespa', 'nailsalonnearme', 'nailsalonlongbeach', 'nailsaloncalifornia', 'nailpolish', 'manicure', 'pedicure']",1,0,5.145356315924878e-05,DS2,niche_only,afternoon,False
3696020324875006516,Image,7,Sunday,9,10,8,2025,4930,0,False,False,[],0,0,0.0,DS2,none,morning,True
3656258678243237096,Image,165,Monday,13,16,6,2025,39165,0,True,False,"['عاجل\u202c', 'البارجيل_الاخبارية\u202c', 'الإمارات\u202c', 'نهيان_بن_مبارك\u202c', 'مدرسة_أبوظبي_الدولية_الخاصة\u202c']",3,0,7.659704846039932e-05,DS2,niche_only,afternoon,False
2689546902773874564,Image,208,Thursday,17,21,10,2021,155594,0,True,False,[],4339,395,0.030425142196085993,DS2,none,afternoon,False
3721349268054703120,Reel,113,Sunday,8,14,9,2025,55,0,False,False,[],17,0,0.30357142857142855,DS2,none,morning,True
3591331498298716192,Carousel,300,Tuesday,23,18,3,2025,44816,5,True,False,"['timóteo,', 'mastercruzeiro', 'cruzeiro', 'mg', 'minasgerais']",647,15,0.014771180578798225,DS2,niche_only,evening,False
3721372626896996736,Image,356,Sunday,9,14,9,2025,704053,8,True,False,"['boneykapoor', 'yogiadityanath', 'upfilmcity', 'lucknowmeet', 'filmindustry', 'bollywoodnews', 'upfilmhub', 'cinemadevelopment']",324,4,0.00046587335630505616,DS2,niche_only,morning,True
3601924568994266979,Carousel,234,Wednesday,14,2,4,2025,6666,0,False,False,[],1432,50,0.2222888855557222,DS2,none,afternoon,False
1961125428371912968,Image,13,Sunday,17,20,1,2019,33804,0,True,False,['райтамгдея😏😍'],803,4,0.02387220825321698,DS2,niche_only,afternoon,True
3364245794483280127,Carousel,391,Thursday,15,9,5,2024,239,11,False,False,"['grassfed', 'grassfinished', 'pastureraised', 'keto', 'carnivore', 'healthy', 'healthylifestyle', 'primal', 'beef', 'beefrecipes', 'bbq']",4,0,0.016666666666666666,DS2,niche_only,afternoon,False
3622123962781774846,Image,235,Wednesday,11,30,4,2025,10034,0,False,False,[],60,0,0.005979073243647235,DS2,none,morning,False
3648588789568362684,Image,145,Thursday,23,5,6,2025,72537,11,False,False,"['esmaltadosemipermanente', 'tips', 'xxl', 'xl', 'swoarovsky', 'antes', 'durante', 'despues', 'uñascontips', 'babyboomer', 'tusmanosenlasmias']",10,0,0.0001378587774683614,DS2,niche_only,evening,False
3584890882370054140,Image,147,Monday,2,10,3,2025,17161,0,False,False,[],8,0,0.0004661461368138912,DS2,none,night,False
3414638304257636365,Image,291,Thursday,4,18,7,2024,53488,10,False,False,"['beautifulreminder', 'mantraoftheday', 'staystrong', 'prayingforyou', 'goodvibesalways', 'wewillgetthroughthis', 'nothingbutlove', 'motivationalquoteoftheday', 'positivemotivation', 'homesbycaz']",73,24,0.0018134569724616277,DS2,niche_only,night,False
3731707816197511248,Reel,195,Sunday,15,28,9,2025,113836,0,True,False,[],1488,10,0.013159166176199303,DS2,none,afternoon,True
3561810112379830954,Reel,64,Thursday,5,6,2,2025,27,5,False,False,"['trendingreels', 'travel', 'drive', 'traveltheworld', 'travelphotography']",7,0,0.25,DS2,niche_only,night,False
3450532314153487234,Carousel,657,Thursday,16,5,9,2024,1938,27,False,False,"['nerdfamilie', 'pokefamily', 'nerd', 'pkmn', 'pokemon', 'manofgames', 'welovepokemon', 'pokemoncommunity', 'pokemoncollector', 'pokemonfan', 'pokemonfamilie', 'pokemontcg', 'nerdsofinstagram', 'pokeart', 'pokelove', 'lahmiecommunity', 'supportistkeinmord', 'photooftheday', 'cramorant', 'pokefan', 'bestcommunity', 'pokefriends', 'pokemongermany', 'pikachu', 'pokemondeutschland', 'charizard', 'glurak']",39,2,0.021144920061887573,DS2,niche_only,afternoon,False
3697455000869286512,Carousel,391,Tuesday,9,12,8,2025,1932,5,False,False,"['chanel', 'chanelbag', 'chanelcf20', 'chanel代購', 'chanecf20代購', '香奈兒', '香奈兒代購', '香奈兒cf20', '香奈兒cf20代購', '精品代購', '美國代購', '代購', '國外代購', '現貨', '預購', '潮流', '代購', '美國代購', '加拿大代購', '英國代購', '英國', '英國代購', '法國', '法國代購', '法國代購連線']",3,0,0.0015519917227108122,DS2,niche_only,morning,False
3011268994824244856,Carousel,202,Sunday,15,8,1,2023,105934,11,True,False,"['프로필사진', 'profile', '미시즈모델', '광고모델', 'cf모델', '모델', 'model', '스타일', 'style', '패션', 'photo', 'fashion', 'lv', 'hermes', '에르메스', 'ootd', '한복모델', 'モデル', '网红', 'influencer', '다시사랑할수있다면', '쿠사마야요이', '방송프로그램', '진행자', 'mc']",1477,70,0.014603294473025913,DS2,niche_only,afternoon,True
3551061859965000369,Carousel,510,Wednesday,9,22,1,2025,51150,0,True,False,"['식사대용식물성단백질쉐이크', '엄마', '아들', '폭풍성장']",248,8,0.005004789740181033,DS2,niche_only,morning,False
3359897911527692497,Reel,227,Friday,15,3,5,2024,458,3,False,False,"['beyondthebinary', 'transgender', 'transcend']",7,1,0.017429193899782137,DS2,niche_only,afternoon,False
3648102135944259013,Carousel,999,Thursday,7,5,6,2025,102284,14,False,False,"['our_next_21st_batch_proffessional_bridal_master_class_course_will_be_started_on', 'tanismakeover', 'bridal', 'photography', 'wedding', 'realbride', 'model', 'realbride', 'reception', 'indowesten', 'makeupartist', 'reception', 'realbride', 'videography']",257,1,0.002522363982988708,DS2,niche_only,morning,False
3603392418435661627,Image,295,Friday,14,4,4,2025,14111,7,False,False,"['abrillaranja', 'contraosmaustratos', 'protejaosanimais', 'bemestaranimal', 'veterináriacomamor', 'empatiasempre', 'crueldadeanimalécrime']",6,0,0.00042517006802721087,DS2,niche_only,afternoon,False
3775120027675625490,Image,848,Thursday,13,27,11,2025,130742,0,False,False,[],73,0,0.0005583472920156337,DS2,none,afternoon,False
3693487080238811498,Carousel,11,Wednesday,22,6,8,2025,11170,0,False,False,[],2,0,0.0001790350013427625,DS2,none,evening,False
3639072612094904646,Carousel,338,Friday,20,23,5,2025,83440,0,True,False,[],48,0,0.000575256768255414,DS2,none,evening,False
2718456911331686892,Image,254,Tuesday,15,30,11,2021,9970,2,False,False,"['بيع', 'تجارة', 'سوق', 'متجر', 'ورد', 'باقة', 'تنسيقة', 'ورد_طبيعي', 'ورد_صناعي', 'ديكور', 'الوردة_الدائمة', 'almanal', 'flower', 'زهور', 'تزيين', 'زينة', 'يوميات_بائع_الورد', 'روز', 'الود', 'بحب', 'كل_الحب', 'فراولة', 'فواكه', 'نوتيلا', 'خدمة_تسوق', 'مناسبة', 'احتفال', 'اجتماع', 'عيدميلاد', 'عيدميلادسعيد']",3,0,0.0003008725303379801,DS2,niche_only,afternoon,False
2657989126402797651,Carousel,517,Wednesday,4,8,9,2021,4792,0,False,False,[],14,1,0.0031295639474233257,DS2,none,night,False
3791621329447828682,Image,458,Saturday,7,20,12,2025,258862,13,True,False,"['voterlist', 'checkyourname', 'voterlistsearch', 'findyourname', 'voterid', 'voterregistration', 'knowyourvote', 'voterawareness', 'mncelections', 'democracyindia', 'nagar', 'ilovenagar', 'ahilyanagar']",321,0,0.0012400381669068195,DS2,niche_only,morning,True
2698798161382447380,Image,396,Wednesday,12,3,11,2021,4389,21,False,False,"['tesla', 'teslamotors', 'teslawheels', 'teslasupercharger', 'teslaorlando', 'electrifiedorlando', 'teslamodely', 'teslamodel3', 'teslamodels', 'teslamodelx', 'model3ownersclub', 'model3owners', 'model3performance', 'caroftheday', 'carofinstagram', 'newwheels', 'hrewheels', 'evowners', 'spacex', 'dailydrivenexotics', 'carphotos']",144,7,0.03439635535307517,DS2,niche_only,afternoon,False
2383679688989772970,Image,11,Tuesday,17,25,8,2020,572,0,False,False,[],32,0,0.055846422338568937,DS2,none,afternoon,False
2392656336246283809,Image,0,Monday,2,7,9,2020,3325538,0,True,False,[],16884,93,0.005105037108270268,DS2,none,night,False
3376308530931350251,Image,260,Sunday,7,26,5,2024,1377,12,False,False,"['jodhour', 'jaipur', 'jaislermer', 'rajasthan', 'india', 'marwad', 'desi', 'design', 'weddingphotography', 'wedspiration', 'rakasthnipickle', 'payroll']",403,6,0.29680696661828737,DS2,niche_only,morning,True
3793605953758453313,Image,60,Tuesday,1,23,12,2025,259,0,False,False,[],0,0,0.0,DS2,none,night,False
3658307893989825259,Image,1,Thursday,9,19,6,2025,12849,0,False,False,[],122,0,0.009494163424124513,DS2,none,morning,False
3660038565882014407,Image,103,Saturday,18,21,6,2025,140127,1,True,False,['afrostreetkollektions🇰🇪'],73,1,0.0005280886047042704,DS2,niche_only,evening,True
3716706051027782355,Image,63,Sunday,22,7,9,2025,14624,0,False,False,[],42,0,0.002871794871794872,DS2,none,evening,True
3541112174235993633,Carousel,630,Wednesday,16,8,1,2025,2277,10,False,False,"['dancingkins', 'ddc', 'adtime', 'dancingad', 'dance', 'dancead', 'dancemom', 'hotmesskins', 'energeticeight', 'kinsrae']",4,1,0.0021949078138718174,DS2,niche_only,afternoon,False
3583799709472671604,Video,228,Saturday,14,8,3,2025,5360,11,False,False,"['lifeofamakeupartist', 'lifeofamakeupartist❤️', 'richmondmua', 'richmondmakeupartist', 'youtuber', 'influencer', 'livetutorials', 'livevideos', '804makeupartist', 'virginiamakeupartist', 'beautyinfluencer']",73,7,0.014922589069203508,DS2,niche_only,afternoon,True
3680292174786387032,Image,1367,Saturday,17,19,7,2025,5758,0,False,False,[],1,0,0.00017364125716270185,DS2,none,afternoon,True
1684118732814713833,Image,863,Wednesday,12,3,1,2018,237,1,False,False,"['repost', '맘스타그램', '애스타그램', '엄마그램', '육아스타그램', '책육아', '엄마표', '원숭이띠맘', '청양띠', '엄마표영어', '육아소통환영', '육아맞팔', '육아소통', '아기책', '유아책', '도치맘', '딸맘', '유아전집', '아기전집', '아들스타그램', '아들바보', '딸스타그램', '딸바보', '인스타베이비', '엄마영어', '핫딜', '공구', '줌마그램', '육아정보', '육아']",29,4,0.13865546218487396,DS2,niche_only,afternoon,False
2622597861260424964,Image,475,Wednesday,9,21,7,2021,1632,0,False,False,[],1,0,0.000612369871402327,DS2,none,morning,False
3690192156947480787,Carousel,92,Saturday,9,2,8,2025,119641,2,False,False,"['condféincentil3ra', 'condféssion']",3910,35,0.032973370555490544,DS2,niche_only,morning,True
3573702265062135038,Image,264,Saturday,15,22,2,2025,20290,1,False,False,['fashiongtonpost'],5,1,0.0002956975999211473,DS2,niche_only,afternoon,True
3322127151780099219,Image,411,Tuesday,13,12,3,2024,7060,0,False,False,[],31,0,0.004390312986829061,DS2,none,afternoon,False
3595543851787465946,Carousel,89,Monday,18,24,3,2025,67192,4,False,False,"['puntacana', 'beachdays', 'paradise', 'republicadominicana🇩🇴']",1219,49,0.01887101334960487,DS2,niche_only,evening,False
3463492281955670867,Image,278,Monday,14,23,9,2024,3733,30,False,False,"['lifestyle', 'love', 'life', 'instagood', 'motivation', 'fitness', 'instagram', 'fashion', 'photography', 'style', 'like', 'happy', 'follow', 'photooftheday', 'inspiration', 'travel', 'beauty', 'loveyourself', 'nature', 'happiness', 'model', 'success', 'quotes', 'gym', 'bhfyp', 'goals', 'workout', 'beautiful', 'positivevibes', 'health']",4,0,0.0010712372790573112,DS2,mixed,afternoon,False
3668501051983593139,Carousel,1601,Thursday,10,3,7,2025,11062,4,True,False,"['بنا', 'البحرين', 'وكالة_أنباء_البحرين', 'bh', 'bahrain', 'bna', 'bnanews']",1,0,9.039139473922083e-05,DS2,niche_only,morning,False
3528708598395694629,Carousel,303,Sunday,13,22,12,2024,101160,2,False,False,"['협찬', '24fw', '겨울모자', '겨울버킷햇', '이어머프', '귀도리', '버킷햇', '폭닥템', '아웃도어', '화이트샌즈', 'whitesands', '겨울패션', '겨울코디']",73,7,0.0007908185960992873,DS2,niche_only,afternoon,True
3484844850195441218,Image,12,Wednesday,1,23,10,2024,4204016,0,True,False,[],11894,18,0.002833480454527182,DS2,none,night,False
3650616456923720894,Carousel,67,Sunday,18,8,6,2025,32155,6,False,False,"['qatar', 'ootd', 'outfits', 'holidayfit', 'outfitoftheday', 'qatarlife']",73,30,0.003203134718248538,DS2,niche_only,evening,True
2381521016340691858,Image,409,Saturday,18,22,8,2020,1383,0,False,False,[],16,0,0.011560693641618497,DS2,none,evening,True
3622878828771639003,Image,269,Thursday,12,1,5,2025,18340,0,False,False,[],6,0,0.00032713592497682787,DS2,none,afternoon,False
3612963339865526637,Image,64,Thursday,19,17,4,2025,668564,0,False,False,[],23967,47,0.03591872144069761,DS2,none,evening,False
3667490627139074997,Image,691,Wednesday,1,2,7,2025,31441,24,False,False,"['basketballmatch', 'basketballhour', 'basketballlover', 'basketballnation', 'basketballmoves', 'basketballmotivation', 'basketballchallenge', 'basketballforever', 'basketballfans', 'basketballleague', 'basketballquotes', 'basketballskills', 'basketballer', 'basketballforlife', 'bballgame', 'bball🏀', 'bballer', 'chicagobulls', 'bronnyjames', 'jamorant', 'dennisrodman', 'bballstars', 'stephcurry', 'bballislife']",73,9,0.002607976591819859,DS2,niche_only,night,False
3690642104582306430,Image,124,Saturday,23,2,8,2025,5653,1,False,False,['caraduras'],173,11,0.0325433321542271,DS2,niche_only,evening,True
3722150028367844556,Carousel,298,Monday,11,15,9,2025,896272,0,False,False,[],1972,248,0.0024769238836827617,DS2,none,morning,False
3663593517830435714,Image,453,Thursday,16,26,6,2025,13051,29,False,False,"['creditrepair', 'realtor', 'creditrepaircompany', 'money', 'usa', 'florida', 'cardealership', 'homeownership', 'newhomeowner', 'creditrepairbusiness', 'creditrepairservices', 'creditrepairhustle', 'creditrepairagentsneeded', 'creditrepaircompanies', 'thecreditrepairteam', 'usacreditrepair', 'creditrepairking', 'creditrepairworks', 'money', 'gocreditrepair', 'creditrepairservice', 'money', 'freecreditrepair', 'loanofficer', 'creditrepaired', 'creditrepaircustomer', 'creditrepairbook', 'usa', 'studentloans']",0,0,0.0,DS2,niche_only,afternoon,False
2660536612117802648,Image,742,Saturday,17,11,9,2021,2148,22,False,False,"['aufgebraucht', 'unbezahltewerbungdamarkennennung', 'produkttester', 'produkttesterin', 'produkttesterinmitherz', 'produkttest', 'review', 'fazit', 'aveo', 'limitededition', 'cremeseife', 'happyvibes', 'gutelaune', 'duft', 'fruchtig', 'frisch', 'süss', 'müller', 'müllerdrogerie', 'eigenmarke', 'verpackungsopfer', 'empty']",66,1,0.031177291763610983,DS2,niche_only,afternoon,True
3663556787087332630,Image,181,Thursday,15,26,6,2025,7736,5,False,False,"['siamahmed', 'brandambassador', 'newjourneybegins', 'mitsubishimotorsbangladesh', 'driveyourambition']",2305,19,0.3003748222825385,DS2,niche_only,afternoon,False
2573424653256936514,Reel,553,Friday,12,14,5,2021,14,26,False,False,"['palestine', 'freepalestine', 'gazastrip', 'gazaunderattack', 'handsoffalaqsa', 'alquds', 'internationallaw', 'stopoccupation', 'breakingthesilence', 'gaza', 'alllivesmatter', 'justice', 'israel', 'humanity', 'turkey', 'savesheikhjarrah', 'nederlands', 'brussel', 'zionist', 'zionism', 'terroristisrael', 'prayforpeaceandtrueguidnes01', 'endtheoccupation', 'prayforhumanity', 'endisraeliapartheid', 'apartheid']",2,0,0.13333333333333333,DS2,niche_only,afternoon,False
3479901394797404937,Video,1477,Wednesday,5,16,10,2024,3173,23,False,False,"['doterra', 'salubelle', 'toner', 'hydratingcream', 'facecleanser', 'toner', 'invigorating', 'scrub', 'hydratingcreamdoterra', 'skincare', 'antiaging', 'tipsglowup', 'tipsskincare', 'tipsskincare', 'skincarenatural', 'skincarereview', 'skincareroutine', 'solusikulitkering', 'skincareantiaging', 'egf', 'glowingtips', 'tipskecantikan', 'tipsperawatanwajah']",15,5,0.00630119722747322,DS2,niche_only,night,False
2839507710119900029,Carousel,83,Monday,15,16,5,2022,318202,0,True,False,[],3976,54,0.012664871167148015,DS2,none,afternoon,False
3646767416402256269,Image,87,Tuesday,11,3,6,2025,24794,0,False,False,[],126,0,0.005081669691470054,DS2,none,morning,False
3718706394380220917,Video,101,Wednesday,17,10,9,2025,1666,4,False,False,"['reel', 'reelitfeelit', 'foryou', 'fyp']",0,0,0.0,DS2,mixed,afternoon,False
3105264612994603674,Carousel,911,Thursday,7,18,5,2023,1731,0,False,False,[],7,1,0.004618937644341801,DS2,none,morning,False
3584866551179243544,Image,258,Monday,1,10,3,2025,12318,9,False,False,"['flyfishing', 'troutfishing', 'catchandrelease', 'euro', 'paflyfishing', 'wildtrout', 'nativetrout', 'fyp', 'getoutdoors']",133,0,0.010796330871012257,DS2,mixed,night,False
2802130310550723366,Reel,412,Saturday,2,26,3,2022,424,31,False,False,"['happy', 'aloha', 'friday', 'everyone', 'onlyattheroyal', 'paradise', 'aloha', 'sea', 'beach', 'waikiki', 'hawaii', 'hawaiilife', 'blessedinhawaii', 'hawaiimagazine', 'luckywelivehawaii', 'wewilltravelagain', 'travel', 'travelblogger', 'traveladdict', 'traveltheworld', 'travelphotography', 'travelgram', 'travelandleisure', 'instagram', 'instapic', 'natgeotravel', 'lonelyplanet', 'condenasttraveller', 'explore', 'live', 'livefree']",6,0,0.01411764705882353,DS2,mixed,night,True
3633116117654187602,Image,279,Thursday,15,15,5,2025,13153,1,False,False,['ebike'],8,0,0.0006081800212863008,DS2,niche_only,afternoon,False
3682659510728752168,Image,154,Tuesday,23,22,7,2025,29674,0,False,False,[],14,0,0.0004717775905644482,DS2,none,evening,False
1945047741319316297,Reel,243,Saturday,12,29,12,2018,3575,30,False,False,"['england', 'britian', 'lodha', 'tokyo', 'newyork', 'usa', 'mumbai', 'delhi', 'capetown', 'hongkong', 'shanghai', 'paris', 'berlin', 'isreal', 'gaza', 'palistine', 'lux', 'singapore', 'brasil', 'beirut', 'worli', 'sydney', 'taipei', 'california', 'italy', 'korean', 'trump', 'bombay', 'worli', 'butler']",16,0,0.0044742729306487695,DS2,niche_only,afternoon,True
3093304101022585552,Video,396,Monday,19,1,5,2023,95284,10,False,False,"['mtb', 'trailbuilding', 'mountainbiking', 'mtblife', 'trailbuildingart', 'trailbuilder', 'mtblove', 'mountainbike', 'woodworking', 'woodwork']",15351,24,0.16135803116964895,DS2,niche_only,evening,False
3147083471331300956,Image,176,Saturday,0,15,7,2023,48742,10,True,False,"['modernpool', 'blackbottompool', 'rectanglepool', 'geometricpool', 'backyardgoals', 'backporch', 'patiodesign', 'patiofurniture', 'oklahoma', 'hgtv']",73,7,0.0016412613093162096,DS2,niche_only,night,True
3441643171320694732,Image,339,Saturday,10,24,8,2024,103,26,False,False,"['summer', 'summerphotography', 'summertime', 'summermood', 'aesthetic', 'atmosphere', 'architecture', 'достопримечательности', 'набережная', 'rivers', 'skycolors', 'photography', 'art', 'artphotography', 'urban', 'urbanphotography', 'urbanart', 'streetphotography', 'photo', 'photooftheday', 'photoshoot', 'photographer', 'photos', 'photograph', 'photogram', 'instaphoto', 'spbphoto', 'spbgram']",8,1,0.08653846153846154,DS2,niche_only,morning,True
3396627790612856711,Image,169,Sunday,8,23,6,2024,944,3,False,False,"['大地之槍', '開波啦', '歐洲杯', 'euro2024', '法國', 'france', 'mbappe']",5,0,0.005291005291005291,DS2,niche_only,morning,True
3613894535073803264,Image,128,Saturday,2,19,4,2025,109858,1,False,False,['aeiipl'],24008,5,0.21858018004897187,DS2,niche_only,night,True
3534438783767206098,Carousel,416,Monday,11,30,12,2024,328365,17,False,False,"['kpop', '2ne1', 'หมูเด้ง', 'bts', 'byeonwooseok', 'rosé', 'brunomars', 'bigbang', 'newjeans', 'jeanzforfree', 'jaehyun', 'nct', 'taeyong', 'kimjaejoong', 'seunghan', 'riize', 'taeil', 'mintnews']",9820,28,0.02999092476078522,DS2,niche_only,morning,False
3408224264078867024,Reel,524,Tuesday,8,9,7,2024,242217,13,True,False,"['hotto', 'hottopurto', 'mulaisehatdenganhotto', 'multigrain', 'ubiungu', 'viral', 'makananviral', 'asamlambung', 'gerd', 'sarapan', 'kacang', 'bisniskecil', 'bisnisanakmuda']",2914,124,0.012542420464209926,DS2,mixed,morning,False
3564235540892701313,Carousel,61,Sunday,14,9,2,2025,809394,2,True,False,"['sblix', 'gbo']",6084,14,0.007534022325317058,DS2,niche_only,afternoon,True
3614480337817936705,Carousel,14,Saturday,21,19,4,2025,3301,0,False,False,[],73,4,0.023319200484554815,DS2,none,evening,True
3464156722212366917,Carousel,416,Tuesday,12,24,9,2024,20696,0,False,False,[],242,0,0.011692515823549307,DS2,none,afternoon,False
3266947075801341996,Image,412,Wednesday,9,27,12,2023,217,8,False,False,"['cambia', 'cambiar', 'mejorar', 'saber', 'conocer', 'comprender', 'libertad', 'mente']",2,0,0.009174311926605505,DS2,niche_only,morning,False
3540255730136024322,Carousel,77,Tuesday,12,7,1,2025,11594,4,True,False,"['yamaha', 'cygnus', 'gryphus', 'smax___', '勁戰', '勁戰六代']",1657,1,0.1429926692539888,DS2,niche_only,afternoon,False
3584211412864744109,Carousel,81,Sunday,3,9,3,2025,8383,0,False,False,[],73,0,0.00870706106870229,DS2,none,night,True
3167011579525814160,Carousel,1393,Friday,12,11,8,2023,13450,0,True,False,[],73,5,0.005798825366143781,DS2,none,afternoon,False
3083354370792461772,Carousel,27,Tuesday,2,18,4,2023,4151,0,False,False,[],190,16,0.049614643545279384,DS2,none,night,False
3626984354831419502,Carousel,1084,Wednesday,3,7,5,2025,11924,25,False,False,"['minotti', 'minotti2025collection', 'salonedelmobilemilano', 'isaloni', 'salonedelmobile2025', 'mdw', 'milanodesignweek', 'madeinitaly', 'interiordesign', 'interiordesignideas', 'homedesign', 'designinspiration', 'furniture', 'furnituredesign', 'furnitureideas', 'luxuryfurniture', 'luxuryhouse', 'luxuryinterior', 'designlover', 'gamfratesi', 'paolapansini', 'martinalucatelli', 'tornabuoniart', 'robertocrippa', 'mikayelohanjanyan']",21,0,0.001761006289308176,DS2,niche_only,night,False
2360481986458257015,Carousel,205,Friday,17,24,7,2020,4693,2,True,False,"['defunduppd', 'pennpaypilots']",496,4,0.10651896037494674,DS2,niche_only,afternoon,False
3583335699996031252,Carousel,391,Friday,22,7,3,2025,46543,7,False,False,"['galeriahathi', 'hathi', 'tapetes', 'arquiteturarj', 'homedecor', 'arquitetura', 'tapeçariaartesanal']",274,4,0.005972842901340667,DS2,niche_only,evening,False
3584206791681267248,Image,0,Sunday,3,9,3,2025,55638,0,False,False,[],3,0,5.391901364151045e-05,DS2,none,night,True
3696445257371363620,Image,565,Monday,0,11,8,2025,155333,2,False,False,"['lokerbdg', 'lokerbandung']",22,1,0.00014806803404277235,DS2,niche_only,night,False
3633317407733969850,Image,162,Thursday,21,15,5,2025,23924,1,False,False,['frisby'],54,1,0.0022988505747126436,DS2,niche_only,evening,False
3634294118362705345,Image,18,Saturday,6,17,5,2025,6671,0,False,False,[],150,0,0.022482014388489208,DS2,none,morning,True
3423117286649415611,Video,198,Monday,21,29,7,2024,26208,14,False,False,"['pasta', 'nyc', 'cocktails', 'italianrestaurant', 'summer', 'nycdrinks', 'pastanyc', 'food', 'drinks', 'visitnyc', 'traveltonyc', 'ny', 'specialoftheday', 'chefsspecial']",36,2,0.001449883627761456,DS2,niche_only,evening,False
3710509904940577864,Carousel,145,Saturday,9,30,8,2025,621609,4,True,False,"['quotes', 'quit', 'life', 'thoughts']",73,21,0.0001512202184649539,DS2,niche_only,morning,True
3450512482503920545,Image,265,Thursday,16,5,9,2024,1063,3,False,False,"['wingwah', 'burton', 'buffetlovers']",5,0,0.004699248120300752,DS2,niche_only,afternoon,False
3480701997913507259,Image,245,Thursday,8,17,10,2024,40410,3,False,False,"['samuraipaintmy', 'topearners', 'partnershipsuccess']",6,0,0.00014847442528024548,DS2,niche_only,morning,False
3594171803775833706,Image,177,Saturday,21,22,3,2025,5004,10,False,False,"['nails💅', 'gelmanicure', 'russianmanicure', 'naillounge', 'nailsalon', 'beauty', 'glamnail', 'beautysalons', 'granadahills', 'losangeles']",9,0,0.0017982017982017982,DS2,niche_only,evening,True
3418606654483394475,Image,138,Tuesday,15,23,7,2024,6844,2,False,False,"['israel', 'taglit']",70,1,0.010372534696859021,DS2,niche_only,afternoon,False
3453893947318744621,Carousel,97,Tuesday,8,10,9,2024,10520,3,False,False,"['kweenkeela', 'kweenatwork', 'kweenartwork']",73,22,0.00902955992776352,DS2,niche_only,morning,False
3646632965490630559,Image,106,Tuesday,6,3,6,2025,43147,0,False,False,[],0,0,0.0,DS2,none,morning,False
3149702996413134298,Reel,1109,Tuesday,15,18,7,2023,9436,12,False,False,"['airysunstickchallenge', 'abibsunstick', 'sunprotectionrevolution', 'glowwithconfidence', 'stylekorean_global', 'stylekorean_challenge', 'stylekorean_abib', 'abib', 'abibsunstick', 'sunscreen', 'kbeauty', 'sunupspfout']",61,36,0.010278690261735722,DS2,niche_only,afternoon,False
2584765959862318414,Carousel,972,Sunday,4,30,5,2021,1933,0,False,False,[],249,13,0.13547052740434332,DS2,none,night,True
3393519819141941827,Image,57,Wednesday,1,19,6,2024,373,3,False,False,"['sunset', 'fallwinter', 'photooftheday']",6,0,0.016042780748663103,DS2,niche_only,night,False
3762986590068148909,Carousel,279,Monday,19,10,11,2025,68093,7,True,False,"['hoodedeyesmakeup', 'cateye', 'eyeshadowtutorial', 'hoodedeyes', 'smokeymakeup', 'eyelinertutorial', 'hoodedeyeseyeliner']",107,0,0.0015713572414603342,DS2,niche_only,evening,False
3174965159551118721,Carousel,282,Tuesday,11,22,8,2023,2613,5,False,False,"['男飯', 'やっつけ', 'マッタリ', 'チャーハン', '炒飯', '春雨スープ', 'ナゲット', 'おうちごはん', '今日', '火曜日', 'おつかれさま', 'instagram', 'instagramjapan', 'dinner', 'dinnertime', 'dinnertonight']",261,6,0.10214231063504207,DS2,mixed,morning,False
3604780854945226056,Image,2171,Sunday,12,6,4,2025,4272,6,False,False,"['longboarding', 'learntosurf', 'surfbasics', 'beginnerguide', 'surfrental', 'longboardtips']",153,0,0.035806225134565876,DS2,niche_only,afternoon,True
3430329911842038258,Image,94,Thursday,20,8,8,2024,304,2,False,False,"['anime', 'onepiece']",2,0,0.006557377049180328,DS2,niche_only,evening,False
3685276126952496830,Carousel,540,Saturday,14,26,7,2025,1751,4,False,False,"['arteportodaparte', 'breaking', 'dançaurbana', 'culturaderua']",14,0,0.007990867579908675,DS2,niche_only,afternoon,True
3649983362673433653,Image,0,Saturday,21,7,6,2025,14438,0,False,False,[],6,0,0.00041554124246831497,DS2,none,evening,True
3651322246627770574,Carousel,1650,Monday,18,9,6,2025,110035,5,False,False,"['pracegover:', 'institutoipe', 'sustentabilidade', 'esg', 'biodiversidade']",101,16,0.001063288378348904,DS2,niche_only,evening,False
3534579896635931339,Image,688,Monday,16,30,12,2024,39991,13,True,False,"['seaturtles', 'ocean', 'seizeyourmoment', 'nikonz9', 'seaturtle', 'greenseaturtle', 'saveseaturtles', 'seaturtleart', 'underwaterphotography', 'underwaterphotographer', 'deanocook', 'deanocookphotography', 'deanocookart']",230,20,0.00625125025005001,DS2,niche_only,afternoon,False
3660415997199232022,Image,118,Sunday,7,22,6,2025,46492,0,False,False,[],25,0,0.0005377153549996774,DS2,none,morning,True
3712206493635621818,Carousel,142,Monday,17,1,9,2025,26744,0,True,False,[],5238,96,0.19943914750420638,DS2,none,afternoon,False
3043327102438250192,Image,1212,Tuesday,20,21,2,2023,478,26,False,False,"['holdthemoments', 'bepresentnow', 'whatisyoga', 'whatisyouryoga', 'thisismyyoga', 'theyogamosaic', 'mindfulliving', 'poetryinmotion', 'poetry', 'yinyang', 'justbreathe', 'yogamom', 'childhood', 'parenthood', 'yogateacher', 'momlife', 'meditation', 'yoga', 'yogainspiration', 'getoutside', 'mindbodysoul', 'everydaymagic', 'staycurious', 'staykind', 'stayfree', 'love']",8,0,0.016701461377870562,DS2,mixed,evening,False
3501667618568183360,Image,383,Friday,6,15,11,2024,34175,1,False,False,['lokerbandung'],73,1,0.0021652621722846443,DS2,niche_only,morning,False
2874301520943982888,Image,94,Sunday,15,3,7,2022,210279,3,True,False,"['coach', 'escritor', 'fe']",1976,153,0.010124595777059158,DS2,niche_only,afternoon,True
3724572378463702918,Carousel,943,Thursday,19,18,9,2025,14549,0,False,False,[],328,16,0.023642611683848798,DS2,none,evening,False
3714212474334764417,Image,285,Thursday,12,4,9,2025,91648,0,False,False,"['ایران_گردی', 'تهران', 'تهران_گردى']",120,2,0.0013311656428329824,DS2,niche_only,afternoon,False
3631067923838911655,Image,1646,Monday,19,12,5,2025,2864225,4,False,False,"['gamechanger', 'mancrushmonday', 'mystory', 'nyayozampambanaji']",103,2,3.6659118379625075e-05,DS2,niche_only,evening,False
3659622666190887636,Carousel,197,Saturday,4,21,6,2025,45728,0,False,False,[],2952,5,0.06466356141616918,DS2,none,night,True
3618600545928951023,Carousel,1272,Friday,14,25,4,2025,33931,0,False,False,"['автоизсша', 'автоизкореи', 'автоизкитая', 'автоизевропы', 'автооаэ', 'автоизканады', 'автоподключ', 'автоподзаказ', 'автопригон', 'автозаказать']",8,1,0.0002652363550630673,DS2,niche_only,afternoon,False
3641011868183165631,Carousel,755,Monday,12,26,5,2025,17407,0,False,False,[],784,22,0.04630055147058824,DS2,none,afternoon,False
3414708278226616717,Image,207,Thursday,6,18,7,2024,18,15,False,False,"['kakashi', 'naruto', 'anime', 'transformers', 'optimusprime', 'ai', 'aiart', 'sayyedkhalidalinaqvi', 'syedkhalidalinaqvi', 'sayyedluckyalinaqvi', 'ınstagood', 'insta', 'instagram', 'art', 'photography', 'cyborg']",5,0,0.2631578947368421,DS2,mixed,morning,False
3600493617752417532,Image,262,Monday,14,31,3,2025,11698,0,True,False,[],28,0,0.0023933669544405505,DS2,none,afternoon,False
3660017379346328237,Image,1598,Saturday,17,21,6,2025,32041,0,False,False,[],5,0,0.000156045190687223,DS2,none,afternoon,True
3581677435017072569,Carousel,44,Wednesday,15,5,3,2025,56349,0,False,False,[],73,32,0.0018633540372670807,DS2,none,afternoon,False
3548007547610827468,Carousel,252,Saturday,4,18,1,2025,8171,8,False,False,"['indonesiaartisancoffee', 'comingsoon', 'goffeeexquise', 'artisancoffee', 'placetogojkt', 'coffee', 'coffeeshopjakarta', 'localcoffee']",27,0,0.003303964757709251,DS2,niche_only,night,True
3412636871024320513,Image,1404,Monday,10,15,7,2024,15322,19,False,False,"['tournamen', 'tournamenmlbb', 'tournamenonlinemlbb', 'turnamen', 'mlbb', 'mobilelegendsbangbang', 'ml', 'turnamenml', 'tournamenml', 'turnamenonline', 'tournamenmlbb', 'turnamenmlbb', 'tournamenml', 'tournamenml', 'roomturnamen', 'roomtournament', 'mlbb', 'ml', 'allmatchbo3']",3,1,0.0002610454871761404,DS2,niche_only,morning,False
2273971107032101287,Image,290,Friday,8,27,3,2020,199213,1,False,False,['coronavirus:'],158,5,0.0008182155872579237,DS2,niche_only,morning,False
3602215817740312117,Image,316,Wednesday,23,2,4,2025,11879,7,False,False,"['vemserfeliznoparaiso', 'hotelnacanastra', 'hotel', 'hospedagem', 'serradacanastra', 'mg', 'euvounajanela']",23,0,0.001936026936026936,DS2,niche_only,evening,False
3576631179299398606,Image,28,Wednesday,16,26,2,2025,8176,0,False,False,[],73,0,0.00892747951571481,DS2,none,afternoon,False
3603205511483923973,Image,305,Friday,8,4,4,2025,391229,0,True,False,[],1285,3,0.0032921810699588477,DS2,none,morning,False
3751984748022052151,Carousel,0,Sunday,15,26,10,2025,774,0,False,False,[],73,15,0.1135483870967742,DS2,none,afternoon,True
3764786559196497330,Image,622,Thursday,7,13,11,2025,29229,15,False,False,"['kyotoya78', 'kyotoya', '時計好きな人と繋がりたい', 'dailywatch', 'watchgeek', 'watches_es', 'watchoftheday', 'instawatch', 'watchmania', 'timepiece', 'watchfam', '時計怪獣集まれ', '手表', '腕時計', 'カルティエ', 'wristcheck', 'watchesofinstagram', 'tankdivan', 'cartiertankdivan', 'cartier', 'タンクディヴァン']",32,1,0.0011289770783441668,DS2,niche_only,morning,False
2901867536354255593,Carousel,614,Wednesday,16,10,8,2022,971731,4,True,False,"['thebadassambassador', 'watchmework', 'watchmeenjoylife', 'ghanatotheworld']",4290,116,0.004534171973342444,DS2,niche_only,afternoon,False
3652474199352747784,Image,74,Wednesday,8,11,6,2025,14394,0,False,False,[],4,0,0.00027787426189649186,DS2,none,morning,False
3774258347227734440,Carousel,629,Wednesday,8,26,11,2025,2321,5,False,False,"['redtable2025', 'redtableawards2025', 'hungryhub', 'iuสองแสบของป๊า', 'iuสองแสบของป๊าxhungryhub']",73,0,0.031438415159345395,DS2,niche_only,morning,False
2627863541372197423,Image,154,Wednesday,15,28,7,2021,184190,2,False,False,"['chingonavibes', 'poderosa']",36,0,0.00019544928905321107,DS2,niche_only,afternoon,False
3056738281089712050,Video,166,Monday,15,13,3,2023,189644,13,True,False,"['uhlsquad', 'uhlsportgloves', 'train', 'training', 'football', 'soccer', 'goalkeeper', 'rocket', 'gkgloves', 'asmr', 'grip', 'supergrip', 'absolutgrip']",1152,5,0.006100872683171188,DS2,niche_only,afternoon,False
3066936838418722833,Image,146,Sunday,10,26,3,2023,266379,5,False,False,"['nrw', 'nrwgirl', 'nrwmodel', 'germany', 'deutschland']",2367,36,0.009020947518582477,DS2,niche_only,morning,True
3511980073005480849,Carousel,485,Friday,11,29,11,2024,13804,29,False,False,"['sulselmanis', 'sulsel', 'manis', 'cantik', 'makassar', 'maros', 'sidrap', 'enrekang', 'pangkep', 'parepare', 'toraja', 'torajautara', 'wajo', 'soppeng', 'pinrang', 'luwu', 'barru', 'luwuutara', 'luwutimur', 'palopo', 'bone', 'sinjai', 'bulukumba', 'bantaeng', 'jeneponto', 'takalar', 'gowa', 'selayar', 'lfl❤️']",73,0,0.0052879391524809855,DS2,niche_only,morning,False
2715474912039976436,Image,529,Friday,12,26,11,2021,3017,13,False,False,"['murraysofclevedon', 'independentbusiness', 'shoplocal', 'clevedon', 'discoverclevedon', 'facesofclevedon', 'porkloin', 'localproduce', 'tamworthpig', 'warming', 'winter', 'chefslife', 'foodie']",34,1,0.011597084161696488,DS2,niche_only,afternoon,False
3471491387841720590,Image,286,Friday,15,4,10,2024,73400,1,True,False,['togetherasone'],112,1,0.0015394885628261196,DS2,niche_only,afternoon,False
3587446364464757457,Carousel,36,Thursday,14,13,3,2025,11020,0,False,False,[],129,4,0.012067870429180656,DS2,none,afternoon,False
2792460647503118452,Image,531,Saturday,17,12,3,2022,3129,12,False,False,"['travel', 'crew', 'cabincrew', 'crewlife', 'london', 'londonlife', 'towerbridge', 'towerbridgelondon', 'skin', 'skincare', 'skincarecommunityuk', 'beautybloggers']",134,16,0.04792332268370607,DS2,niche_only,afternoon,True
3290543444076754813,Video,793,Sunday,23,28,1,2024,289979,21,True,False,"['sundayvibes', 'sundayootd', 'monochromaticqueen', 'brownlook,', 'winterlookglam,', 'blkcreatives', 'atlinfluencer', 'chocolatechic,', 'fashiongirlies,', 'womenfashionpower,', 'youlookstunning,', 'elegantbrownstyle,', 'winterfashionista,', 'chocolatevogue,', 'girlyglamour,', 'fashionforwardwomen,', 'urbanwinterstyle,', 'chicchocolatelooks,', 'ltk', 'femininefashionflair,', 'trendywinterwear']",2332,232,0.008841989102696738,DS2,niche_only,evening,True
3669428187379139757,Reel,175,Friday,17,4,7,2025,716851,7,False,False,"['reelsinsta', 'instagramreels', 'explore', 'bookreader', 'bookstagrammer', 'bookreviewers', 'readandrise']",17734,79,0.02484892279019937,DS2,mixed,afternoon,False
3612377709213593220,Carousel,21,Thursday,0,17,4,2025,9156,1,False,False,['besties'],73,9,0.008954897892322813,DS2,niche_only,night,False
3254526274105376979,Reel,825,Sunday,6,10,12,2023,5813,0,False,False,[],0,0,0.0,DS2,none,morning,True
2341133356936385467,Carousel,553,Sunday,0,28,6,2020,1731,16,False,False,"['waveclean', 'limpezadesofá', 'limpezadeestofados', 'impermeabilizaçãodesofá', 'impermeabilizaçãodeestofados', 'limpezadecadeiras', 'limpezadepoltronas', 'limpezadecolchão', 'esterilizaçãodecolchão', 'limpezadecabeceira', 'impermeabilizaçãodecadeiras', 'impermeabilizaçãodepoltronas', 'limpezadetapetes', 'limpezadecarrinhodebebê', 'limpezadebebêconforto', 'limpezademoises']",7,0,0.0040415704387990765,DS2,niche_only,night,True
3719963284565803443,Image,753,Friday,10,12,9,2025,33384,0,True,False,[],73,5,0.002336378613149618,DS2,none,morning,False
3528453252692537910,Carousel,565,Sunday,5,22,12,2024,34182,9,True,False,"['waveshine', 'cartoonnetwork', 'thepowerpuffgirls', 'blossom', 'bubbles', 'buttercup', 'waveshine', '美波第一品牌', 'waveshinexmecode', 'mecodelife', '女神養fu粉']",73,10,0.0024281075388350934,DS2,niche_only,night,True
3724246820352789883,Carousel,45,Thursday,8,18,9,2025,129331,0,True,False,[],458,7,0.003595397890699904,DS2,none,morning,False
3420826780186141880,Carousel,0,Friday,17,26,7,2024,211760,0,True,False,[],6164,73,0.029453015427769985,DS2,none,afternoon,False
3530107790763685087,Carousel,196,Tuesday,12,24,12,2024,37832,2,True,False,"['christmasmessage', 'thankyou']",48,4,0.0013744614489995506,DS2,niche_only,afternoon,False
