post_id,content_type,video_duration_sec,caption_length,post_day_of_week,post_hour,post_day,post_month,post_year,follower_count,hashtag_count,is_verified,is_paid_partnership,hashtags,like_count,comment_count,view_count,play_count,engagement_rate,dataset,hashtag_type_mix,time_block,is_weekend
3552490146515935254_3160772264,reel,47.066,285,Friday,9,24,1,2025,17200795,6,True,False,"['iitbaba', 'mahakumh', 'prayagraj', 'aajtakcreatorslounge', 'aajtaksocial', 'aajtakatkumbh']",5409,43,91248,362773,0.0003169620754760419,DS3,niche_only,morning,False
3591722649115228590_4217102957,reel,414.52,105,Wednesday,12,19,3,2025,757121,0,True,False,[],2083,25,0,27504,0.002784227640987846,DS3,none,afternoon,False
3576411841204878333,reel,14.933,117,Wednesday,9,26,2,2025,80091,0,True,False,[],,32,9713,29211,,DS3,none,morning,False
3581119297508576430,reel,15.066,13,Tuesday,21,4,3,2025,80091,1,False,False,['core'],27,1,632,1889,0.0003495979623433052,DS3,niche_only,evening,False
3546660432771952803_6673076031,reel,82.0,538,Thursday,8,16,1,2025,13902,10,False,False,"['fyp', 'labuanbajo', 'pesonaindonesia', 'komodonationalpark', 'indonesiajuaratrip', 'komodotrip', 'opentripkomodo', 'padarisland', 'komodoisland', 'komodoisland']",822,13,0,31562,0.06005898007624254,DS3,mixed,morning,False
3579551362929729083,reel,53.166,118,Sunday,17,2,3,2025,80091,0,False,False,[],4,0,127,433,4.99425660490436e-05,DS3,none,afternoon,True
3466205061070790917_4375255849,reel,78.549,160,Friday,8,27,9,2024,99562,1,False,False,"['lionscinema', '獅獅小劇院', '快問快答']",1665,9,9635,46549,0.016813474885248536,DS3,niche_only,morning,False
3494067703975633788_224026195,reel,8.285,14,Monday,18,4,11,2024,242027,0,True,False,[],378,22,3396,20031,0.001652701340340787,DS3,none,evening,False
3463830485279713945,reel,82.803,115,Tuesday,1,24,9,2024,80091,0,True,False,"['รามคำแหง', 'รัฐศาสตร์รามคำแหง', 'ปรัชญา']",,7,329,1822,,DS3,niche_only,night,False
3497167283762591499,reel,29.833,271,Saturday,1,9,11,2024,80091,2,True,False,"['arfirafnialdi', 'bandungkitatanggungjawabkita']",228,11,1163,3240,0.0029840683214303553,DS3,niche_only,night,True
3486772022849392847,reel,14.0,918,Friday,17,25,10,2024,80091,3,True,False,"['investmentbanking', 'wallstreet', 'financecareers']",6803,13,97213,249436,0.08510213254757029,DS3,niche_only,afternoon,False
3779644890075140232_7348498814,reel,6.033,9,Wednesday,19,3,12,2025,16650,0,False,False,[],1077,27,16140,43672,0.06630232418473365,DS3,none,evening,False
3533584965886099531,reel,33.699,704,Sunday,7,29,12,2024,80091,3,False,False,"['bandung', 'kotabandung', 'beritakotabandung']",13425,2379,330195,839237,0.19732307845977126,DS3,niche_only,morning,True
3609817282517757413_2262398396,reel,71.6,234,Sunday,11,13,4,2025,253186,9,True,False,"['fmtnews', 'arthursen', 'junzwong', 'warisan', 'pbs', 'explore', 'explorepage', 'reels', 'fmteng']",16,0,499,3002,6.319439781663355e-05,DS3,mixed,morning,True
3407726412189792825_25230207778,reel,15.366,213,Monday,15,8,7,2024,71711,0,False,False,[],3,26,5539,20368,0.00040439535921463633,DS3,none,afternoon,False
3434500354623284636_3048360342,reel,26.4,135,Wednesday,14,14,8,2024,121316,4,False,False,"['wardrobeorganizer', 'wardrobeessential', 'wardrobebasics', 'wardrobestaples']",286,58,5110,15062,0.0028355465433533636,DS3,niche_only,afternoon,False
3585918120778381934_654917772,reel,34.4,388,Tuesday,12,11,3,2025,31028,6,False,False,"['naturaldiamonds', 'craftsmanship', 'heartdiamond', 'timelessbeauty', 'roughkast', 'hkdiamonds']",87,1,0,2857,0.0028360565922201813,DS3,niche_only,afternoon,False
3633771301728021477,reel,22.9,0,Friday,12,16,5,2025,80091,0,True,False,[],3844,18,176,104957,0.0482195475203516,DS3,none,afternoon,False
3620557174591612691_4326080625,reel,69.766,425,Monday,7,28,4,2025,129212,9,False,False,"['buatjerawatkokcobacoba', 'acne', 'acneclinic', 'acneinstituteclinic', 'klinikjerawat', 'keziaflorenceelevena', 'fyp', 'fypシ', 'foryou']",380,51,806,3909,0.003335577689551361,DS3,mixed,morning,False
3622440159089930751_25035783009,reel,27.366,127,Wednesday,21,30,4,2025,352588,0,False,False,[],1041,7,6313,130493,0.0029722991925442937,DS3,none,evening,False
3609373805152656284_1678398991,reel,11.687,273,Saturday,20,12,4,2025,7778,22,False,False,"['boanoite', 'bomdia🌞', 'bomdia', 'boanoitegalera', 'boanoiteatodos', 'boatardinha', 'fotoviral', 'boanoitinha', 'legado', 'bomdiaboatardeboanoite', 'fé', 'viral', 'explore', 'explorar', 'explorer', 'estilo_js', 'fyl', 'love', 'reelsvideo', 'motivação', 'fyp', 'reels']",1,0,35,163,0.0001285512276642242,DS3,mixed,evening,True
3508968010518207237_56202504843,reel,7.0,135,Monday,7,25,11,2024,487,0,False,False,[],188,0,2732,10496,0.38524590163934425,DS3,none,morning,False
3619442812053495287_1381217295,reel,69.933,202,Saturday,18,26,4,2025,124534,2,True,False,"['zaaponsale', 'zaapsummersale']",51,0,1432,7651,0.00040952342714899425,DS3,niche_only,evening,True
3573459992326745682_40266933760,reel,55.0,132,Saturday,7,22,2,2025,139519,6,False,False,"['happybirthday', 'trending', 'reelsinstagram', 'viral', 'likesforlike', 'family']",3,10,13161,32603,9.317660550458716e-05,DS3,mixed,morning,True
3498281336757149176,reel,23.5,34,Sunday,14,10,11,2024,80091,3,True,False,"['thehouseofcollab', 'risseltv', 'dance']",17,0,112,329,0.00021225590570843529,DS3,niche_only,afternoon,True
3567130146415637641,reel,30.2,224,Thursday,13,13,2,2025,80091,7,True,False,"['radhikamerchant', 'ambani', 'fashion', 'style', 'paparazzi', 'mumbai', 'casuals']",851,3,50062,92172,0.010662737851470809,DS3,niche_only,afternoon,False
3591751334042726729_2949190951,reel,15.133,12,Wednesday,13,19,3,2025,22284,0,False,False,[],231,67,3552,17429,0.01337222346870092,DS3,none,afternoon,False
3605236568001916919,reel,57.566,488,Monday,3,7,4,2025,80091,28,False,False,"['shintaarsinta', 'nikensalindry', 'campursari', 'sindenmodern', 'sindenjawa', 'nembangjawa', 'sinden', 'jawa', 'jawatimur', 'kroncong', 'jawapost', 'ngalam', 'kediri', 'ngapak', 'ngapaklucu', 'sindencantik', 'sindenautoperformance', 'horeg', 'horeg_mania', 'horegmania', 'kiguritnopurbocarito', 'karawitan', 'sindenmilenial', 'musikjawa', 'gamelanasik', 'kroncongmodern', 'lagujawa', 'wayangjawa']",5,0,66,266,6.24282075613045e-05,DS3,niche_only,night,False
3630958744730933499,reel,26.4,77,Monday,15,12,5,2025,80091,0,False,False,[],710,24,139,37262,0.0091644608699995,DS3,none,afternoon,False
3583321530412909487,reel,43.0,1176,Friday,22,7,3,2025,80091,0,False,False,[],379,12,8189,24372,0.004881885831294012,DS3,none,evening,False
3375658711228819297_1922618821,reel,329.766,192,Saturday,9,25,5,2024,23300,0,False,False,"['영웅]', '히어로그']",534,3,0,17703,0.02304622119222351,DS3,niche_only,morning,True
3485916303052858669,reel,63.104,407,Thursday,12,24,10,2024,80091,14,False,False,"['thedimpledway', 'vandanasingh', 'celebritychat', 'lifestories', 'industrygossip', 'actorlife', 'podcastepisode', 'behindthescenes', 'entertainmentinsights', 'priyankasarswat', 'television', 'podcast', 'podcasting', 'podcastersofinstagram']",342,34,2831,8583,0.0046946012086100984,DS3,niche_only,afternoon,False
3480364317742817441_311390477,reel,12.076,49,Wednesday,20,16,10,2024,4952,0,True,False,[],3,18,0,29142,0.004239854633555421,DS3,none,evening,False
3795103717628461257_56195124,reel,10.134,130,Thursday,3,25,12,2025,68685,1,True,False,['kashiecaholiday'],8,0,56,492,0.00011647206126430422,DS3,niche_only,night,False
3603311985760069489,reel,5.333,138,Friday,12,4,4,2025,80091,1,False,False,['ss25'],58,1,1462,9789,0.0007366528492233931,DS3,niche_only,afternoon,False
3551780148283673010_294223236,reel,67.3,371,Thursday,9,23,1,2025,88433,4,True,False,"['jambo...', 'project', 'decentalize', 'campaign']",382,12,0,15356,0.004455299997738426,DS3,niche_only,morning,False
3494532175387559652,reel,47.533,83,Tuesday,10,5,11,2024,80091,3,False,False,"['misslens', 'sisselens', 'คอนแทคเลนส์เกาหลี', 'mgkoc']",565,4,1718,12346,0.007104330020476452,DS3,niche_only,morning,False
3630898339556090021,reel,22.433,1102,Monday,13,12,5,2025,80091,9,True,False,"['builttoexit', 'entrepreneurlife', 'soldthebusiness', 'startupstories', 'lifeafterexit', 'businesswisdom', 'retirednottired', 'purposedriven', 'legacybuilders']",1,0,0,216,1.24856415122609e-05,DS3,niche_only,afternoon,False
3612042496051023188,reel,3608.136,71,Wednesday,13,16,4,2025,80091,0,False,False,[],51,4,930,2964,0.0006867102831743495,DS3,none,afternoon,False
3538774903416426987,reel,28.066,309,Sunday,11,5,1,2025,80091,10,False,False,"['turbobytomaz', 'tomaz', 'streetwear', 'hiphop', 'centralicity', 'shahalam', 'klang', 'malaysia', 'fyp', 'fypシ']",115,6,5412,45600,0.001510762622983569,DS3,mixed,morning,True
3464658470819143934_30276728654,reel,64.464,166,Wednesday,4,25,9,2024,610899,4,True,False,"['udhayanidhistalin', 'pmmodi', 'election2024', 'dailythanthi']",121,1,2906,7137,0.00019970535275822557,DS3,niche_only,night,False
2414118995856614103_5358536248,reel,17.1,676,Tuesday,17,6,10,2020,3434,3,False,False,"['upto7', 'colorfusion', 'shadeseq']",46,4,0,11393,0.01455604075691412,DS3,niche_only,afternoon,False
3598494993838190386_1757770152,reel,319.293,43,Friday,20,28,3,2025,28120,0,False,False,[],21,0,198,973,0.0007467728743643541,DS3,none,evening,False
3629500456059284401_6051183238,reel,22.366,728,Saturday,15,10,5,2025,18567,1,False,False,"['diks', 'женскаяодежда', 'модаказахстан', 'доставкаказахстан', 'стилькаждыйдень']",57,2,236,7369,0.003177509694097372,DS3,niche_only,afternoon,True
3622356362894441197_3043069375,reel,64.874,67,Wednesday,18,30,4,2025,99188,0,False,False,[],2026,230,0,94295,0.022744457550736473,DS3,none,evening,False
3471195468319503635_179255688,reel,4.0,100,Friday,5,4,10,2024,895619,0,True,False,[],3552,21,21108,89092,0.003989415153748241,DS3,none,night,False
3778071816115928968_178930120,reel,71.339,218,Monday,15,1,12,2025,204875,9,True,False,"['strangerthings', 'finnwolfhard', 'noahschnapp', 'calebmclaughlin', 'gatenmatarazzo', 'milliebobbybrown', 'whoevenami', 'mtvmovies', 'mtvasia']",254,1,4763,10412,0.001244655303695894,DS3,niche_only,afternoon,False
3490819017279991104,reel,59.859,99,Thursday,7,31,10,2024,80091,3,True,False,"['서울대', 'n번방', '딥페이크', '성범죄', '음란물', 'kbs', 'kbsnews']",321,18,16009,50674,0.004232632472656445,DS3,niche_only,morning,False
3608526460977283724_2065298466,reel,41.733,493,Friday,16,11,4,2025,42290,0,False,False,[],175,7,2746,10448,0.0043035161145397365,DS3,none,afternoon,False
3731668707392200330_4668980056,reel,16.666,19,Sunday,14,28,9,2025,63698,1,False,False,"['iloveher', '❤️', '🎯', '🥂']",153,8,0,7185,0.002527512205843106,DS3,niche_only,afternoon,True
3430686286610720060_294230666,reel,1.033,49,Friday,7,9,8,2024,730585,0,True,False,[],547,31,8095,28506,0.0007911457378049949,DS3,none,morning,False
3662873505251420724_1623324941,reel,146.633,637,Wednesday,16,25,6,2025,3858,4,False,False,"['maquiaefala', 'blogger', 'motivation', 'foconoobjetivo']",31,16,8,886,0.012179321067634101,DS3,niche_only,afternoon,False
3615737812452994382,reel,38.8,104,Monday,15,21,4,2025,80091,0,False,False,[],345,10,9009,26598,0.004432402736852619,DS3,none,afternoon,False
3379115018313244801_1091600495,reel,40.833,290,Thursday,4,30,5,2024,87788,15,True,False,"['notebook', 'agenda', 'journal', 'journaling', 'study', 'bulletjournal', 'habittracker', 'stationery', 'diy', 'produktif', 'daily', 'catatan', 'brandlokal', 'reels', 'fyp']",3,0,0,351,3.417284625636469e-05,DS3,mixed,night,False
3632509783449565904,reel,62.066,454,Wednesday,18,14,5,2025,80091,0,True,False,[],274,31,24,10460,0.0038081206612395743,DS3,none,evening,False
3544006683691450632_1512973068,reel,42.56,155,Sunday,16,12,1,2025,482121,5,True,False,"['westbengalnews', 'gangasagarmela', 'diamondhorbour', 'fakesaline', 'abpananda']",94,3,1655,4059,0.00020119388868377713,DS3,niche_only,afternoon,True
3559757858718286432,reel,57.933,35,Monday,9,3,2,2025,80091,0,False,False,[],0,1,60,216,1.24856415122609e-05,DS3,none,morning,False
3628169876794884782,reel,20.266,140,Thursday,19,8,5,2025,80091,1,False,False,"['خلیج_فارس', 'خلیج_همیشه_فارس', 'ایران_من', 'خلیج_همیشگی_فارس', 'خلیج_فارس_ایران', 'خلیج_تا_ابد_فارس', 'persin_gulf']",549,24,11,7851,0.007154272586525495,DS3,niche_only,evening,False
3385775689214338401,reel,35.766,48,Saturday,8,8,6,2024,80091,1,False,False,"['혜리하고싶은거다하지마', 'travelblogger', '여행기록']",1717,3,273,875,0.021475303401088747,DS3,niche_only,morning,True
3429766102795206163,reel,109.533,616,Thursday,1,8,8,2024,80091,12,True,False,"['langkawi', 'dcitrinelangkawi', 'property', 'vantagefreeway', 'dcitrine', 'pekankuah', 'propertyinvestment', 'penarak', 'newproperty', 'malaysia', 'langkawiisland', 'penarak']",26,0,818,1870,0.0003246266793187834,DS3,niche_only,night,False
3459080194925605926_1951800478,reel,52.166,846,Tuesday,12,17,9,2024,145231,7,True,False,"['kasuspembunuhan', 'pembunuhankorbansia', 'padangpariaman', 'indraseptriaman', 'penyidikan', 'pelakuresidivis', 'beritamedan']",395,24,10572,22587,0.002885039109838052,DS3,niche_only,afternoon,False
3440387571329987251_5764695551,reel,11.733,218,Thursday,17,22,8,2024,24474,10,False,False,"['nainakayatin♥️', 'reelsinstagram', 'reelsvideo', 'couplegoals', 'couple', 'couplelove', 'foreevertogether', 'viralvideos', 'viralreel', 'love']",247,7,1634,5494,0.0103779366700715,DS3,mixed,afternoon,False
3617990473853354869,reel,21.2,333,Thursday,18,24,4,2025,80091,0,True,False,[],1143,15,8426,37010,0.014458372871198123,DS3,none,evening,False
3469840338761401598_2103219014,reel,31.519,308,Wednesday,8,2,10,2024,160390,13,False,False,"['sharwariwagh', 'celebspotting""', 'sharwariwagh', 'celebspotting', 'bandradiaries', 'fashiongoals', 'viraltv', 'bollywoodglam', 'starstyle', 'celebritysightings', 'bandravibes', 'trending', 'viralbollywood']",36,0,0,4880,0.00022445149665504922,DS3,mixed,morning,False
3779861322100982043_309889814,reel,55.866,94,Thursday,2,4,12,2025,17588,4,False,False,"['loynu', 'loynufootdeodorant', 'footodor', 'footcare']",3,1,64,334,0.00022741486156120302,DS3,niche_only,night,False
3500325809770867021,reel,11.966,296,Wednesday,9,13,11,2024,80091,8,False,False,"['เจมส์จิรายุ', 'ใบเฟิร์นพิมพ์ชนก', 'aejeans', 'americaneagleth', 'jirayu_jj', 'baifernbah', 'jirayu_jjfc', 'jamesjigallery', 'jamesji', 'jamesjirayu', 'เจมส์จิรายุ', 'เจมส์จิ', 'เพจกลุ่มคนรักเจมส์จิ']",59,12,258,386103,0.0008864805473705239,DS3,niche_only,morning,False
3605709101541873746_29323655436,reel,90.1,88,Monday,19,7,4,2025,1037792,6,True,False,"['obras', 'dicas', 'carpintaria', 'macetes', 'juninhocarpinteiro', 'facavocemesmo']",40974,915,314535,682001,0.04036354070609457,DS3,niche_only,evening,False
3494363063963601514,reel,161.533,697,Tuesday,4,5,11,2024,80091,0,True,False,[],1610,18,3686,12962,0.020326624381960746,DS3,none,night,False
3526888927900837556,reel,90.033,318,Friday,1,20,12,2024,80091,7,True,False,"['abawfam', 'unboxingjoy', 'interactivetoys', 'glambuddies', 'surprisetoys', 'trendytoys', 'playtimefavorites']",60,12,876,49950,0.0008989661888827848,DS3,niche_only,night,False
3542221684394516928,reel,479.066,66,Friday,5,10,1,2025,80091,0,False,False,[],3160,151,8411,41355,0.04133995904709584,DS3,none,night,False
3622241755928257300_67598934311,reel,38.966,88,Wednesday,14,30,4,2025,59014,4,True,False,"['hotwheels', 'hotwheelstürkiye', 'diecast', 'modelaraba']",3576,58,0,76230,0.061577565025840886,DS3,niche_only,afternoon,False
3409193795414257619,reel,15.066,518,Wednesday,16,10,7,2024,80091,22,False,False,"['ganpatibappa', 'ganpatimemories', 'bappavideo', 'bappa_maza_official_', 'mumbaiganpati', 'surat_utsav', 'surat', 'ganeshaart', 'mum', 'meme', 'bappamoraya', 'lalbaugcharaja', 'jungle', 'photooftheday', 'picture', 'mumbai', 'reelsviral', 'reelsvideo', 'reelkarofeelkaro', 'reelsinstagram', 'explore', 'exploring']",582,19,703,3093,0.007503870548868801,DS3,mixed,afternoon,False
3778335820223757486_460581364,reel,39.402,338,Monday,23,1,12,2025,465417,4,True,False,"['fitness', 'gymtips', 'biceps', 'growyourarms']",3,24,6939,22001,5.8012367377282356e-05,DS3,niche_only,evening,False
3770226725482647082_571854907,reel,15.208,368,Thursday,19,20,11,2025,209031,2,False,False,"['archival', 'couture']",136,0,422,1662,0.0006506180871828237,DS3,niche_only,evening,False
3053705986824292017_145527112,reel,5.4,21,Wednesday,4,8,3,2023,1444,2,False,False,"['guccithai', 'gucci']",12,2,51,146,0.009688581314878892,DS3,niche_only,night,False
3496756114354657396,reel,15.0,11,Friday,11,8,11,2024,80091,0,True,False,[],1155,51,2413,9669,0.015057683663786646,DS3,none,morning,False
3574330548357105527_517136128,reel,18.466,139,Sunday,12,23,2,2025,241440,6,True,False,"['prathameshparab', 'kshitijaghosalkar', 'pratija', 'indvspak', 'couplecomedy', 'fun']",5240,51,76717,210133,0.021914256485021186,DS3,niche_only,afternoon,True
3501743708217544268_4738834221,reel,8.3,108,Friday,8,15,11,2024,118578,7,True,False,"['gym', 'fitness', 'reels', 'fyp', 'funny', 'gymreels', 'transformations']",4215,123,0,159211,0.03658320613262045,DS3,mixed,morning,False
3601437738798024729_2021863095,reel,4.133,65,Tuesday,22,1,4,2025,83958,0,False,False,[],21,0,0,1117,0.00025012208339784893,DS3,none,evening,False
3498213541763780571,reel,89.866,177,Sunday,11,10,11,2024,80091,0,False,False,[],5623,31,30637,153053,0.07059381711032313,DS3,none,morning,True
3596553461464086945,reel,5.0,600,Wednesday,4,26,3,2025,80091,0,True,False,[],101,3,627,3333,0.0012985067172751337,DS3,none,night,False
3390959314456883694,reel,6.455,191,Saturday,12,15,6,2024,80091,14,True,False,"['model', 'modellife', 'curvemodel', 'plussizemodel', 'plussize', 'fyp', 'foryoupage', 'nycmodel', 'lamodel', 'ukmodel', 'plussizefashion', 'fashion', 'boho', 'bohofashion']",184,17,887,4096,0.002509613943964441,DS3,mixed,afternoon,True
3534415210511820879_65358322529,reel,31.821,127,Monday,10,30,12,2024,318,3,False,False,"['diengsquadnfriends', 'diengsquadjelajahdunia', 'sepedalipatindonesia']",43,0,201,593,0.13479623824451412,DS3,niche_only,morning,False
3407514276394000815,reel,15.766,107,Monday,8,8,7,2024,80091,2,False,False,"['kinhmatanna', 'annaeyeglasse']",7,0,446,4692,8.73994905858263e-05,DS3,niche_only,morning,False
3453914483828765172,reel,415.12,124,Tuesday,9,10,9,2024,80091,5,True,False,"['rajkotnews', 'chinesegarlic', 'gondalmarketyard', 'viralnews', 'news18original']",2010,14,42995,122902,0.025270938420816062,DS3,niche_only,morning,False
3478375905658386352,reel,38.4,439,Monday,3,14,10,2024,80091,17,False,False,"['masyaallahtabarakallah', 'masyaallahtabarakallah💕', 'lfl', 'like', 'women', 'blogger', 'instagood', 'instagood', 'inspiration', 'awesome', 'beautiful', 'adventure', 'berkebun', 'tanaman', 'hobi', 'hidupminimalis', 'minimalist']",,61,234,602,,DS3,mixed,night,False
3581341878919790523_180377989,reel,54.633,637,Wednesday,4,5,3,2025,4102,10,False,False,"['selfworth', 'percayadiri', 'hargaidirisendiri', 'mindsetpositif', 'personalgrowth', 'motivasihidup', 'mentalhealthawareness', 'selflovejourney', 'inspirationdaily', 'kontenmotivasi']",24,0,107,419,0.005849378503534,DS3,niche_only,night,False
3483540677311939252,reel,9.566,1436,Monday,2,21,10,2024,80091,2,False,False,"['presidenjokowi', 'presidenprabowo']",,3,2018,6365,,DS3,niche_only,night,False
3481548130051666947,reel,18.033,150,Friday,12,18,10,2024,80091,1,True,False,['1000)'],1868,15,8412,48662,0.023510462967587274,DS3,niche_only,afternoon,False
3468602459252445243_45909564864,reel,56.689,200,Monday,15,30,9,2024,197219,13,True,False,"['त्योहारोंkiरौनक', 'navratri', 'navratri2024', 'navratribindi', 'navratrimakeup', 'navratrilook', 'navratrihacks', 'viralhacks', 'viralhack', 'bindihack', 'festivehacks', 'viralreels', 'eyelinerhacks', 'eyelinerhack']",151007,348,2934261,4943253,0.7674424500557753,DS3,niche_only,afternoon,False
3411168881007113518,reel,13.133,111,Saturday,9,13,7,2024,80091,5,False,False,"['gym', 'backday', 'consistancy', 'hope', 'gymmotivation']",49567,191,615097,1357297,0.6212605503670778,DS3,niche_only,morning,True
3638914586221120614,reel,43.375,336,Friday,15,23,5,2025,80091,2,True,False,"['عناية_بالشعر', 'جمال', 'منتجات_طبيعية', 'alaaliya', 'hair']",9,0,30,612,0.0001123707736103481,DS3,niche_only,afternoon,False
3503461175922466227,reel,8.166,139,Sunday,17,17,11,2024,80091,14,False,False,"['goa', 'goabeach', 'goals', 'goadiaries', 'vacation', 'foryou', 'foryoupage', 'foryourpage', 'explore', 'explorepage', 'exploremore', 'vibes', 'vibe', 'goodvibes']",278,1,1522,4853,0.003483493981920791,DS3,mixed,afternoon,True
3480160493211849877,reel,54.1,37,Wednesday,14,16,10,2024,80091,0,True,False,[],499,9,5443,16900,0.006342705888228537,DS3,none,afternoon,False
3555581363711524498,reel,26.56,129,Tuesday,16,28,1,2025,80091,1,True,False,['dragonalliance'],126,1,550,2872,0.0015856764720571343,DS3,niche_only,afternoon,False
3590237918767910718,reel,30.0,13,Monday,11,17,3,2025,80091,0,True,False,[],34715,84,165815,502007,0.4344878389851671,DS3,none,morning,False
3445245507854767018_609765063,reel,88.333,192,Thursday,9,29,8,2024,54755,0,False,False,[],1081,30,43761,91446,0.02029001387975747,DS3,none,morning,False
3774353407990726578_1462674732,reel,25.266,77,Wednesday,11,26,11,2025,15111,3,False,False,"['enemieswithbenefits', 'janhae', 'janiverse']",435,0,1069,3597,0.02878507146638433,DS3,niche_only,morning,False
3464621702543995183_8698585950,reel,62.8,282,Wednesday,3,25,9,2024,5054,4,True,False,"['spfmaksimal', 'racunskincare', 'racunsunscreen', 'azarinesunscreen']",108,74,376,1040,0.036003956478733924,DS3,niche_only,night,False
3610655289923022340,reel,48.298,67,Monday,15,14,4,2025,80091,6,True,False,"['jennie', 'coachella', 'femina', 'kpop', 'blackpink', 'trending']",13195,41,59806,139678,0.16525995105628527,DS3,mixed,afternoon,False
3621762079435362779_5489511707,reel,51.433,256,Tuesday,23,29,4,2025,31124,5,False,False,"['maquillaje', 'tipsdebelleza', 'cursodemaquillaje', 'maquillajedesdecero', 'maquillajebarranquilla']",124,21,0,21855,0.00465863453815261,DS3,niche_only,evening,False
3494237209373108542_9142012683,reel,63.766,25,Tuesday,0,5,11,2024,20317,0,True,False,[],1592,8,9007,33320,0.07874790825868688,DS3,none,night,False
3627491755088399727_5515604030,reel,20.0,98,Wednesday,20,7,5,2025,9735,1,False,False,['entrego'],2,0,0,417,0.00020542317173377156,DS3,niche_only,evening,False
3577103129550590122_32208598844,reel,59.1,39,Thursday,8,27,2,2025,180020,1,True,False,"['ダイソー', '購入品', '掃除術', '100均']",13531,94,1488118,2791141,0.07568561445609123,DS3,niche_only,morning,False
3583011135700603149,reel,9.5,0,Friday,11,7,3,2025,80091,0,False,False,[],11,2,923,6611,0.0001623133396593917,DS3,none,morning,False
3746050620147920255,reel,47.13,143,Saturday,10,18,10,2025,80091,0,True,False,[],14382,79,252632,473991,0.18055486190880488,DS3,none,morning,True
3629940336680289119_2100538961,reel,31.433,447,Sunday,5,11,5,2025,20571,3,True,False,"['wigstyling', 'cosplaygermany', 'cosplay']",171,6,26,6725,0.00860392766867587,DS3,niche_only,night,True
3630333587586000527_7288909350,reel,15.433,346,Sunday,18,11,5,2025,30649,0,False,False,"['шикбезусилий', 'платьекотороепокоряет', 'элегантность']",35,0,22,10678,0.0011419249592169657,DS3,niche_only,evening,True
3588884281046856954_7390377052,reel,4.0,30,Saturday,14,15,3,2025,14478,0,False,False,[],103,11,961,4326,0.00787347192485669,DS3,none,afternoon,True
3414199550915732718_14336893469,reel,41.24,147,Wednesday,13,17,7,2024,1829386,6,True,False,"['tv9kannada', 'warrant', 'tv9warrant', 'crimestory', 'promo', 'kannadanews']",895,3,14090,60343,0.000490874812163856,DS3,niche_only,afternoon,False
3583683674296307704,reel,13.333,2,Saturday,10,8,3,2025,80091,0,True,False,[],,0,25122,97666,,DS3,none,morning,True
3009574430115857572_6314318271,reel,289.7,226,Friday,7,6,1,2023,2121,0,False,False,[],86,7,714,1507,0.04382657869934024,DS3,none,morning,False
3603428432951962662,reel,20.833,193,Friday,15,4,4,2025,80091,7,False,False,"['tiktok', 'reels', 'consejos', 'parejas', 'relaciones', 'amorpropio', 'motivacion']",6478,156,26724,294470,0.08282974579233882,DS3,mixed,afternoon,False
3543703278774462468_45194479453,reel,25.833,77,Sunday,6,12,1,2025,307319,4,False,False,"['explore', 'trending', 'amykhanfam', 'dancereels']",3,7,3737,9353,3.2539372640895484e-05,DS3,mixed,morning,True
3619221422637639650_5825234297,reel,21.9,83,Saturday,10,26,4,2025,68858,5,False,False,"['balapmotor', 'balapanliar', 'sukabalapmotor', 'racingboy', 'balapliarmed4n']",3,0,4381,11013,4.356728967890907e-05,DS3,niche_only,morning,True
3471204690679922692,reel,261.469,154,Friday,5,4,10,2024,80091,7,True,False,"['world', 'iran', 'israel', 'g7', 'joebiden', 'usa', 'israellebanonconflict']",171,7,3447,8347,0.00222244418918244,DS3,niche_only,night,False
3454050551623859694,reel,19.965,43,Tuesday,13,10,9,2024,80091,0,False,False,[],2239,58,73083,224386,0.028679518553663286,DS3,none,afternoon,False
3502495753140323854,reel,46.966,50,Saturday,9,16,11,2024,80091,3,False,False,"['trendingreels', 'reelsvideo', 'instagram']",113,3,837,2611,0.0014483344154222644,DS3,mixed,morning,True
3623114636527492520,reel,92.9,63,Thursday,19,1,5,2025,80091,0,True,False,[],9526,198,58149,233978,0.12141037806522499,DS3,none,evening,False
3619163633097156785_1352374329,reel,132.132,336,Saturday,9,26,4,2025,46028,11,True,False,"['miamimoments', 'droneadventures', 'inspirational', 'florida', 'filmmaker', 'shot', 'avata', 'shooting', 'boat', 'plane', 'surf']",6,1,27,171,0.00015207803775880424,DS3,niche_only,morning,True
3614168813796346709,reel,19.766,76,Saturday,11,19,4,2025,80091,2,False,False,"['riders', 'ucc']",71,2,1068,4203,0.0009114518303950457,DS3,niche_only,morning,True
3622113478828039205,reel,15.2,76,Wednesday,10,30,4,2025,80091,0,True,False,[],,69,25926,155429,,DS3,none,morning,False
3627987060893914084_8008729300,reel,73.333,426,Thursday,13,8,5,2025,9680,10,False,False,"['tbt', 'soulcia', 'encontrodelíderes', 'ciadocrédito', 'semprecomvocê', 'foconavenda', 'foconocrescimento', 'eduardomarostica', 'liderança', 'tbt']",51,5,0,2394,0.005784526391901663,DS3,niche_only,afternoon,False
3626020105198793663,reel,29.3,208,Monday,20,5,5,2025,80091,10,False,False,"['podcast', 'comedypodcast', 'fashion', 'disneychannel', 'hannahmontana', 'lizziemcguire', 'clueless', 'y2k', 'y2kfashion', 'y2kfashioninspo']",4308,33,15898,211773,0.054200169804724564,DS3,niche_only,evening,False
3626438089901694376,reel,12.166,0,Tuesday,9,6,5,2025,80091,0,False,False,[],9,1,2,5017,0.000124856415122609,DS3,none,morning,False
3795694919684853299_1585265271,reel,59.9,677,Thursday,22,25,12,2025,145862,5,True,False,"['meowycatmas', 'happyholidays', 'catpajamas', 'cats', 'adventcalendar']",668,21,2174,8566,0.004723610511233143,DS3,niche_only,evening,False
3611298477573168062_8889631445,reel,8.04,647,Tuesday,12,15,4,2025,604680,0,False,False,[],70,0,0,2204,0.0001157635182848477,DS3,none,afternoon,False
3756117153616100213_1954838704,reel,51.801,17,Saturday,8,1,11,2025,181725,0,False,False,[],784,12,13642,31723,0.004380220771931369,DS3,none,morning,True
3630232241952964209_5436386970,reel,29.633,313,Sunday,15,11,5,2025,20072,0,False,False,[],68,3,119,3293,0.0035370896228765006,DS3,none,afternoon,True
3601128684713187716_4112166386,reel,161.8,291,Tuesday,12,1,4,2025,743530,15,True,False,"['youth', 'leadership', 'training', 'program', 'instagood', 'king', 'explore', 'reels', 'trendingreels', 'insta', 'explorepage', 'video', 'instalike', 'maharashtra', 'artofliving']",21545,554,72982,228287,0.02972169284132067,DS3,mixed,afternoon,False
2562003802673145516,reel,352.702,0,Wednesday,18,28,4,2021,80091,0,False,False,[],12,1,233,11393,0.0001623133396593917,DS3,none,evening,False
3625065956151436123_59185945226,reel,7.9,1182,Sunday,12,4,5,2025,970,8,False,False,"['hergala2025', 'empowermentinstyle', 'heal', 'brockton', 'womenempowerment', 'empowerher', 'evolve', 'brocktonevents']",3,2,41,669,0.005149330587023687,DS3,niche_only,afternoon,True
3523339517375144780_5639019595,reel,96.423,92,Sunday,3,15,12,2024,826,7,False,False,"['sodevadirajamatha', 'sodematha', 'uttarkarnataka', 'karnataka', 'narayanpetsarees', 'telangana', 'utsav']",1643,13,6526,16638,2.0024183796856105,DS3,niche_only,night,True
3635908052856684321_12345370282,reel,64.766,334,Monday,11,19,5,2025,49902,18,False,False,"['animaislindos', 'dogslindos', 'cachorrosdobrasil', 'cachorros', 'dogsfofos', 'dogslife', 'dogs', 'pets', 'cachorrofofo', 'animaisengracadoss', 'gatoslindos', 'gatosfofos', 'cachorroétudodebom', 'life', 'summer', 'positivevibes', 'lovedogs', 'amor']",703,5,993,9880,0.014187523796164558,DS3,niche_only,morning,False
3574950268568323046,reel,142.6,122,Monday,8,24,2,2025,80091,0,False,False,[],735,4,5764,22245,0.009226889077560805,DS3,none,morning,False
3621375398847341361,reel,124.72,403,Tuesday,10,29,4,2025,80091,17,False,False,"['al5leagust', 'protv', 'umami', 'happeningmedia', 'life', 'reels', 'cooking', 'zahar', 'indulcitori', 'alimentatiesanatoasa', 'bucatarescu', 'alegerisanatoase', 'nutritie', 'sweetchoices', 'mancareconstienta', 'viatasanatoasa', 'dulciurisanatoase']",34,2,277,1069,0.0004494830944413924,DS3,mixed,morning,False
3620988717893355316,reel,55.7,413,Monday,21,28,4,2025,80091,0,True,False,[],1647,4,572,562874,0.020613794136742747,DS3,none,evening,False
3474776311027630278,reel,36.137,534,Wednesday,3,9,10,2024,80091,21,False,False,"['merebankeybihari', 'bankebihari', 'vrindavan', 'krishna', 'bankeybihari', 'radhakrishna', 'radha', 'lordkrishna', 'laddugopal', 'sawariyagoswami', 'radhey', 'bankebiharitemple', 'nidhivantemple', 'instagram', 'rammandir', 'nitinsawariyagoswami', 'radharani', 'राधाकृष्ण', 'barsanadham', 'sawariyautsav', 'jaimatadi', 'navratri']",25958,1823,46729,150293,0.3468636068521201,DS3,mixed,night,False
3347851652554568991_20410172,reel,55.513,198,Wednesday,0,17,4,2024,7053111,2,True,False,"['spfcplay', 'vamossãopaulo']",31130,568,115090,828643,0.004494186396019232,DS3,niche_only,night,False
3601000431666437419,reel,37.033,120,Tuesday,7,1,4,2025,80091,0,False,False,[],45,4,5678,14465,0.0006117964341007841,DS3,none,morning,False
3614998792127471871,reel,45.34,117,Sunday,15,20,4,2025,80091,4,False,False,"['huntingpodcast', 'workingclassbowhunter', 'turkeyseason', 'huntworth']",193,3,1340,4539,0.0024471857364031365,DS3,niche_only,afternoon,True
3572709272290792426_4663216502,reel,30.433,0,Friday,6,21,2,2025,33931,0,False,False,[],32,1,0,4393,0.0009725333018979135,DS3,none,morning,False
3591360878607672126,reel,21.903,2,Wednesday,0,19,3,2025,80091,0,False,False,[],89421,220,246188,1045792,1.1192253908005794,DS3,none,night,False
3596783932973182033,reel,15.046,64,Wednesday,11,26,3,2025,80091,3,True,False,"['kunallancer', 'bhojpuri', 'trend']",12243,127,65266,196801,0.15444738550666734,DS3,mixed,morning,False
3781395872751893379_3231791545,reel,22.016,366,Saturday,5,6,12,2025,68914,0,False,False,[],162,0,768,4199,0.0023507219037945293,DS3,none,night,True
3610069218531926408,reel,5.866,44,Sunday,19,13,4,2025,80091,0,False,False,[],,0,359,2149,,DS3,none,evening,True
3431686638592788459,reel,104.319,0,Saturday,16,10,8,2024,80091,0,False,False,[],12,0,137,464,0.0001498276981471308,DS3,none,afternoon,True
3540246970213669367_2116932867,reel,17.133,131,Tuesday,11,7,1,2025,3641313,0,True,False,[],80768,280,0,641660,0.022257899208911948,DS3,none,morning,False
3545383116098917481,reel,15.2,16,Tuesday,13,14,1,2025,80091,0,True,False,[],1805,28,13326,36425,0.02288618089197423,DS3,none,afternoon,False
3465695573184245230_212906129,reel,279.633,37,Thursday,15,26,9,2024,419972,0,True,False,['ลุงหมีซีฟู๊ดxก็ยำอะค่ะ'],6026,14,36984,150440,0.014381876930183607,DS3,niche_only,afternoon,False
3447556001971686627_280606288,reel,54.166,245,Sunday,14,1,9,2024,4075,5,False,False,"['mamielngopi', 'ngopidibali', 'coffeeshopbali', 'bakedbali', 'mamielkebali']",30,0,252,823,0.007360157016683023,DS3,niche_only,afternoon,True
3543037920527258670_1332122351,reel,156.0,677,Saturday,8,11,1,2025,1635525,3,True,False,"['pani', 'panionsonyliv', 'sonyliv']",56,9,780,5650,3.974256600017364e-05,DS3,niche_only,morning,True
3619270619161615129,reel,50.466,89,Saturday,12,26,4,2025,80091,5,False,False,"['mavatr_sadhi_ram', 'ma_chamunda🙏', 'instagram', 'instagood', 'reelsinstagram']",964,21,989,4457,0.012298356889576987,DS3,mixed,afternoon,True
3523319818960554326_1952183878,reel,51.639,773,Sunday,3,15,12,2024,23664,8,False,False,"['daaitv', 'inspirasi', 'reels', 'ibu', 'anakberbakti', 'perjuanganhidup', 'keluarga', 'pasangan']",25890,450,0,1277023,1.1130361293048807,DS3,mixed,night,True
3623724344371679216,reel,37.5,1126,Friday,16,2,5,2025,80091,11,False,False,"['cursosolidworks', 'diseñodigital', 'modelado3d', 'prototiposdigitales', 'solidworks2024', 'ingenieríamecánica', 'diseñomecánico', 'solidworksparaindustria', 'simulaciones', 'diseñoconsolidworks', 'ingenieríadeprototipos']",0,0,29,194,0.0,DS3,niche_only,afternoon,False
3604602801624675813,reel,254.22,246,Sunday,6,6,4,2025,80091,12,False,False,"['bjpfoundationday', 'भाजपा_स्थापना_दिवस', 'bjp4viksitbharat', 'narendramodi', 'atalbiharivajpayeeji', 'chhatisgarh', 'naxalites', 'securityforces', 'chhatisgarh', 'crpf', 'athens', 'firstolympicgames', 'divyahimachal']",21,0,353,2586,0.0002621984717574789,DS3,niche_only,morning,True
3799788090819773908_16292008,reel,89.866,0,Wednesday,14,31,12,2025,12240,0,True,False,[],228,0,1660,3791,0.0186259292541459,DS3,none,afternoon,False
3529309114320628747_42418067553,reel,23.3,235,Monday,9,23,12,2024,826,4,False,False,"['lehenga', 'lehengadesigns', 'lehengalove', 'lehengacholi']",182,2,4539,27676,0.22249093107617895,DS3,niche_only,morning,False
3523249951542956495,reel,179.334,18,Sunday,0,15,12,2024,80091,0,True,False,[],90,8,680,2375,0.0012235928682015683,DS3,none,night,True
3622485604366283686_331491775,reel,40.1,380,Wednesday,23,30,4,2025,9402,0,False,False,[],93,8,392,2679,0.010741252791662236,DS3,none,evening,False
3523585596906560604_6028432959,reel,15.3,188,Sunday,12,15,12,2024,105613,18,False,False,"['fyp', 'foryou', 'viral', 'drama', 'capcut', 'ajvmobiletech', 'malaysia', 'ansuran', 'iphone', 'android', 'iphonehacks', 'casing', 'lawak', 'customer', 'iphonemurah', 'paylater', 'singapore', 'terengganu']",70,2,1685,9297,0.0006817278012384722,DS3,mixed,afternoon,True
3578363514882103806_38093570582,reel,25.2,30,Saturday,1,1,3,2025,249211,0,True,False,[],1731,4,18785,49214,0.006961944047638156,DS3,none,night,True
3629290966248379075_4479610009,reel,6.7,213,Saturday,8,10,5,2025,8453,0,False,False,[],3,0,1,509,0.00035486160397445,DS3,none,morning,True
3780831142820500574_5481828204,reel,235.705,44,Friday,11,5,12,2025,256229,0,True,False,[],575,9,6846,15945,0.002279202279202279,DS3,none,morning,False
3685179349226409266_67763073034,reel,69.2,76,Saturday,11,26,7,2025,14681,3,True,False,"['后起之秀', 'podcast', 'business', 'inspire']",159,4,2036,7232,0.011102029696226673,DS3,niche_only,morning,True
3587256725973640203_49547100249,reel,17.366,251,Thursday,8,13,3,2025,195860,0,True,False,[],482,1,14406,51580,0.0024660345857521406,DS3,none,morning,False
3412557939606200176,reel,39.6,174,Monday,7,15,7,2024,80091,1,True,False,"['ซุปตาร์พาตะลุย', 'amarintv34', 'บันเทิงtiktok', 'ตงตงสาลี่', 'นิกกี้เปียโน']",406,3,5549,15769,0.005106627378514708,DS3,niche_only,morning,False
3430015958293607261_2932603993,reel,15.766,317,Thursday,9,8,8,2024,159040,0,True,False,[],3,27,5805,26878,0.00018863060468684177,DS3,none,morning,False
3577752827382778897,reel,26.7,17,Friday,5,28,2,2025,80091,2,False,False,"['viral', 'insta']",1084,1,279,18133,0.013546921040803076,DS3,mixed,night,False
3417941750629390225_5542926005,reel,19.92,562,Monday,17,22,7,2024,123338,4,False,False,"['nossonovista', 'alessandramontagne', 'gastronomiabrasileira', 'museudolouvre']",45,0,0,7107,0.0003648481015737115,DS3,niche_only,afternoon,False
3429370281735541930_5753056821,reel,10.479,43,Wednesday,12,7,8,2024,4973824,2,True,False,"['xiaomi14ultra', 'lenstolegend']",211289,36,343555,1422057,0.04248742165235005,DS3,niche_only,afternoon,False
3410433719201485389_1976843758,reel,83.896,461,Friday,9,12,7,2024,1357667,1,True,False,['energizingyou'],829,226,9875,43193,0.0007770677367368164,DS3,niche_only,morning,False
3701725973122498222_48817290216,reel,25.966,561,Monday,7,18,8,2025,9705,3,False,False,"['ringhaul', 'jewelrylover', 'accessorygoals']",11,8,57,149,0.0019575520296723674,DS3,niche_only,morning,False
3623285273530752271_36495600848,reel,13.766,218,Friday,1,2,5,2025,208231,4,True,False,"['fivebelow', 'fivebelowfinds', 'fivebelowhaul', 'handsanitizerspray']",3,25,0,75243,0.0001344654039724922,DS3,niche_only,night,False
3599298245702453519,reel,136.1,41,Saturday,23,29,3,2025,80091,0,False,False,[],402,17,6277,13211,0.005231483793637317,DS3,none,evening,True
3438162356447410068_5102201428,reel,12.133,0,Monday,15,19,8,2024,292013,0,False,False,[],18952,83,165113,460668,0.06518523084509646,DS3,none,afternoon,False
3601857467018508276,reel,5.0,130,Wednesday,11,2,4,2025,80091,0,False,False,[],49,0,1430,7416,0.0006117964341007841,DS3,none,morning,False
3598388030327934715_1444051572,reel,21.0,347,Friday,17,28,3,2025,143930,6,False,False,"['furniture', 'classicfurniture', 'luxuryfurniture', 'mobilya', 'klasikmobilya', 'handmade']",794,4,0,60353,0.005544323321591596,DS3,niche_only,afternoon,False
3591960973543726467,reel,51.0,5,Wednesday,20,19,3,2025,80091,0,False,False,[],203,2,297,1954,0.0025595565100134843,DS3,none,evening,False
3798010246687048839_459078992,reel,15.811,93,Monday,3,29,12,2025,62421,5,True,False,"['winterkashmir', 'snowfall', 'kashmirdiaries', 'reeltoreel', 'maliqabid']",655,49,0,12880,0.011278075037646983,DS3,niche_only,night,False
3563977616178705987_1416113833,reel,7.36,34,Sunday,5,9,2,2025,76986,0,False,False,[],3,6,1362,5244,0.00011690285372855157,DS3,none,night,True
3639111994722405161,reel,38.4,413,Friday,21,23,5,2025,80091,0,False,False,[],202,10,1571,17531,0.0026469560005993108,DS3,none,evening,False
3453067603998473241,reel,22.0,368,Monday,4,9,9,2024,80091,6,False,False,"['themillionthfoodie', 'pune', 'punefoodie', 'puneblogger', 'egglesscakes', 'cakes']",155,16,1339,4701,0.0021350446985966137,DS3,niche_only,night,False
3509087553142523023,reel,10.433,140,Monday,11,25,11,2024,80091,1,True,False,['triptidimri'],19375,86,524009,1114251,0.24298306947010936,DS3,niche_only,morning,False
3468282191715989242_3568120628,reel,48.9,193,Monday,5,30,9,2024,234143,7,False,False,"['kekcoklat', 'coklat', 'chocolate', 'choclatecake', 'dessert', 'fyp', 'viralfood']",645,7,11973,35165,0.002784611179445128,DS3,mixed,night,False
3456017586901746653_1605250132,reel,15.933,160,Friday,6,13,9,2024,8042,7,False,False,"['reels', 'lembahlohe', 'gunungsulawesi', 'reelsinstagram', 'indonesiaberlibur', 'exploresulsel', 'visitsulsel']",3,15,2201,5427,0.002237970906378217,DS3,mixed,morning,False
3312706108084283286,reel,51.4,571,Wednesday,13,28,2,2024,80091,14,False,False,"['makeuptoturial', 'makeuptransformation', 'makeup', 'makeupblogger', 'makeupartist', 'topazobbsessions', '2021', 'happy2021', 'happynewyear', 'makeupgoals', 'artist', 'missrose', 'missrosepakistan', 'missrosemakeup']",15,2,520,1767,0.00021225590570843529,DS3,niche_only,afternoon,False
3612092909345225270_7191247462,reel,109.733,1495,Wednesday,14,16,4,2025,24535,0,False,False,[],141,26,2665,10443,0.006806325399413107,DS3,none,afternoon,False
3563215626703916874,reel,12.066,46,Saturday,4,8,2,2025,80091,0,False,False,[],998,1,8650,48619,0.01247315587074864,DS3,none,night,True
3571489526252249538,reel,12.166,116,Wednesday,14,19,2,2025,80091,6,False,False,"['nonajewelry', 'aksesoris', 'padang', 'wirerings', 'handmade', 'accesories']",25,0,746,2585,0.0003121410378065225,DS3,niche_only,afternoon,False
3534444534089797250,reel,50.0,145,Monday,11,30,12,2024,80091,12,False,False,"['reps', 'ropeclimb', 'awesome', 'determination', 'muscle', 'power.', 'strong', 'core', 'gym', 'fun', 'healthy', 'fit']",189,7,2668,6540,0.0024471857364031365,DS3,niche_only,morning,False
3791680662349719066_52601854165,reel,5.433,238,Saturday,9,20,12,2025,2486,5,False,False,"['glassbangles', 'bangles', 'selflovejourney❤️', 'ugc', 'fyp']",9,7,111,353,0.006433453960595094,DS3,mixed,morning,True
3527228693273976038,reel,8.36,361,Friday,12,20,12,2024,80091,7,True,False,"['newlaunch', '24seven', 'newfragrance', 'finefragrance', 'everydayfragrance', 'skinn', 'skinnbytitann']",62,0,1173,5468,0.0007741097737601758,DS3,niche_only,afternoon,False
3611199114069247272,reel,180.022,38,Tuesday,9,15,4,2025,80091,0,False,False,[],6,0,78,399,7.49138490735654e-05,DS3,none,morning,False
3757541250602968057_4292543703,reel,37.75,137,Monday,7,3,11,2025,284809,8,False,False,"['virals', 'trending', 'yaari', 'friendship', 'reelitfeelit', 'reelkrofeelkro', 'instagood', 'instagram']",3,32,0,52196,0.00012288894350619711,DS3,mixed,morning,False
3622060921590123180_3102446955,reel,6.666,0,Wednesday,8,30,4,2025,18669,0,False,False,[],5,0,149,1943,0.0002678093197643278,DS3,none,morning,False
3577435171349601360,reel,5.2,228,Thursday,19,27,2,2025,80091,0,True,False,[],,0,3377,56417,,DS3,none,evening,False
3623797868481037032,reel,31.962,36,Friday,18,2,5,2025,80091,0,False,False,[],10,0,131,430,0.000124856415122609,DS3,none,evening,False
3521430103059767274_6735743254,reel,77.666,223,Thursday,12,12,12,2024,764506,10,True,False,"['positivity', 'manifestation', 'positivevibes', 'ronaldo', 'corner', 'mma', 'success', 'trending', 'motivation', 'motivationalquotes']",17776,81,99446,240062,0.023357536294631703,DS3,mixed,afternoon,False
3607143492974968535,reel,1203.874,194,Wednesday,18,9,4,2025,80091,4,False,False,"['santpoldemar', 'lencantdelacarla', 'tiendaderopa', 'bisuteria']",,10,676,2002,,DS3,niche_only,evening,False
3482937924870579734,reel,71.0,10,Sunday,10,20,10,2024,80091,0,False,False,[],48708,8,247501,689172,0.608250511911302,DS3,none,morning,True
3756865346474220428_4320144589,reel,30.208,40,Sunday,9,2,11,2025,2053,0,False,False,[],3,0,0,2672,0.0014605647517039922,DS3,none,morning,True
3567270120616480328_5889066633,reel,39.7,123,Thursday,18,13,2,2025,81112,0,False,False,[],1367,410,0,51336,0.021907708998557568,DS3,none,evening,False
3535928976735119447,reel,21.133,17,Wednesday,12,1,1,2025,80091,0,True,False,[],2903,4,15002,48891,0.03629575987614243,DS3,none,afternoon,False
3609643460732883198_1818570801,reel,31.666,1497,Sunday,5,13,4,2025,593305,18,True,False,"['summervibes', 'beautifulgarden', 'garden', 'outdoorliving', 'stocktankpool', 'gardenideas', 'momentslikethese', 'patio', 'gardeninspo', 'beautyinsimplicity', 'patiogarden', 'apartmenttherapy', 'reelinstagram', 'natureinstagram', 'myhousethismonth', 'pergola', 'patiodesign', 'slowlivingforlife']",5301,145,28640,119414,0.009179074541636188,DS3,niche_only,night,True
3474720614651329896_1959110048,reel,19.533,166,Wednesday,2,9,10,2024,1881137,0,True,False,[],2254,116,33729,117410,0.0012598756710034032,DS3,none,night,False
3586425227855152458_1811703799,reel,56.733,654,Wednesday,4,12,3,2025,223530,6,False,False,"['rekomendodo', 'nongkrong_surabaya', 'nongkrongsurabaya', 'warungbutin', 'nasicampur', 'nasiempaludang']",3,73,24441,61980,0.000339997584227691,DS3,niche_only,night,False
3409679101544367970,reel,89.589,113,Thursday,8,11,7,2024,80091,0,False,False,"['사설', '탄핵', '민주당', '국민의힘', '대통령']",12,2,627,2121,0.0001747989811716526,DS3,niche_only,morning,False
3610447331231253041,reel,9.233,289,Monday,8,14,4,2025,80091,0,False,False,[],48,1,3711,15957,0.0006117964341007841,DS3,none,morning,False
3627472147523835793,reel,4.233,81,Wednesday,20,7,5,2025,80091,1,True,False,['soueunavida'],30165,101,285,1529128,0.3778904260100884,DS3,niche_only,evening,False
3795195052910703223_53918335025,reel,41.517,17,Thursday,6,25,12,2025,97649,0,False,False,[],32,8,301,1224,0.000409626216077829,DS3,none,morning,False
3597719600264674233,reel,20.0,23,Thursday,18,27,3,2025,80091,0,False,False,[],8,0,144,591,9.98851320980872e-05,DS3,none,evening,False
3595003240095641042,reel,5.0,1095,Monday,0,24,3,2025,80091,15,False,False,"['americanmade', 'cornholeboards', 'ncaa', 'football', 'tailgate', 'college', 'university', 'outdoor', 'america', 'americanmade', 'outdoor', 'games', 'mlbb', 'hendrickmotorsports', 'guyharvey']",2,0,11,163,2.49712830245218e-05,DS3,niche_only,night,False
3686055161901419570,reel,34.2,373,Sunday,16,27,7,2025,80091,7,True,False,"['prettygirlssweat', 'runner', 'wellnessjourney', 'music', 'nikerunclub', 'memphis', 'fitnessplaylist']",248,12,1728,4316,0.003246266793187834,DS3,niche_only,afternoon,True
3591786936143387415,reel,33.202,174,Wednesday,14,19,3,2025,80091,0,False,False,[],33,2,929,2113,0.0004369974529291315,DS3,none,afternoon,False
3609645326048797688,reel,30.0,60,Sunday,5,13,4,2025,80091,4,False,False,"['love', 'trendingreels', 'réel', 'insta']",,16,1263,10222,,DS3,mixed,night,True
3361325875704628056,reel,42.242,73,Sunday,15,5,5,2024,80091,0,True,False,[],7057,18,172306,485058,0.08833591369924587,DS3,none,afternoon,True
3608596461841338925,reel,94.803,259,Friday,19,11,4,2025,80091,7,True,False,"['dance', 'homebarz', 'concepts', 'choreography', 'freestyle', 'movement', 'fashion']",,29,707,2668,,DS3,niche_only,evening,False
3462400552985165051_4782200128,reel,101.566,180,Sunday,2,22,9,2024,13736,5,False,False,"['iamhidayat', 'kuliner', 'cirengisi', 'cirawangmisdasem', 'terminallamakotasukabumi']",147,3,1859,4134,0.010919414719371042,DS3,niche_only,night,True
3563898285806986146_1025454775,reel,113.267,491,Sunday,3,9,2,2025,423627,0,True,False,[],2080,51,0,62104,0.005030356822495208,DS3,none,night,True
3620600491018668836_231947784,reel,51.233,452,Monday,8,28,4,2025,22338,4,False,False,"['ร้านนายอินทร์', 'นายอินทร์', 'naiin', 'ร้านหนังสือ', 'promotion', 'โปรโมชัน', 'shonengt', 'shonengtep1']",21,0,170,1201,0.0009400599847799812,DS3,niche_only,morning,False
3626381971467618855_247739725,reel,48.766,530,Tuesday,8,6,5,2025,49589,3,False,False,"['europeanuniversitiesnrw', 'europeanuniversities', 'daad_germany']",397,0,192,19438,0.00800564629965719,DS3,niche_only,morning,False
3628003764545475660_734708663,reel,66.133,257,Thursday,13,8,5,2025,252296,2,False,False,"['amodaétodasua', 'lojaspompéia']",1859,61,1659,110999,0.007610078597843018,DS3,niche_only,afternoon,False
3578130849876086139,reel,10.866,230,Friday,18,28,2,2025,80091,0,False,False,['️⃣الرداسرع'],16,0,624,8633,0.0001997702641961744,DS3,niche_only,evening,False
3561121996331071735_11113760080,reel,36.6,575,Wednesday,7,5,2,2025,518754,25,True,False,"['madrasfoodie', 'madras', 'chennai', 'chennaifoodie', 'biriyani', 'chennaifoodspots', 'reels', 'chicken', 'pasta', 'chillichicken', 'nattukozhi', 'noodles', 'food', 'trendingsongs', 'mutton', 'breadomlette', 'biriyani', 'spicyfood', 'fastfood', 'reelsfood', 'foodporn', 'foodstagram', 'foodcoma', 'trending', 'budgetfoodie']",13917,20,67813,209793,0.026866247072317374,DS3,mixed,morning,False
3570156703461263608,reel,56.466,316,Monday,18,17,2,2025,80091,0,True,False,[],3390,11,99835,329163,0.04246366678319932,DS3,none,evening,False
3575163386707949698,reel,49.0,11,Monday,16,24,2,2025,80091,0,True,False,[],87639,793,533939,1808020,1.1041302502122559,DS3,none,afternoon,False
3404767897401648139_63932240669,reel,7.2,1272,Thursday,13,4,7,2024,59151,25,True,False,"['gymcommunity', 'girlswholift', 'strongwomen', 'gymtrend', 'gymcontent', 'girlswholift', 'fitnesslife', 'viral', 'gym', 'fitnessmotivation', 'gymtips', 'workouttips', 'gymadvice', 'gymrat', 'gymreels', 'gymgirl', 'fitness', 'fitnessreels', 'workoutreels', 'workoutmotivation', 'gymmotivation', 'fitnessjourney', 'workoutroutine', 'fitnessmodel', 'personaltrainer']",15713,92,0,732817,0.2671929943197187,DS3,mixed,afternoon,False
3623651654798918312_4151440092,reel,28.766,1704,Friday,13,2,5,2025,147785,0,True,False,[],52,1,2314,14528,0.0003586266628774038,DS3,none,afternoon,False
3586073009037004766_47911713983,reel,29.383,351,Tuesday,17,11,3,2025,3726,1,False,False,['elmejordulcedeloriente'],171,4,840,2686,0.046954655218674535,DS3,niche_only,afternoon,False
3628060834036965392_3438893740,reel,528.15,983,Thursday,15,8,5,2025,155729,0,False,False,[],21,3,14,2863,0.0001541128876902331,DS3,none,afternoon,False
3560954492665219445_8399435403,reel,56.866,107,Wednesday,1,5,2,2025,2246281,3,True,False,"['bjp', 'congress', 'china']",2433,69,38536,78338,0.001113840559644782,DS3,niche_only,night,False
3706101387682037477_66430712924,reel,16.966,175,Sunday,7,24,8,2025,7873,14,False,False,"['ankitachhetri', 'ankitachhetri25', 'ankitadaily', 'reels', 'reelitfeelit', 'fyp', 'explore', 'memes', 'trending', 'explorepage', 'prettywoman', 'love', 'foryou', 'gorgeous']",3,20,1943,8184,0.002921005842011684,DS3,mixed,morning,True
3438875432335123114,reel,14.333,879,Tuesday,14,20,8,2024,80091,7,True,False,"['smartinthekitchen', 'smartinthekitchenschool', 'pantryorganization', 'kitchenreboot', 'kitchenorganization', 'mealprep', 'backtoschool']",,48,3152,7935,,DS3,niche_only,afternoon,False
3469824540459153726,reel,49.566,313,Wednesday,7,2,10,2024,80091,5,True,False,"['skintreatment', 'darkinnerthighs', 'darkunderarm', 'rawatankulit', 'klinikestetik']",48,1,1898,5416,0.0006117964341007841,DS3,niche_only,morning,False
1376714595812569730_14461453,reel,45.078,67,Saturday,9,5,11,2016,10443,2,False,False,"['gmtradio', 'stripclubtrappin']",11,2,0,11393,0.00124473381846036,DS3,niche_only,morning,True
3403876215516116564_419472743,reel,10.0,20,Wednesday,8,3,7,2024,42114,0,False,False,[],53002,643,822197,2061869,1.2737741897186277,DS3,none,morning,False
3598025208126548435,reel,59.966,213,Friday,5,28,3,2025,80091,4,True,False,"['aslikaldunya', 'aslisedaapnya', 'bumbukaldusedaap', 'inibaruramadansedaap']",30,0,394,1195,0.000374569245367827,DS3,niche_only,night,False
3633828689448902984_3923197574,reel,12.8,125,Friday,14,16,5,2025,31605,0,False,False,[],9,0,0,1062,0.0002847560589761438,DS3,none,afternoon,False
3431426099005826953_49558298,reel,32.4,75,Saturday,8,10,8,2024,90599,5,True,False,"['olympics', 'paris2024', 'breakdance', 'raygun', 'kathandkim']",264697,8929,4412982,11012602,3.0201545253863133,DS3,niche_only,morning,True
3474360455180672743_14145915,reel,46.32,126,Tuesday,14,8,10,2024,1450931,2,True,False,"['aussieshore', 'aussieshore']",1458,11,49993,155408,0.0010124526855841624,DS3,niche_only,afternoon,False
3795231272411633565_1771631851,reel,18.923,395,Thursday,7,25,12,2025,165236,4,False,False,"['merrychristmas', 'lamborghini', 'temerario', 'youcanthidewhoyouare']",543,5,2406,9151,0.003316448495191755,DS3,niche_only,morning,False
3528324030078451135,reel,28.733,551,Sunday,0,22,12,2024,80091,9,False,False,"['glowwithomg', 'omgcoverlastcushion', 'flawlessskinvibes', 'nooxidizenodrama', 'cushionflawless', 'nooxidizenodrama', 'flawlessskinvibes', 'makeupgoals', 'beautyessentials']",215,0,2668,7452,0.0026844129251360933,DS3,niche_only,night,True
3578776561392554874,reel,15.9,2,Saturday,15,1,3,2025,80091,0,False,False,[],4278,27,58593,287252,0.05375068671028317,DS3,none,afternoon,True
3480699338282921880_2542550472,reel,24.791,205,Thursday,7,17,10,2024,20628,6,False,False,"['panarybody', 'panarybodyofficial', 'panarybodysneakers', 'panarybodyofficialshop', 'sepatupria', 'sepatumurah']",6,0,285,1370,0.0002908526831160017,DS3,niche_only,morning,False
3583852893721474985,reel,16.233,0,Saturday,22,8,3,2025,80091,0,False,False,[],24,0,298,781,0.0002996553962942616,DS3,none,evening,True
3517121279980553092,reel,21.666,182,Friday,13,6,12,2024,80091,2,False,False,"['kajang', 'darullobang']",457,9,9508,21800,0.005818308944713579,DS3,niche_only,afternoon,False
3590863703144857624,reel,7.206,46,Tuesday,7,18,3,2025,80091,0,True,False,[],9906,38,250389,1189260,0.12415721919792239,DS3,none,morning,False
3554705654694458505_2093917585,reel,9.8,217,Monday,10,27,1,2025,1439632,7,True,False,"['dazedfashiontv', 'alexconsani', 'schiaparelli', 'dazedfashiontv', 'couture', 'pfw', 'reels']",3893,11,36892,128445,0.002711802244044142,DS3,mixed,morning,False
3498481105148067776,reel,26.474,1018,Sunday,20,10,11,2024,80091,6,False,False,"['visitflorida', 'lovefl', 'sailcocoabeach', 'thingstodoinflorida', 'cocoabeachfl', 'sunshineandkeylimeblog']",,8,1857,5580,,DS3,niche_only,evening,True
3486741809901946531,reel,17.083,825,Friday,16,25,10,2024,80091,5,True,False,"['coachsportif', 'liege', 'musculation', 'muscu', 'frenchfitness']",53,5,677,3267,0.0007241672077111322,DS3,niche_only,afternoon,False
2607456331159076200,reel,20.066,9,Wednesday,11,30,6,2021,80091,0,True,False,[],160828,1291,1710209,11393,2.024159716326225,DS3,none,morning,False
3737860641952696182,reel,48.333,502,Tuesday,3,7,10,2025,80091,5,False,False,"['langkahemas', 'cicilemaspegadaian', 'langkahemas', 'tapxpegadaian', 'investasiemas”']",37,8,2641,12982,0.0005618538680517405,DS3,niche_only,night,False
3611236936255363899_2484011421,reel,39.1,26,Tuesday,10,15,4,2025,5220741,0,False,False,[],13667,192,163340,619142,0.0026546035027204943,DS3,none,morning,False
3600028521657941644,reel,12.1,9,Sunday,23,30,3,2025,80091,0,False,False,[],50,2,393,1689,0.0006492533586375668,DS3,none,evening,True
3625090321845569333_1535853713,reel,36.2,58,Sunday,13,4,5,2025,106942,1,True,False,"['tswar', 'ทีมทีเอสวอร์']",327,1,0,15858,0.003067054412163489,DS3,niche_only,afternoon,True
3623582820459719283_2915648998,reel,24.024,570,Friday,11,2,5,2025,10486,6,True,False,"['jeepaustria', 'itsajeepthing', 'jeeplove', 'adventure', 'freedom', 'neverstopexploring']",63,1,637,2652,0.0061027939353485265,DS3,niche_only,morning,False
3623239211054183239_1420062743,reel,33.066,124,Thursday,23,1,5,2025,9746,6,False,False,"['training', 'fitness', 'bucaramanga', 'boxbucaramanga', 'crosstraining', 'crossfitbucaramanga']",46,4,383,1818,0.005129783523135324,DS3,niche_only,evening,False
3479163201781303843,reel,65.566,191,Tuesday,5,15,10,2024,80091,0,True,False,"['韓國', '購物', '首爾', '首爾自由行', '韓國女裝', '韓國選品', '選品店', '首爾旅遊', '首爾旅行', '必備', '攻略', '分享', '推薦', '女性', '韓國男裝', '韓國穿搭', '韓國時裝', '雲朵包', '代購', '韓版', '流行', '弘大', '行程', '收藏', '小資女', '口袋名單', '韓妞', '優惠']",21568,29,717550,1120385,0.26965239974029864,DS3,niche_only,night,False
3627339161987920930,reel,11.566,1,Wednesday,15,7,5,2025,80091,0,False,False,[],4885,28,249,216140,0.0613419567497378,DS3,none,afternoon,False
3514908319247248698_1728161167,reel,230.2,289,Tuesday,12,3,12,2024,20810,5,False,False,"['asia', 'filippine', 'boracay', 'travel', 'food']",6,0,81,348,0.00028830906732016723,DS3,niche_only,afternoon,False
3424126119889438381_278617868,reel,35.468,93,Wednesday,6,31,7,2024,914831,4,True,False,"['takpernahsetia', 'repvblikband', 'ruriwantogia', 'rurirepvblik']",6446,51,0,272181,0.007101850394389353,DS3,niche_only,morning,False
3520492878282033008_6075424222,reel,30.166,16,Wednesday,5,11,12,2024,282177,0,False,False,[],7840,74,24878,149465,0.028046126912799722,DS3,none,night,False
3537339440203437759_21440877236,reel,24.7,401,Friday,11,3,1,2025,2014,35,False,False,"['trendingreels', 'explorepage', 'explore', 'reels', 'reelsinstagram', 'reelitfeelit', 'reelsvideo', 'viral', 'trending', 'instagood', 'reelsindia', 'reelkarofeelkaro', 'meme', 'memes', 'memepage', 'kbc', 'trending', 'trendingreels', 'explorepage', 'comedy', 'funny', 'funnymemes', 'funnymeme', 'funnyvideos', 'viralvideos', 'memerewind', 'memes', 'viral', 'trending', 'compilation', '2024', '2025', 'happynewyear', 'funny', 'comedy']",137,2,1194,1972,0.06898263027295286,DS3,mixed,morning,False
3483552685349728107_181436401,reel,13.0,136,Monday,6,21,10,2024,36202392,4,True,False,"['nehasharma', 'instantbollywood', 'nr', 'pa']",84650,248,0,2453640,0.0023450935964371197,DS3,niche_only,morning,False
3617937359483899269,reel,21.8,47,Thursday,16,24,4,2025,80091,2,True,False,"['thelanders', 'latestpunjabisongs']",2853,38,17138,109622,0.03609598961194626,DS3,niche_only,afternoon,False
3795506652880075416_1257398165,reel,54.101,48,Thursday,16,25,12,2025,209531,0,True,False,[],1430,23,5766,21413,0.006934501651299086,DS3,none,afternoon,False
3600380048892267876,reel,9.68,191,Monday,10,31,3,2025,80091,0,True,False,[],84990,840,450998,1414373,1.0716426109973531,DS3,none,morning,False
3566813656239122620_3970420283,reel,55.8,340,Thursday,3,13,2,2025,25902,29,False,False,"['radheradhe', 'krishna', 'thakorji', 'radhekrishna', 'vrundavan', 'gokul', 'nathdwara', 'ladugopal', 'thakorjidarshan', 'iskcon', 'lalji', 'pushtiseva', 'shrinathji', 'barsana', 'radheshyam', 'mangaladarshan', 'mathura', 'krishnalove', 'jayshreekrishna', 'damodar', 'radha', 'krishnashringar', 'vaishnav', 'yamunaji', 'mahaprabhuji', 'bhaktipath', 'indreshupadhyay', 'indresh', 'premanandmaharaj']",1598,164,0,23079,0.06802300891788596,DS3,niche_only,night,False
3429414652465714662,reel,11.2,40,Wednesday,13,7,8,2024,80091,1,True,False,['reelsinstagram'],96,0,1334,2639,0.0011986215851770463,DS3,niche_only,afternoon,False
3612861478641825107,reel,181.3,436,Thursday,16,17,4,2025,80091,29,False,False,"['carworship', 'clementafreh', 'hisvessel', 'clementafrehtheblogger', 'churchontheinternet', 'l4l', 'naija', 'onuashowtime', 'viralpage', 'fypage', 'ootd', 'explorepage', 'fypシ', 'viralposts', 'fyp', 'trending', 'holyspirit', 'explorer', 'reels', 'explorerreels', 'l4l', 'follow', 'explore', 'potd', 'holyghost', 'votd', 'unitedshowbiz', 'tundeednut', 'famebugs']",27,3,318,748,0.000374569245367827,DS3,mixed,afternoon,False
3443867319003565788,reel,28.633,0,Tuesday,12,27,8,2024,80091,0,False,False,[],250,0,650,2505,0.003121410378065225,DS3,none,afternoon,False
3069213394214908035,reel,31.033,8,Wednesday,14,29,3,2023,80091,0,False,False,[],,0,83,3670,,DS3,none,afternoon,False
3594431336275643619,reel,31.033,195,Sunday,6,23,3,2025,80091,10,False,False,"['sarahhickeyart', 'artist', 'painter', 'paintersofinstagram', 'artistsoninstagram', 'new', 'painting', 'sarahhickey', 'contemporaryart', 'artstudio']",,7,415,1356,,DS3,niche_only,morning,True
3623734718143794518,reel,30.0,197,Friday,16,2,5,2025,80091,0,False,False,[],71,1,1990,19250,0.0008989661888827848,DS3,none,afternoon,False
3602900286458802010,reel,8.466,390,Thursday,22,3,4,2025,80091,24,True,False,"['goodfuriends', 'greenbraedogdaycare', 'marindogdaycare', 'gratefuldogmarin', 'doggyboardingmarin', 'thegratefuldogtraining', 'gratefuldogmarin', 'dogsofinstagram', 'dogdaycare', 'dogboarding', 'pacificsunweekly', 'marinmagazine', 'thearknewspaper', 'visitmarin', 'bayarea', 'dogsofmarin', 'marindogs', 'marin_ij', 'marinij', 'kpixtv', 'abc7newsbayarea', 'kron4tv', 'ktvu', 'nbcbayarea']",14,4,140,521,0.0002247415472206962,DS3,niche_only,evening,False
3552654702090576542,reel,14.166,105,Friday,14,24,1,2025,80091,4,False,False,"['insta360', 'insta360x4', 'plane', 'sendit']",2143,94,82721,181734,0.027930380062927633,DS3,niche_only,afternoon,False
3482205808870361183_2230767873,reel,50.666,165,Saturday,9,19,10,2024,72707,6,False,False,"['realme', 'realmetw', 'realme13pro系列', 'realme13pro+', 'realme13pro', 'realme首款ai影像旗艦', '以為是相機結果是手機']",3376,78,17437,64300,0.04750508884854487,DS3,niche_only,morning,True
3604155504167874869,reel,118.2,614,Saturday,16,5,4,2025,80091,4,False,False,"['calidaddevida', 'despertardelaconciencia', 'cuidarse', 'dios']",19,0,208,661,0.0002372271887329571,DS3,niche_only,afternoon,True
3626069044790672213,reel,99.433,320,Monday,21,5,5,2025,80091,13,False,False,"['pescadetarrafa', 'pescadetainha', 'pescaartesanal', 'mulletfishing', 'mugillisa', 'pescadepraia', 'pescariasbrasil', 'safradatainha', 'casassobrerodasnasviagens', 'motorhomenasviagens', 'nasviagens', 'casassobrerodas', 'imbé']",78,3,482,2572,0.001011336962493133,DS3,niche_only,evening,False
3614032128603872461,reel,16.3,196,Saturday,7,19,4,2025,80091,0,True,False,[],105,2,4989,17859,0.0013359636418119162,DS3,none,morning,True
3602611536289788661,reel,19.433,40,Thursday,12,3,4,2025,80091,0,False,False,[],19,0,433,2163,0.0002372271887329571,DS3,none,afternoon,False
3633070797631827801_46083786225,reel,15.7,6,Thursday,13,15,5,2025,33302,0,False,False,[],25,0,0,442,0.000750683121640693,DS3,none,afternoon,False
3772191731178300108_8399205264,reel,18.089,146,Sunday,12,23,11,2025,80713,7,True,False,"['fanbolte', 'gullygang', 'divine', 'walkingonwater', 'reels', 'viral', 'dhh']",1201,9,0,21446,0.014991203508684986,DS3,mixed,afternoon,True
3603260741038280820_6996803610,reel,31.821,407,Friday,10,4,4,2025,41211,5,True,False,"['kanaviçe', 'etamin', 'havlu', 'kampanya', 'işbirliği']",10,0,375,1523,0.00024264777249344852,DS3,niche_only,morning,False
3597679024270961656_9680177292,reel,10.033,885,Thursday,17,27,3,2025,251759,0,False,False,['جوجه_کباب_زعفرانی'],1038,148,40483,114298,0.0047108357165554495,DS3,niche_only,afternoon,False
3624341749091411773_1467835297,reel,34.0,661,Saturday,12,3,5,2025,80696,0,True,False,[],1246,69,13766,66428,0.016295525236378058,DS3,none,afternoon,True
3588135725111329417_42493996649,reel,29.033,723,Friday,13,14,3,2025,25183,25,False,False,"['reelsviral', 'reelkarofeelkaro', 'reelitfeelit', 'explorepage', 'exploremore', 'trendingreels', 'viralvideos', 'reeltrending', 'viralreels', 'reelsinstagram', 'trendingnow', 'clothing', 'fashion', 'clothingbrand', 'style', 'clothes', 'streetwear', 'apparel', 'tshirt', 'onlineshopping', 'ootd', 'brand', 'shopping', 'fashionstyle', 'tshirts']",3903,60,99889,236398,0.15736181702668361,DS3,mixed,afternoon,False
3460891299887539401,reel,26.433,48,Friday,0,20,9,2024,80091,0,False,False,[],45,0,477,2913,0.0005618538680517405,DS3,none,night,False
3416088267987604274_208395645,reel,1.0,20,Saturday,4,20,7,2024,84680,0,True,False,[],14861,18,0,854553,0.1757064748881095,DS3,none,night,True
3521668703926396714_436040583,reel,101.133,149,Thursday,20,12,12,2024,67789,3,False,False,"['laney', 'laneyamps', 'cubsuper']",367,5,2118,6969,0.0054875350346658795,DS3,niche_only,evening,False
3600349681391306610_244189118,reel,90.066,139,Monday,10,31,3,2025,907452,0,True,False,[],38140,230,0,669244,0.04228318160830368,DS3,none,morning,False
3435960744117212394,reel,30.866,125,Friday,14,16,8,2024,80091,5,False,False,"['surat', 'suratcity', 'godadra', 'dindoli', 'tirangarally🇮🇳']",1597,20,9570,25351,0.020189282325325877,DS3,niche_only,afternoon,False
3580523974591442696_4010175301,reel,12.866,96,Tuesday,1,4,3,2025,6829,0,False,False,['코칭후기'],53,0,2525,9550,0.007759882869692533,DS3,niche_only,night,False
3630924830179954712,reel,13.033,108,Monday,14,12,5,2025,80091,9,False,False,"['fashion', 'fashionblogger', 'model', 'modeling', 'fashionstyle', 'shoot', 'bts', 'behindthescenes🎬', 'results']",,70,93,1887,,DS3,niche_only,afternoon,False
3021554928406551533,reel,11.2,69,Sunday,20,22,1,2023,80091,1,True,False,['ufc283'],225284,1875,2096782,3259759,2.836225840283674,DS3,niche_only,evening,True
3609708043062974513,reel,12.666,699,Sunday,7,13,4,2025,80091,0,False,False,[],,9,2514,10917,,DS3,none,morning,True
3642722592336872241_223912651,reel,29.233,74,Wednesday,21,28,5,2025,19200,0,True,False,[],505,7,0,12210,0.026665277850111975,DS3,none,evening,False
3574590799367110387,reel,10.033,47,Sunday,21,23,2,2025,80091,0,True,False,[],30,0,549,2305,0.000374569245367827,DS3,none,evening,True
3544611611577318196_56831426120,reel,41.233,802,Monday,12,13,1,2025,15484,26,False,False,"['reelsinstagram', 'reelsindia', 'viralreels', 'trendingreels', 'foodblogger', 'foodlovers', 'foodmafia', 'foodinsta', 'gamechanger', 'gamechangermoviereview', 'gamechangermoviereview', 'chocolatelovers', 'cheesecakes', 'lotusbiscoffcheesecake', 'nutellatresleches', 'darkchocolatestrawberry', 'moussecups', 'darkchocolate', 'tasty', 'yummy', 'super', 'nellorecity', 'nelloreupdates', 'nellorefood', 'nelloredistrict', 'sakethfoodietravel']",10764,22,0,336137,0.6965450435905716,DS3,niche_only,afternoon,False
3795965457510205961_1614808676,reel,50.48,329,Friday,7,26,12,2025,10899,4,False,False,"['cakefakebirthdayforreal', 'beinghumanclothing', 'celebrationforreal', 'justbeinghuman']",3,4,1089,3092,0.0006422018348623853,DS3,niche_only,morning,False
3587155489349735706,reel,34.96,6,Thursday,5,13,3,2025,80091,0,True,False,[],2357,19,22392,102722,0.0296658842331319,DS3,none,night,False
3432787527636114294,reel,21.669,26,Monday,5,12,8,2024,80091,0,False,False,[],13908,291,481995,929901,0.17728362383259252,DS3,none,night,False
3587363445422886400_909030228,reel,39.866,798,Thursday,12,13,3,2025,30557,25,False,False,"['autobuzzdragseries2025', 'toyota', 'grcorolla', 'toyotagr', 'gazooracing', 'honda', 'civictyper', 'typer', 'fl5', 'volkswagen', 'golfgti', 'vw', 'vwgolfgti', 'dragrace', 'dragseries', 'petronas', 'primax97', 'petronasprimax97', 'sic', 'sepangcircuit', 'autobuzzmy', 'shootout', 'cars', 'malaysia', 'autobuzz']",519,1,4072,56422,0.017016820472544016,DS3,niche_only,afternoon,False
3276077737734598370,reel,85.3,207,Tuesday,0,9,1,2024,80091,13,True,False,"['korea', 'koreafood', 'koreanfood', 'travelkorea', 'crab', 'rawcrab', 'gangnam', 'koreatravel', 'seoul', 'seoulkorea', 'seoulfood', 'seoulfoodie', 'mukbang']",16358,112,366223,712145,0.20563851570693703,DS3,niche_only,night,False
3625675625406241396,reel,150.3,14,Monday,8,5,5,2025,80091,0,False,False,[],38,0,84,670,0.0004744543774659142,DS3,none,morning,False
3594551318570508619,reel,80.766,738,Sunday,10,23,3,2025,80091,9,False,False,"['ikotsamaynilakasamasimayorhoneylacuna', 'kalingangisanginamayorhoneylacuna', 'honeykosiyul', 'naglilingkodanumangpanahon', 'lingkodbayan', 'magnificentmanila', 'asensomanileño', '13juanpinoypartylist', 'happykamikayhoneyul']",4,1,20,109,6.24282075613045e-05,DS3,niche_only,morning,True
3503985481202869933,reel,96.463,90,Monday,11,18,11,2024,80091,3,True,False,"['familybychoice', 'hwanginyoup', 'jungchaeyeon']",1002,12,3798,12602,0.012660440493432552,DS3,niche_only,morning,False
3455127742809251750_847218726,reel,90.84,482,Thursday,1,12,9,2024,19099,7,True,False,"['kitateammas', 'allianzmalaysia', 'paralympics', 'paris2024', 'readyparisgo', 'allianz', 'worldwidinsurancepartner']",256,6,2678,12741,0.013717277486910994,DS3,niche_only,night,False
3557642477567786764_364273121,reel,60.637,292,Friday,11,31,1,2025,127996,16,True,False,"['gdny', 'friday', 'news', 'breakingnews', 'planecrash', 'nycmayor', 'kindapregnant', 'food', 'nycity', 'comedy', 'joinus', 'nyc', 'morning', 'morningmotivation', 'morningshow', 'themorningshow']",336,25,4513,22697,0.002820378602623499,DS3,niche_only,morning,False
3545058186489310788_2274326416,reel,59.559,24,Tuesday,3,14,1,2025,264230,0,True,False,[],6783,122,128893,260045,0.026132437147798705,DS3,none,night,False
3604921543983742412,reel,53.5,778,Sunday,17,6,4,2025,80091,18,False,False,"['repost', 'nostalgiaraya', 'harirayaaidilfitri', 'kampungstyle', 'miniatureworld', 'rayavibes', 'rayatradisi', 'rayamood', 'rayakampung', 'lemangraya', 'raya2025', 'rayathrowback', 'rayacreative', 'rusticraya', 'vintageraya', 'malaysiaraya', 'repostios', 'repostw10']",48,1,583,3481,0.0006117964341007841,DS3,niche_only,afternoon,True
3451680817567387715_26337170716,reel,14.6,94,Saturday,7,7,9,2024,358390,9,False,False,"['gujjus', 'viral', 'viralreels', 'reels', 'trendingreels', 'trending', 'trend', 'explore', 'explorepage']",2281,29,9249,21651,0.006445474356219883,DS3,mixed,morning,True
3422861192287074930,reel,89.933,284,Monday,12,29,7,2024,80091,1,True,False,"['รีวิวจนผัวด่า', 'ผัวสั่งเมียตํา', 'ผัวสั่งเมียคำพระราม5', 'localserviceชิงมง', 'อร่อยบอกต่อ', 'ปักหมุดร้านอร่อย', 'หรรษาพาซิ่ง', 'หรรษาโบว์ยักษ์', 'สวนอาหาร', 'วิวหลักล้าน']",184,3,3232,17055,0.0023348149627927884,DS3,niche_only,afternoon,False
3603463590162630172_6367784,reel,55.033,1000,Friday,17,4,4,2025,870677,0,True,False,[],5022,52,0,655699,0.005827642366064148,DS3,none,afternoon,False
3766263945461066808_42418540938,reel,14.28,312,Saturday,8,15,11,2025,79183,8,True,False,"['christmasmugs', 'santa', 'christmasmagic', 'christmascollection', 'cozymugs', 'hotcocoa☕️', 'christmaslatte', 'wintryweather']",6,0,265,1216,7.577288341079006e-05,DS3,niche_only,morning,True
3623354342401603926_2139343453,reel,94.3,118,Friday,3,2,5,2025,132403,0,True,False,[],756,132,15237,36204,0.0067067460197577115,DS3,none,night,False
3626040707150165118_26991651,reel,66.466,531,Monday,20,5,5,2025,4900,7,False,False,"['drajordaniaaraujo', 'clinicacaicó', 'clininalim', 'escutapsiquiátrica', 'autocuidado', 'caicorn', 'seridorn']",89,6,542,4791,0.01938379922464803,DS3,niche_only,evening,False
3608919239035673696_2235748553,reel,8.766,709,Saturday,5,12,4,2025,19031,7,False,False,"['indianwear', 'socialecouturebyjessica', 'festivefashion', 'ethnicelegance', 'viralreel', 'trendingaudio', 'explorepage']",31,9,0,3331,0.002101723413198823,DS3,mixed,night,True
3623744165285108077_1792386147,reel,27.233,332,Friday,16,2,5,2025,277028,6,True,False,"['diadelamamá', 'ideasderegalos', 'vajilla', 'ecommerce', 'tiendaonline', 'enviosamexico']",52,0,0,11763,0.00018770598024033585,DS3,niche_only,afternoon,False
3628161966565218698,reel,39.066,65,Thursday,18,8,5,2025,80091,0,False,False,[],47,2,31,985,0.0006117964341007841,DS3,none,evening,False
3620842585466050524,reel,1352.923,0,Monday,16,28,4,2025,80091,0,True,False,[],2323,32,12532,42621,0.02940368576137442,DS3,none,afternoon,False
3513327927285206453_1103356982,reel,4.233,351,Sunday,8,1,12,2024,47351,5,True,False,"['stylingtips', 'bouncyblowdry', 'layeredhaircut', 'bouncyhair', 'hairvideo']",87,16,3869,11387,0.0021751985132623755,DS3,niche_only,morning,True
3571198895344329849_6280530122,reel,43.12,115,Wednesday,4,19,2,2025,53989,3,False,False,"['repcosc', 'repcogarage', 'repcogetsyougoin’']",400,0,1911,11223,0.007408779403593258,DS3,niche_only,night,False
3581808078250449889,reel,16.266,112,Wednesday,20,5,3,2025,80091,1,False,False,['song'],409,5,4055,15206,0.005169055586076013,DS3,niche_only,evening,False
3504526105070408655,reel,88.7,837,Tuesday,4,19,11,2024,80091,5,False,False,"['expedisi', 'expedisimurah', 'expedisijakarta', 'expedisisurabaya', 'jktinfo']",383,32,16909,71967,0.005181541227588273,DS3,niche_only,night,False
3630912878655145491,reel,10.966,452,Monday,14,12,5,2025,80091,11,True,False,"['shirt', 'importshirt', 'instagram', 'instagrambussiness', 'style', 'clothing', 'outfitinspiration', 'fashion', 'white', 'shirt', 'linenshirt']",678,0,284,35612,0.00846526494531289,DS3,mixed,afternoon,False
3513909097656008380_40526552,reel,11.8,510,Monday,3,2,12,2024,17417,6,False,False,"['joiceanantaacademy', 'joiceananta', 'nochoiceonlyjoice', 'muasurabaya', 'muabali', 'muajakarta']",37,0,855,2956,0.002124239292685727,DS3,niche_only,night,False
3611269803039668940_307611564,reel,23.6,24,Tuesday,11,15,4,2025,4526,0,False,False,[],68,1,0,1267,0.015241882041086813,DS3,none,morning,False
3617571434396592473_1234692356,reel,49.4,142,Thursday,4,24,4,2025,3699,3,False,False,"['alamiifood', 'momlife', 'kolparty']",166,15,248,1442,0.04891891891891892,DS3,niche_only,night,False
3635917736385401226,reel,88.266,1008,Monday,11,19,5,2025,80091,17,False,False,"['nusarabkk', 'thaicuisine', 'bangkokfoodies', 'finebangkok', 'michelinrestaurant', 'thairestaurant', 'bangkokdining', 'foodlovers', 'thailandfood', 'bangkokrestaurant', 'bangkoklifestyle', 'finedining', 'อร่อยไปกิน', 'รีวิวของกิน', 'อร่อยบอกต่อ', 'รีวิวอาหาร', 'ของอร่อยบอกต่อ', 'yummy', 'foodstagram', 'foodies', 'foodreview', 'foodreels']",299,5,630,14129,0.0037956350197273134,DS3,niche_only,morning,False
3477013095074413801,reel,25.8,437,Saturday,5,12,10,2024,80091,8,False,False,"['muyassarohzuhri', 'muyassaroh', 'kartunmuslimah', 'bukuselfimprovement', 'bukumotivasi', 'islami', 'bukuquanta', 'gramediabooks']",,1,1721,6219,,DS3,niche_only,night,True
3621663478580233269,reel,19.766,93,Tuesday,19,29,4,2025,80091,6,False,False,"['carros', 'instacars', 'formula1', 'f1', 'automobilismo', 'corrida']",534,2,4748,11956,0.006692303850571842,DS3,niche_only,evening,False
3779326707229780778_4416301136,reel,44.952,510,Wednesday,8,3,12,2025,36541,1,True,False,['pr'],223,0,12094,29511,0.006102566909309835,DS3,niche_only,morning,False
3507773260685849242,reel,92.25,125,Saturday,16,23,11,2024,80091,6,False,False,"['jakwani', 'persebayasampekkiamat', 'bonekrocknroll', 'utarakeras', 'bonek', 'jakmania']",5176,34,33479,59260,0.06505019227887929,DS3,niche_only,afternoon,True
3603264262978920657,reel,8.8,46,Friday,10,4,4,2025,80091,0,False,False,[],44,2,488,968,0.0005743395095640014,DS3,none,morning,False
3565327196279525475,reel,42.5,809,Tuesday,2,11,2,2025,80091,15,False,False,"['supremoclean', 'granateespumaactiva', 'detailingpro', 'limpiezaautomotriz', 'autodetailing', 'cardetailing', 'limpiezaprofunda', 'detailingworld', 'cuidadodelauto', 'shinycars', 'detailingaddicts', 'carwashlife', 'llantasimpecables', 'foamwash', 'wheelcleaning']",72,0,1912,5717,0.0008989661888827848,DS3,niche_only,night,False
2870344159767468864_45925318307,reel,58.533,360,Tuesday,4,28,6,2022,17192,20,False,False,"['😇', 'reelsinsta', 'reelsinstagram', 'instagram', 'inspiringquotes', 'motivationmonday', 'motivation', 'othergender', 'u', 'political', 'internet', 'onlinemarketing', 'marketingdigital', 'jewellery', 'property', 'learning', 'likeforlikes', 'reelsinsta', 'reelsvideo', 'reels', 'informationtechnology']",187,0,1624,3609,0.010876519513755598,DS3,mixed,night,False
3611449638343766908,reel,9.5,70,Tuesday,17,15,4,2025,80091,0,False,False,"['блогкондитера', 'відпусткамрії']",122,4,1340,4013,0.0015731908305448735,DS3,niche_only,afternoon,False
3630596679087070377_4469827019,reel,18.033,250,Monday,3,12,5,2025,24330,0,False,False,"['بندر', 'بندرعباس_میناب_جاسک_سیریک_خمیر_بستک_قشم_رودان_کنگ_هرمز_طاهرویی_کلاهی_کرگان_زوهکی_تیاب_خونسرخ_جناح_کیش_لنگه', 'محسنلرستانی', 'اکسپلور', 'ایران', 'کرمان', 'ریلز', 'هرمزگانی_بندرعباس_سورو_گچين_خمير_كنگ', 'هرمزگان_جنوب_بوشهر_بندر_بندرلنگه_بندرعباس_لامرد\u2069']",1230,12,890,25968,0.05104599071143808,DS3,niche_only,night,False
3496147358565974465_1768887704,reel,15.0,281,Thursday,15,7,11,2024,66334,2,True,False,"['urangtasikdimamanakamamana', 'tasikpride']",635,27,21122,50706,0.009979648752543906,DS3,niche_only,afternoon,False
3510589570741627984_6740285752,reel,275.04,137,Wednesday,13,27,11,2024,64674,2,False,False,"['จ๊อกจ๊อกนางงาม', 'missuniverse2024', 'missuniversethailand2024']",180,0,0,8963,0.0027831465017394666,DS3,niche_only,afternoon,False
3624449410147166555_232161117,reel,61.194,99,Saturday,16,3,5,2025,1263251,5,True,False,"['bmxlife', '60secondsofawesome', 'peopleareawesome', 'biketricks', 'freestyle']",1512,3,57270,122038,0.0011992856532188352,DS3,niche_only,afternoon,True
3492455733244068986_6725759369,reel,42.366,586,Saturday,13,2,11,2024,300916,13,True,False,"['tajfortaguada', 'goagetaway', 'luxurystay', 'panoramicviews', 'familyvacation', 'goadiaries', 'travelinstyle', 'beachsideluxury', 'tajhotels', 'travelreel', 'northgoavibes', 'suitelife', 'goastaycation']",3,48,146091,729119,0.00016948195017230664,DS3,niche_only,afternoon,True
3504567081708960573_1197238556,reel,38.2,101,Tuesday,6,19,11,2024,9533,0,False,False,"['모두와나누고싶은맛', '엘피비', '청주카페', '오창카페', '시나몬롤맛집', '포카치아맛집']",32,10,0,1130,0.004405286343612335,DS3,niche_only,morning,False
3596072415438106979_1719682971,reel,27.2,531,Tuesday,12,25,3,2025,55538,0,False,False,[],3,9,123,447,0.00021606438718738184,DS3,none,afternoon,False
3632421686122829748_5412800031,reel,110.041,448,Wednesday,16,14,5,2025,13518,24,False,False,"['art', 'illustration', 'sketch', 'doodle', 'doodles', 'sunshandraws', 'digitalart', 'characterillustration', 'characterdesign', 'comic', 'graphicnovel', 'cowboys', 'westerns', 'western', 'erinyes', 'greekmyth', 'fantasy', 'wretchcomic', 'wretchtheanimation', '2danimations', 'animation', 'storyboard', 'roughanimation', 'animatic']",107,15,0,1508,0.00902433611953547,DS3,niche_only,afternoon,False
3589917586255993436_4777400782,reel,90.0,482,Monday,0,17,3,2025,58633,0,False,False,"['پاینده_ایران_و_ایرانی', 'جاویدشاه', 'پاینده_ایران_و_ایرانی', 'جاویدشاه', 'ایران_معبد_ماست', 'رستاخیز_ناسیونالیست_ایرانی', 'سکوت_جایز_نیست', 'منوچهر_بختیاری', 'مجیدرضا_رهنورد', 'مهرشاد_شهیدی', 'مهسا_امینی', 'نیکا_شاکرمی', 'سارینا_اسماعیل_زاده', 'تاج', 'استقلال', 'پاینده_ایران_و_ایرانی', 'روز_ملی_شیروخورشید', 'ایران_معبد_ماست', 'انقلاب_ایران', 'رنسانس_ایرانی', 'رضاشاه_روحت_شاد', 'تدوام_اعتراضات', 'کامنت', 'استقلال', 'پرسپولیس', 'مادر_ایران_زمین_شهبانو_فرح_پهلوی_عزیزمان']",399,25,1494,3009,0.007231299246171163,DS3,niche_only,night,False
3513350485106468472,reel,13.04,291,Sunday,9,1,12,2024,80091,6,True,False,"['elodiedetails', 'babyproducts', 'babysccessories', 'babystyle', 'parenting', 'backpackset']",,0,926,5534,,DS3,niche_only,morning,True
3537524630844258215_182468725,reel,8.666,388,Friday,17,3,1,2025,725285,3,True,False,"['paulaschoice', 'peptidepoweredhydration', 'peptidemoisturizer']",458,55,4522,22868,0.0007073071864064659,DS3,niche_only,afternoon,False
1999385809472779690_3313183407,reel,32.166,502,Thursday,12,14,3,2019,9603,18,True,False,"['😱', '🧪', '😬', '😨', '🧠', '🙎🏻\u200d♀️', 'depressions', 'anxiety', 'nutrition', 'fear', 'angst', 'depression', 'emotional', 'toxicbody', 'health', 'mentalhealth', 'helpyourself', 'feelgood', 'expand', 'happiness', 'happy', 'heal', 'trysomethingnew', 'dontgiveup']",23,4,0,11393,0.002811328613077884,DS3,niche_only,afternoon,False
3401932493352595893_9604728332,reel,14.033,76,Sunday,15,30,6,2024,22067,4,False,False,"['tarbela', 'tarbelaghazi', 'tarbeladam', 'viralposts']",3,3,119,644,0.0002718868950516585,DS3,niche_only,afternoon,True
3626674827352357999,reel,161.066,206,Tuesday,17,6,5,2025,80091,12,False,False,"['hike', 'hikemadrid', 'goprovlog', 'hikingadventures', 'funnyhike', 'outdoorvibes', 'mountainmoments', 'vlogdiario', 'goprofun', 'senderismomx', 'naturefails', 'aventuraalnatural']",66,4,7,4141,0.000873994905858263,DS3,niche_only,afternoon,False
3613394346318440402_1277899445,reel,11.001,69,Friday,9,18,4,2025,40390,8,False,False,"['newcollection', 'newdiva', 'diva', 'fashion', 'style', 'new', '2025wedding', 'love']",41,0,1782,15282,0.001015077616300661,DS3,mixed,morning,False
3688452054219096283,reel,50.566,161,Wednesday,23,30,7,2025,80091,5,True,False,"['gaslampquarter', 'dronesandiego', 'downtownsd', 'cityviews', 'thebestofsandiego']",265,11,1798,6148,0.0034460370573840085,DS3,niche_only,evening,False
3580606390205488433,reel,90.022,100,Tuesday,4,4,3,2025,80091,0,True,False,[],147,3,3193,7351,0.001872846226839135,DS3,none,night,False
3743225898029183699,reel,54.4,248,Tuesday,13,14,10,2025,80091,10,False,False,"['zumba', 'zumbainstructor', 'zumbaindonesia', 'zumbaclass', 'zumbafitness', 'zumbalove', 'zumbaworldwide', 'zumbacommunity', 'zumbafamily', 'zumbabandung']",342,27,3471,9238,0.004607201718024272,DS3,niche_only,afternoon,False
3474880956747507167,reel,26.333,68,Wednesday,7,9,10,2024,80091,1,False,False,['timnigeria'],77,6,2449,5837,0.0010363082455176547,DS3,niche_only,morning,False
3494617088608331265,reel,82.166,237,Tuesday,12,5,11,2024,80091,15,True,False,"['explore', 'explorepage', 'darmiyaan', 'trending', 'trendingnow', 'songcover', 'cover', 'singing', 'music', 'model', 'fyp', 'featured', 'instadaily', 'reelsinstagram', 'prachitimehta']",200,61,1033,4041,0.003258752434700095,DS3,mixed,afternoon,False
3584435659341284116,reel,49.549,91,Sunday,11,9,3,2025,80091,4,True,False,"['wooyoung', 'ateez', '에이티즈', '우영', 'courreges', 'courregesfw25']",234571,1940,297438,1348832,2.9529915597063376,DS3,niche_only,morning,True
3540796672843837300,reel,18.033,65,Wednesday,5,8,1,2025,80091,5,True,False,"['umeshpatil', 'mohol', 'solapur', 'मोहोळ', 'trending', 'dada']",2191,24,13985,38877,0.027655695949657895,DS3,mixed,night,False
3782998729474315439_44419759049,reel,22.43,238,Monday,10,8,12,2025,32306,0,True,False,[],72,6,1462,3858,0.002414337450088216,DS3,none,morning,False
3487490985528200669_44450585561,reel,62.033,393,Saturday,16,26,10,2024,109589,6,True,False,"['anastasiabeverlyhills', 'anastasiabeverlyhillsindia', 'abhindia', 'diwalilooks', 'diwalicardparty', 'festiveglam']",117,6,2521,10102,0.001122365179304681,DS3,niche_only,afternoon,True
3626371623866841306_4026030444,reel,80.366,38,Tuesday,7,6,5,2025,169595,0,False,False,[],762,363,0,49963,0.006633411165357673,DS3,none,morning,False
3769819767709596698_655697366,reel,15.185,1235,Thursday,5,20,11,2025,39275,0,False,False,[],3,11,1084,2980,0.00035645177716671757,DS3,none,night,False
3773297235930103345_3197326748,reel,21.107,175,Tuesday,0,25,11,2025,445710,0,True,False,[],3,55,68613,187147,0.00013012916441371202,DS3,none,night,False
3454795309497544941_43247698486,reel,14.166,104,Wednesday,14,11,9,2024,404916,7,False,False,"['rakeshdevandakala', 'trendingreel', 'viralreel', 'explore', 'view', 'trendingreels', 'reelitfit']",17597,362,74798,216006,0.044352299360115775,DS3,mixed,afternoon,False
3601427653192188475_2866967394,reel,89.566,176,Tuesday,21,1,4,2025,11263,9,True,False,"['kazeliocardoso', 'assessoriajuridica', '1deabril', 'diadamentira', 'reels', 'audiencia', 'testemunha', 'mentiras', 'justiçadotrabalho']",146,9,1488,4838,0.01376065340909091,DS3,mixed,evening,False
3596278952824356153,reel,63.8,155,Tuesday,19,25,3,2025,80091,10,True,False,"['anime', 'berserk', 'jetejuge', 'onepiece', 'naruto', 'animefr', 'mangafr', 'manga', 'sololeveling', 'snk']",5700,454,31571,96539,0.07683663786645357,DS3,niche_only,evening,False
3609115481474536526_4004409647,reel,26.7,367,Saturday,12,12,4,2025,25629,9,False,False,"['daninisnack', 'kuliner', 'pondokindahmall3', 'foodlover', 'kulinerjakarta', 'kuetradisionalindonesia', 'cateringcorporate', 'cateringjakarta', 'jajananpasar']",21,0,0,1201,0.0008193523214982442,DS3,niche_only,afternoon,True
3623561796604377808_1729502208,reel,12.1,142,Friday,10,2,5,2025,6071,6,False,False,"['gracetattoo', 'phoenixville', 'tattoo', '15', 'phoenixvilletattoo', 'patattooers']",217,10,0,3387,0.037384716732542816,DS3,niche_only,morning,False
3760881859707534338_377194739,reel,67.733,283,Friday,21,7,11,2025,1082689,15,True,False,"['gauravwellplayed', 'proudofgaurav', 'gauravstrong', 'biggbosshero', 'gauravthemastermind', 'teamgaurav', 'gauravdeservesrespect', 'biggbossupdate', 'gamechangergaurav', 'gauravrocks', 'biggbossbuzz', 'gauravwinninghearts', 'smartplayergaurav', 'gauravonfire', 'respectforgaurav']",40023,1036,380675,872531,0.037923135893007234,DS3,niche_only,evening,False
3636025756531514410_21079775,reel,8.6,27,Monday,15,19,5,2025,13030,3,False,False,"['reels', 'explorepage', 'comedy']",9,0,0,330,0.000690660732100376,DS3,mixed,afternoon,False
3501158488042747182,reel,16.67,357,Thursday,13,14,11,2024,80091,0,False,False,[],165,1,6301,14928,0.0020726164910353094,DS3,none,afternoon,False
3574471048674094038_184820489,reel,4.566,0,Sunday,17,23,2,2025,8414,0,False,False,[],14,1,484,1446,0.0017825311942959,DS3,none,afternoon,True
3796999136122378061_29170333791,reel,24.8,516,Saturday,17,27,12,2025,3444,3,False,False,"['косметика', 'макияж', 'люкс', 'тренды', 'минеральнаякосметика', 'казахстан', 'караганда', 'lux', 'janeiredale', 'janeiredalekz']",6,0,96,393,0.0017416545718432512,DS3,niche_only,afternoon,True
3753469732042420313,reel,15.666,59,Tuesday,16,28,10,2025,80091,0,True,False,[],72769,424,552440,1943788,0.913861559206912,DS3,none,afternoon,False
3575443143546451254_8268359520,reel,15.001,253,Tuesday,1,25,2,2025,25505,15,True,False,"['dermatology', 'dermatologist', 'dermatologista', 'dermatología', 'skindoctor', 'sunscreen', 'skincaretips', 'sunscreen', 'spf', 'skincancer', 'skincancerprevention', 'skincancersucks', 'sunprotection', 'doctor', 'smokingkills']",76,1,1620,3799,0.003018897514310358,DS3,niche_only,night,False
3534997769976379030_603653436,reel,22.556,305,Tuesday,5,31,12,2024,21458,8,False,False,"['love', 'instagood', 'instagram', 'music', 'trending', 'india', 'viral', 'love']",21,0,117,649,0.0009786103732699566,DS3,mixed,night,False
3421943292613108112,reel,30.466,2,Sunday,6,28,7,2024,80091,0,False,False,[],,13,775,2997,,DS3,none,morning,True
3446557750120398923,reel,24.233,207,Saturday,5,31,8,2024,80091,0,False,False,[],29,8,261,870,0.0004619687359536533,DS3,none,night,True
3556695458249339237_198859756,reel,57.033,378,Thursday,4,30,1,2025,1837265,10,True,False,"['militarywife', 'military', 'usaf', 'usafwife', 'veterans', 'shop', 'activeduty', 'militarydiscount', 'theexchange', 'aafes']",83064,142,6688,477795,0.045287944151799465,DS3,niche_only,night,False
3795463301971638507_870776090,reel,18.233,21,Thursday,14,25,12,2025,1688,0,False,False,['ส้มจี๊ดนะ'],25,0,85,399,0.014801657785671996,DS3,niche_only,afternoon,False
3547913224920565692_1098521636,reel,27.333,0,Saturday,1,18,1,2025,45577,0,True,False,[],571,10,7658,19458,0.012747378121023301,DS3,none,night,True
3550212880608213523_10226591203,reel,23.5,343,Tuesday,5,21,1,2025,9508,21,False,False,"['viral', 'reels', 'trending', 'online', 'branded', 'beauty', 'makeupdeals', 'makeup', 'instadaily', 'islamabadfashion', 'lahorefashion', 'kayseria', 'karachi', 'makeup', 'multan', 'sale', 'shop', 'skincare', 'style', 'hair', 'hyderabad']",27,0,0,1771,0.0028394152907771585,DS3,mixed,night,False
3487342087270280553_51568843993,reel,12.408,138,Saturday,11,26,10,2024,99143,0,False,False,[],371,0,4165,14839,0.003742031792140725,DS3,none,morning,True
3426516317435011388,reel,19.633,17,Saturday,13,3,8,2024,80091,0,True,False,[],13594,123,85436,209804,0.17126554462368276,DS3,none,afternoon,True
3447226832334954321,reel,32.9,199,Sunday,3,1,9,2024,80091,12,False,False,"['anime', 'animeedits', 'animelover', 'animetelugu', 'naruto', 'narutoshippuden', 'narutoedits', 'narutotelugu', 'sasuke', 'sasukeuchiha', 'reels', 'friends']",7433,19,23671,53347,0.09304300054936823,DS3,mixed,night,True
3586602486313407813,reel,17.0,151,Wednesday,10,12,3,2025,80091,5,False,False,"['saigon', 'nccsaigon', 'chill', 'outfit', 'ootd']",863,7,5677,28080,0.010862508115666983,DS3,niche_only,morning,False
3545368702868103054,reel,45.0,285,Tuesday,13,14,1,2025,80091,7,False,False,"['ccl', 'practice', 'manojtiwari', 'bhojpuridabanggs', 'fire', 'onfield', 'cricketlife']",10549,72,103183,328721,0.13260999850172303,DS3,niche_only,afternoon,False
3601165537393363380,reel,51.851,157,Tuesday,13,1,4,2025,80091,1,True,False,['swataxn'],210,12,629,2259,0.00277181241572192,DS3,niche_only,afternoon,False
3607369411896414413_28095807503,reel,34.766,274,Thursday,2,10,4,2025,20937,15,False,False,"['herbs', 'sekhmet', 'awaken', 'neworleanspsychic', 'goddess', 'purplethronepsychic', 'healing', 'pathofawakenings', 'neworleansmagic', 'theneworleansoracledeck', 'awakenwithfatima', 'fatimainneworleans', 'healing', 'neworleans', 'frenchquarterfest']",3,8,1476,6342,0.0005253605884038591,DS3,niche_only,night,False
3573693530922460320,reel,40.433,718,Saturday,15,22,2,2025,80091,11,False,False,"['datenightglow', 'matteandprotected', 'lakmēsunexpert', 'lakmesun', 'sunscreen', 'suncare', 'sunscreenforoilyskin', 'glowsunscreen', 'lakmefluidsunscreen', 'suntan', 'ad']",2054,15,10973,52618,0.0258327922888678,DS3,niche_only,afternoon,True
3591414514395234095,reel,14.8,168,Wednesday,2,19,3,2025,80091,5,False,False,"['humorquibor', 'humor', 'video', 'quibor', 'elorza']",343,13,11515,32168,0.00444488837836488,DS3,mixed,night,False
3667297038567224161,reel,7.566,68,Tuesday,18,1,7,2025,80091,7,False,False,"['rímel', 'lash', 'cilios', 'fy', 'insta', 'efeitorimel', 'cílios']",31,10,26,1143,0.0005119113020026969,DS3,niche_only,evening,False
3414950204984297814,reel,7.666,111,Thursday,14,18,7,2024,80091,1,False,False,"['安倍川花火大会', 'ディズニー', 'disney', 'カメラ']",340,2,3174,19321,0.0042700893971932274,DS3,niche_only,afternoon,False
3605348092544016453,reel,30.989,151,Monday,7,7,4,2025,80091,3,True,False,"['moonswatch', 'omegaxswatch', 'swatch']",30,6,581,3186,0.0004494830944413924,DS3,niche_only,morning,False
3606037233146070686,reel,14.233,40,Tuesday,6,8,4,2025,80091,0,False,False,[],192,5,12596,36570,0.0024596713779153974,DS3,none,morning,False
3585621143436361044_9221170271,reel,35.84,56,Tuesday,2,11,3,2025,1963652,0,True,False,[],1647,17,30751,69322,0.0008474002280443642,DS3,none,night,False
3573367197695810212,reel,26.541,1069,Saturday,4,22,2,2025,80091,20,True,False,"['seguridadenelagua', 'chalecobblüv', 'micielovaldivia', 'veranoseguro', 'aprendiendoanadar', 'bbluv', 'seguridad', 'natacion', 'matronatacion', 'porteo', 'porteoseguro', 'porteoergonomico', 'valdivia', 'maternidad', 'embarazo', 'chile', 'mamaprimeriza', 'micielovaldivia', 'surdechile', 'verano']",11,2,476,1173,0.0001623133396593917,DS3,niche_only,night,True
3604790822239998784_10432885521,reel,30.266,157,Sunday,13,6,4,2025,10704,11,False,False,"['instagram', 'reels', 'reelsinstagram', 'hairtutorial', 'hair', 'hairstyles', 'hairstyle', 'hairtransformation', 'haireducation', 'kurd', 'haircolor']",37,9,694,4241,0.004297057449789818,DS3,mixed,afternoon,True
3616978964185064912_11906620121,reel,20.4,177,Wednesday,8,23,4,2025,7163,7,False,False,"['airterjunsulawesi', 'airterjunsulsel', 'pesonaairterjunindonesia', 'airterjunindonesia', 'piknikairterjun', 'airterjuntakapala', 'airterjungowa']",3,2,0,1017,0.0006979341150195422,DS3,niche_only,morning,False
3618251058805770380,reel,94.7,68,Friday,2,25,4,2025,80091,0,True,False,[],2082,6,14107,29099,0.02607001947760076,DS3,none,night,False
3584617006197427234,reel,21.0,335,Sunday,17,9,3,2025,80091,0,False,False,"['آنزیم_تراپی', 'خاویارتراپی', 'اصفهان_من', 'سمیراجدیدی']",104,86,575,1816,0.002372271887329571,DS3,niche_only,afternoon,True
3613738626225455259_6679417297,reel,23.033,495,Friday,21,18,4,2025,12191,5,False,False,"['noamidistribuciones', 'capacitaciónpeluquería', 'peluqueríamasculina', 'barbería', 'sanfrancisco']",181,15,0,13579,0.016076115485564306,DS3,niche_only,evening,False
3470079849752385085,reel,54.3,201,Wednesday,16,2,10,2024,80091,13,False,False,"['diningroom', 'design', 'decor', 'homedecor', 'tech', 'speakers', 'diy', 'doityourself', 'asmr', 'lifestyle', 'techlifestyle', 'techie', 'techbymidas']",20512,92,176452,378110,0.2572541577186236,DS3,niche_only,afternoon,False
3523580548807140555_51867370,reel,15.065,14,Sunday,11,15,12,2024,109821,0,True,False,[],163,12,392,1802,0.001593487643641529,DS3,none,morning,True
3607477290529213710_1132530959,reel,38.972,190,Thursday,6,10,4,2025,200129,0,False,False,[],3,3,0,2536,2.99805126667666e-05,DS3,none,morning,False
3530047201850190600_1660079064,reel,45.266,19,Tuesday,10,24,12,2024,78866,0,False,False,[],3,102,94382,236497,0.0013313553197154705,DS3,none,morning,False
3800257626056541633_6334585234,reel,11.146,0,Thursday,5,1,1,2026,610100,0,True,False,[],2002,397,0,64694,0.003932135826690991,DS3,none,night,False
3628181428102469030_19940898014,reel,14.2,92,Thursday,19,8,5,2025,12434,6,False,False,"['mridealnigeria', 'iconicpauls', 'paulochidex', 'actor', 'houseoftwitch', 'instagram']",864,66,152,28479,0.07478890229191798,DS3,mixed,evening,False
3508263424734402264_1500779156,reel,14.966,18,Sunday,8,24,11,2024,21327,0,False,False,['광화문연가'],240,16,4088,10832,0.012003000750187547,DS3,niche_only,morning,True
3431630491441744300,reel,79.84,580,Saturday,15,10,8,2024,80091,18,False,False,"['jainism', 'jainism_updates', 'spreadjainism', 'jain', 'jaintemple', 'trending', 'bhakti', 'bhajan', 'jainculture', 'aadinathdada', 'reels', 'reelsinstagram', 'viral', 'viralvideos', 'likeforlikes', 'trendingreels', 'instalike', 'jaijinendra🙏']",426,5,2278,8055,0.005381311491784448,DS3,mixed,afternoon,True
3607180210935709520_1276389707,reel,11.766,416,Wednesday,20,9,4,2025,13608,11,True,False,"['asasul', 'lagosul', 'remaxj', 'avaliaçãogratuita', 'corretoradeimóveis', 'vendacerta', 'imóveisdf', 'mercadoimobiliário', 'familiaremax', 'carlamendonça', 'remaxjota']",112,14,1705,6541,0.009258578881622456,DS3,niche_only,evening,False
3608564246808816425,reel,22.233,706,Friday,18,11,4,2025,80091,3,True,False,"['barcelóexperiences', 'tudestinonuestrohogar', 'malta']",2853,68,67594,219051,0.03647055885731409,DS3,niche_only,evening,False
3521494601530827239_5812210,reel,32.465,104,Thursday,14,12,12,2024,4272344,4,True,False,"['engaged', 'engagement', 'selenagomez', 'bennyblanco']",31534,315,475319,1071830,0.007454688233277041,DS3,niche_only,afternoon,False
3577369829225572947_844563547,reel,15.033,0,Thursday,17,27,2,2025,303757,0,False,False,[],211,8,8474,23846,0.0007209686658458378,DS3,none,afternoon,False
3385109156821934809_1436414429,reel,23.833,53,Friday,10,7,6,2024,561911,4,True,False,"['reels', 'romanticism', 'perception', 'drama']",7618,169,86152,228658,0.013858041828613733,DS3,mixed,morning,False
3591420058125532885_9688699184,reel,74.766,79,Wednesday,2,19,3,2025,41848,5,False,False,"['sunitawilliams', 'women', 'nasa', 'usa', 'womenfighters']",767,4,5091,16865,0.018423379292217257,DS3,niche_only,night,False
3429290117514346880_6271506166,reel,54.958,822,Wednesday,9,7,8,2024,87212,15,True,False,"['reels', 'reelsvideo', 'reelviral', 'fashionstyle', 'kidsfashion', 'kidsootd', 'ootd', 'babygirl', 'babyph', 'babystyle', 'babyswag', 'childrenswear', 'kidsclothes', 'localph', 'supportlocalph']",3,11,9824,27374,0.00016052652700858816,DS3,mixed,morning,False
3736722645237737401_20716478050,reel,7.433,143,Sunday,13,5,10,2025,12586,0,False,False,[],8,0,516,3518,0.0006355763883371733,DS3,none,afternoon,True
3629482929022262846,reel,10.933,76,Saturday,14,10,5,2025,80091,0,False,False,[],9,0,59,1415,0.0001123707736103481,DS3,none,afternoon,True
3612057741926084276,reel,7.3,5,Wednesday,13,16,4,2025,80091,0,True,False,[],405,10,12268,37472,0.005181541227588273,DS3,none,afternoon,False
3549555662782753336_34180997294,reel,30.0,87,Monday,8,20,1,2025,11396,2,False,False,"['loveguess', 'loveguessid']",14,0,133,615,0.0012283934368693516,DS3,niche_only,morning,False
3623752828509751101,reel,10.093,175,Friday,17,2,5,2025,80091,0,True,False,[],26,2,124,1144,0.0003495979623433052,DS3,none,afternoon,False
3795078443969967347_19926960,reel,18.435,38,Thursday,2,25,12,2025,21249,0,False,False,[],3,0,247,602,0.00014117647058823528,DS3,none,night,False
3493219705650877308,reel,73.4,82,Sunday,14,3,11,2024,80091,0,True,False,[],44511,572,817698,1556510,0.5628901762972581,DS3,none,afternoon,True
3633780889826366915,reel,31.533,262,Friday,13,16,5,2025,80091,0,True,False,[],,17,276,13548,,DS3,none,afternoon,False
3468586729168712644,reel,63.0,67,Monday,14,30,9,2024,80091,1,True,False,"['อร่อยบอกต่อ', 'มาม่า', 'กะเพรา', 'farmiscooking']",15897,7,161489,498365,0.19857164261099736,DS3,niche_only,afternoon,False
3464127742037082834_3307557,reel,14.633,65,Tuesday,11,24,9,2024,88789,2,True,False,"['chanel', 'chanel24k']",1343,14,24850,78795,0.015283252618538124,DS3,niche_only,morning,False
3587367983258683856_6220675038,reel,17.1,113,Thursday,12,13,3,2025,82360,0,False,False,"['バラの花をつくりたかった', 'イメージと完成が程遠い', 'でも100周回って芸術', 'みんな違ってみんないい', 'ありがとうございました']",3,108,31197,107626,0.001347725258314008,DS3,niche_only,afternoon,False
3390954595676058338,reel,15.066,116,Saturday,12,15,6,2024,80091,10,False,False,"['home', 'love', 'homelove', 'goodvibes', 'vibe', 'timeoff', 'reels', 'life', 'kashmir', 'kashmiri']",363,29,1779,5766,0.004894371472806273,DS3,mixed,afternoon,True
3541433346314325396,reel,11.033,64,Thursday,3,9,1,2025,80091,0,True,False,[],286,8,12139,39093,0.0036707786046047044,DS3,none,night,False
3534273938845558323,reel,58.866,76,Monday,6,30,12,2024,80091,0,False,False,"['五月天', '五月天演唱會']",4904,10,40801,118154,0.06135444239125006,DS3,niche_only,morning,False
3528373740432570763_1937055115,reel,19.066,82,Sunday,2,22,12,2024,21914,1,False,False,['pathankot'],106,21,0,1929,0.005795117499429615,DS3,niche_only,night,True
3459826026694002095,reel,24.517,17,Wednesday,12,18,9,2024,80091,0,False,False,[],193,7,2526,6874,0.00249712830245218,DS3,none,afternoon,False
3767503548377699185_47431465985,reel,29.095,103,Monday,1,17,11,2025,694626,1,False,False,['bageshwar_bala_ji_sarkar'],510,4,2809,8612,0.0007399654778751762,DS3,niche_only,night,False
3606295240413393799_1415444061,reel,44.966,430,Tuesday,14,8,4,2025,89372,1,False,False,"['제품제공', '트란시노uv파우더ex', 'uv차단파우더', '파우더추천', '일본파우더', '일본여행쇼핑리스트', '일본쇼핑', '돈키호테', '돈키호테추천', '파룸체험단', '일본드럭스토어', '일본화장품']",161,3,117,440,0.0018350060980385574,DS3,niche_only,afternoon,False
3529492518729100296_8942302534,reel,15.0,399,Monday,15,23,12,2024,46413,22,False,False,"['vespa', 'vespaid', 'vespatv', 'vespapts', 'mabscoot', 'vespagram', 'spesialispx', 'vespamatic', 'vespaclassic', 'explorevespa', 'indovespahits', 'vespatamasya', 'vesparocknroll', 'sekuteriscantik', 'indovespagram', 'vespaindonesia', 'sekuterismillenial', 'vespakejamindonesia', 'repostvespaindonesia', 'pesonavespaindonesia', 'vespaextremeindonesia', 'scooterindonesiabersatu']",98,0,1531,4379,0.0021114318955487567,DS3,niche_only,afternoon,False
3625294815085497136,reel,80.38,199,Sunday,20,4,5,2025,80091,1,True,False,['meganoticias'],1652,36,45935,123665,0.0210757628726964,DS3,niche_only,evening,True
3565451873928092064_1799463328,reel,43.04,174,Tuesday,6,11,2,2025,253209,4,True,False,"['lovestartshere', 'pickzon', 'pickzonconnections', 'pickzondatingapp']",4744,51,18646,92675,0.01893685083527507,DS3,niche_only,morning,False
3558851749793538346_1597947775,reel,17.533,207,Sunday,3,2,2,2025,12122,10,False,False,"['fypreel', 'reelsinstagram', 'reelschallenge', 'foryoupageシ', 'kontenkreator', 'kambingkontes', 'fbproo', 'semuaorang', 'fbpropemula', 'bumiblambanganfarm']",66,0,1343,2710,0.00544419698094531,DS3,niche_only,night,True
3610098239410182916,reel,115.066,114,Sunday,20,13,4,2025,80091,7,False,False,"['gambus', 'gambusmodern', 'gambusindonesia', 'gambusarabic', 'gambussholawat', 'fypシ', 'fyp']",113,0,1052,3559,0.0014108774908854816,DS3,mixed,evening,True
3440275088896224277_22102766,reel,40.2,185,Thursday,13,22,8,2024,113118,1,False,False,['review'],3,8,1090,7413,9.724272668605627e-05,DS3,niche_only,afternoon,False
3617737232093542130,reel,87.166,64,Thursday,9,24,4,2025,80091,3,False,False,"['womenover30', 'childfreebychoice', 'childfreewomen']",625,35,5098,11541,0.008240523398092194,DS3,niche_only,morning,False
3575708108192550277,reel,17.633,50,Tuesday,10,25,2,2025,80091,2,False,False,"['okinawa', 'ケンチャナ', '沖縄移住', 'iove']",,6,7067,15774,,DS3,niche_only,morning,False
3490174572395638779,reel,46.52,106,Wednesday,9,30,10,2024,80091,2,False,False,"['นายกฯแพทองธาร', 'oecd', 'voice']",526,8,4845,12949,0.0066673325675473205,DS3,niche_only,morning,False
3436551334405749915_59178101442,reel,78.966,338,Saturday,10,17,8,2024,873,5,False,False,"['tknปันสุขให้น้องๆกับซีนุนิว', 'zeepruk', 'nunew', 'zeenunew', 'taokaenoi']",67,0,257,498,0.07665903890160183,DS3,niche_only,morning,True
3575616728233229741_39943760,reel,89.556,153,Tuesday,7,25,2,2025,11729,4,False,False,"['ariesardian', 'mcariesardian', 'mcwedding', 'mcsemarang']",726,11,697,3195,0.0628303495311168,DS3,niche_only,morning,False
3584541451003355028_2304515245,reel,24.133,231,Sunday,14,9,3,2025,470789,16,False,False,"['teamweare1', 'comedymemes', 'comedyreels', 'comedians', 'foryoupage', 'memesdaily', 'mojkardi', 'funnyreels', 'funnyvideos', 'contentcreator', 'concept', 'reelsviral', 'reelsindia', 'reelsinstagram', 'instagood', 'viralpost']",771,26,12446,41881,0.001692899169481085,DS3,mixed,afternoon,True
3599661633782344314,reel,19.105,218,Sunday,11,30,3,2025,80091,6,False,False,"['kunst', 'maleri', 'linussinkunst', 'kunstnerlinus', 'artphoto', 'paintingart']",,8,337,1209,,DS3,niche_only,morning,True
3634784235617901023,reel,15.033,0,Saturday,22,17,5,2025,80091,0,False,False,[],4,0,17,1334,4.99425660490436e-05,DS3,none,evening,True
3625955632368414300,reel,652.542,0,Monday,17,5,5,2025,80091,0,False,False,[],115,2,855,6121,0.0014608200569345253,DS3,none,afternoon,False
3611178488460871064,reel,30.266,11,Tuesday,8,15,4,2025,80091,0,False,False,[],513,6,1180,5705,0.006480047944863407,DS3,none,morning,False
3453172284757867076,reel,89.166,33,Monday,8,9,9,2024,80091,2,True,False,"['bbb', 'katiehopkins']",39165,956,516787,990226,0.5009364231134196,DS3,niche_only,morning,False
3590324223289109242,reel,52.0,15,Monday,14,17,3,2025,80091,1,False,False,['shoppingtime👑🛍'],411,6,4967,13577,0.005206512510612795,DS3,niche_only,afternoon,False
3734615232946761216,reel,112.57,64,Thursday,16,2,10,2025,80091,3,True,False,"['breakfast', 'drivethru', 'burritos']",286,10,5865,11775,0.0036957498876292265,DS3,niche_only,afternoon,False
3762538626589785862_3531073860,reel,59.866,2109,Monday,4,10,11,2025,872218,0,False,False,[],386,2,8247,21814,0.00044484240769806664,DS3,none,night,False
3380094786722929057,reel,23.56,173,Friday,12,31,5,2024,80091,2,True,False,"['blackpink', 'blink', 'แบล็คพิ้งค์', 'บลิ้งค์']",81179,401,952457,2472921,1.0185786345702441,DS3,niche_only,afternoon,False
3608608648565362475,reel,51.5,158,Friday,19,11,4,2025,80091,0,True,False,[],17334,319,43958,113116,0.22040902961594167,DS3,none,evening,False
3777046514553179269_42434449108,reel,39.219,438,Sunday,5,30,11,2025,11557,20,False,False,"['clientreview', 'happyclient', 'clientlove', 'testimonial', 'review', 'fivestarreview', 'positivefeedback', 'makeupreview', 'satisfiedclient', 'customerexperience', 'muaglammlooksbyruby', 'ranchimua', 'makeupartistlife', 'promua', 'makeupservice', 'bookedandbusy', 'makeupinspo', 'glamsquad', 'beautyservices', 'makeupmagic']",21,2,1040,4989,0.0019899636615331373,DS3,niche_only,night,True
3622064373847531911_1999807073,reel,41.8,30,Wednesday,9,30,4,2025,308683,0,True,False,[],19164,356,121918,570427,0.06323618976040223,DS3,none,morning,False
3469025302041756499_1601270062,reel,9.7,0,Tuesday,5,1,10,2024,80462,0,False,False,[],76,13,440,1303,0.0011060984551905845,DS3,none,night,False
3724663863221785858_768442533,reel,41.233,207,Thursday,22,18,9,2025,219559,1,False,True,['trespartner'],1885,23,0,76829,0.008690107487702678,DS3,niche_only,evening,False
3412448368371299313,reel,27.1,286,Monday,3,15,7,2024,80091,16,False,False,"['viralreels', 'aadiivaasii', 'aadiwasi_rathva_🏹', 'aadiwasisong', 'aadiwasi_culture', 'aadiwasi_chori🤘', 'aadivasistatus', 'adiwasiculture', 'adiwasidance', 'adiwasireelsvideo⚡❤️', 'adivashi', 'adivashisong', 'adiwasi_viral_reels_adda', 'adivasiculture', 'adiwasigirl', 'adivashi']",,17,1892,5552,,DS3,niche_only,night,False
3479672225249300041,reel,67.791,264,Tuesday,22,15,10,2024,80091,0,True,False,[],5061,227,112768,321546,0.06602407231683564,DS3,none,evening,False
3634691680992792531,reel,10.8,87,Saturday,19,17,5,2025,80091,2,False,False,"['mamaefitness', 'fypppppppppppppppppppppppppppppppppppppppppppppppppppppppppppppppppppppp']",12031,220,345,302894,0.1529615941667083,DS3,niche_only,evening,True
3584668373575509723,reel,59.7,136,Sunday,18,9,3,2025,80091,3,False,False,"['pubglover', 'ببجي_موبايل', 'milad_tamr', 'pubgmobile', 'تحديث_ببجي_جديد', 'مواهب_ببجي_موبايل_العربية', 'ببجي_السعودية', 'انجازات_ببجي']",406,28,3266,7779,0.005418768416321231,DS3,niche_only,evening,True
3599353241659988330,reel,10.766,573,Sunday,0,30,3,2025,80091,0,True,False,[],3456,31,39987,129263,0.043537431953253755,DS3,none,night,True
3628148047458188508_31315369303,reel,148.0,304,Thursday,18,8,5,2025,16906,0,False,False,[],72,0,10,2519,0.004258591116105755,DS3,none,evening,False
2079315544193659961_188154866,reel,43.133,266,Tuesday,18,2,7,2019,11349042,0,True,False,[],16307,451,0,11393,0.0014766002736970863,DS3,none,evening,False
3414807832690444262_39944223,reel,52.966,216,Thursday,10,18,7,2024,247413,3,True,False,"['yumcha', 'shangpalace', 'makatishangrila']",3,53,34721,185074,0.00022634127413970106,DS3,niche_only,morning,False
3375669628986035955_26973863162,reel,57.866,116,Saturday,10,25,5,2024,104929,1,False,False,['watercolors'],789,15,4215,16393,0.007662251024492519,DS3,niche_only,morning,True
3780882625151084969_4349540407,reel,28.071,135,Friday,12,5,12,2025,613275,6,False,False,"['trending', 'viral', 'viralreels', 'trendingsong', 'reelkarofeelkaro', 'ad']",2068,15,36450,110958,0.0033965131523164124,DS3,mixed,afternoon,False
3618644112565303852_1091056200,reel,49.048,440,Friday,15,25,4,2025,108358,8,False,False,"['mate', 'ervamate', 'chimarrão', 'yacuy', 'parceria', 'materapida', 'dicaboa', 'chimavibes']",3,13,0,2686,0.00014765732426471267,DS3,niche_only,afternoon,False
3568475393558795059,reel,103.375,148,Saturday,10,15,2,2025,80091,1,True,False,['idhipremena'],43714,94,188614,629144,0.5469709833691255,DS3,niche_only,morning,True
3496884675073831870,reel,9.3,15,Friday,15,8,11,2024,80091,1,False,False,['reelsinstagram'],1084,85,5394,16057,0.014595714927832992,DS3,niche_only,afternoon,False
3578341540428854821,reel,54.432,0,Saturday,1,1,3,2025,80091,0,True,False,[],,9,905,1809,,DS3,none,night,True
3568974491633577562,reel,89.333,292,Sunday,3,16,2,2025,80091,6,True,False,"['kendal', 'kaliwungu', 'tokomaskerbaukaliwungu', 'tokoemas', 'kerbaugoldkaliwungu', 'weleri']",299,2,10523,35392,0.003758178095190531,DS3,niche_only,night,True
3600664810526760132,reel,7.966,0,Monday,20,31,3,2025,80091,0,False,False,[],4,0,23,147,4.99425660490436e-05,DS3,none,evening,False
3598839151883892302_281007901,reel,25.933,32,Saturday,7,29,3,2025,2521,0,True,False,[],23,1,435,1207,0.00951625693893735,DS3,none,morning,True
3636938534909244371,reel,35.333,241,Tuesday,21,20,5,2025,80091,5,False,False,"['completeskin', 'hudläkare', 'hudvård', 'skincare', 'stresssymptoms']",31,0,14,1387,0.0003870548868800879,DS3,niche_only,evening,False
3589690561416525800,reel,9.8,403,Sunday,17,16,3,2025,80091,16,False,False,"['whalestorexoxoq8', 'มิ้ลค์เลิฟ', 'milklove', 'milkpansa', 'loverrukk', '23point5', 'ongsasun', 'whalestorexoxo', 'wanmaewnam', 'girlrulesseries', 'shashagorya', 'tilt', 'โลกเอียง', 'shotfeel', 'ช็อตฟีล', 'gmmtv', 'muvmuv', 'mimiv', 'miniheart']",93,0,325,1151,0.0011611646606402638,DS3,niche_only,afternoon,True
3622991851294408696,reel,11.5,196,Thursday,15,1,5,2025,80091,0,False,False,[],344,26,3771,11399,0.004619687359536533,DS3,none,afternoon,False
3797851902088721859_12847208,reel,10.176,19,Monday,0,29,12,2025,1840160,0,True,False,[],1113,8,13766,59787,0.0006091858266749486,DS3,none,night,False
3624383611273632778,reel,49.633,935,Saturday,13,3,5,2025,80091,1,True,True,['ad'],541,37,8021,38316,0.0072167007940868,DS3,niche_only,afternoon,True
3588924634124642123,reel,21.0,68,Saturday,15,15,3,2025,80091,4,False,False,"['tadarus', 'tadarusalquran', 'ramadhanmubarak', 'ramadhan1446h']",57,0,733,2437,0.0007116815661988713,DS3,niche_only,afternoon,True
3603539728961215803,reel,93.347,28,Friday,19,4,4,2025,80091,1,True,False,['bluegrass'],352,14,1557,3897,0.004569744793487489,DS3,niche_only,evening,False
3468594656311925277,reel,24.8,366,Monday,14,30,9,2024,80091,15,True,False,"['thriveco', 'festivesale', 'festive', 'offer', 'sale', 'offers', 'bogo', 'free', 'macbook', 'amazon', 'amazonvoucher', 'festival', 'deal', 'skincare', 'haircare']",46,3,3003,11026,0.0006117964341007841,DS3,niche_only,afternoon,False
3610576006074931624,reel,38.533,486,Monday,12,14,4,2025,80091,1,False,False,"['광고', '다이슨', '다이슨드라이기', '슈퍼소닉뉴럴', 'dyson']",129,7,3523,17151,0.0016980472456674823,DS3,niche_only,afternoon,False
3341478921731735335_11394255093,reel,16.866,189,Monday,5,8,4,2024,20574,0,False,False,[],3,3,1090,4910,0.0002916160388821385,DS3,none,night,False
3428521894574289698_46642536975,reel,60.933,241,Tuesday,8,6,8,2024,1494755,11,True,False,"['viral', 'reels', 'ownvoice', 'trending', 'explore', 'fyp', 'dosti', 'yaari', 'no1yaari', 'truefriends', 'instagram']",23679,44,199231,415723,0.015870817712054678,DS3,mixed,morning,False
3474963974194708098_3182481780,reel,66.633,482,Wednesday,10,9,10,2024,8304,7,False,False,"['apple', 'iphone', 'iphone16', 'iphone16plus', 'appleintelligence', 'audiomix', 'spatialaudio']",28,0,813,2128,0.0033714629741119807,DS3,niche_only,morning,False
3551846306106873350,reel,80.266,774,Thursday,11,23,1,2025,80091,3,True,False,"['kvibes_trimegahsekuritas', 'trimaplus', 'trimegahsekuritas']",1592,30,13474,36387,0.02025171053288718,DS3,niche_only,morning,False
3607059628976287918_6827774310,reel,29.993,37,Wednesday,16,9,4,2025,55847,0,False,False,[],692,16,7244,19591,0.012677266867211,DS3,none,afternoon,False
3791597515884917428_346122692,reel,66.409,392,Saturday,6,20,12,2025,360570,4,True,False,"['hermantotanoko', 'timothyronald', 'podcast', 'ai']",4971,79,38784,90165,0.014005563398054753,DS3,niche_only,morning,True
3588270862508288712,reel,37.8,0,Friday,18,14,3,2025,80091,0,False,False,[],147,1,5957,20504,0.0018478749438146133,DS3,none,evening,False
3789577495650743268_5720681446,reel,87.657,201,Wednesday,12,17,12,2025,10268,2,False,False,"['mononkvl', 'モノンクル', '僕ら行き止まりで笑いあいたい', 'lpレコード']",152,3,1042,4113,0.015093972149186874,DS3,niche_only,afternoon,False
3605665723745198248_22229035903,reel,4.966,55,Monday,18,7,4,2025,29852,4,False,False,"['kesfet', 'fyp', 'keşfet', 'kesfetteyiz']",168,0,4797,15538,0.005627575118078585,DS3,mixed,evening,False
3426071917697290974,reel,89.84,271,Friday,23,2,8,2024,80091,2,False,False,"['aos2024', 'abah&sons']",110,5,1440,5969,0.0014358487739100036,DS3,niche_only,evening,False
3469219278543649356,reel,17.768,489,Tuesday,11,1,10,2024,80091,0,False,False,[],47,2,574,1689,0.0006117964341007841,DS3,none,morning,False
3623694686817719097_27779533113,reel,288.2,107,Friday,15,2,5,2025,38230,3,False,False,"['padrepiotv', 'drittoalcuore', 'donfrancescoarmenti']",122,3,227,1543,0.00326959797023358,DS3,niche_only,afternoon,False
3763561906440486446_1488938593,reel,26.133,40,Tuesday,14,11,11,2025,151171,0,False,False,[],5,0,98,1024,3.3074908051755616e-05,DS3,none,afternoon,False
3577509767339962898,reel,117.281,494,Thursday,21,27,2,2025,80091,3,False,False,"['beingblackinmexico', 'migrationmatters', 'livewithintention”']",,4,332,970,,DS3,niche_only,evening,False
3454701633693205320,reel,27.427,294,Wednesday,11,11,9,2024,80091,14,False,False,"['polewear', 'tatianaactive', 'notjustforshow', 'polewearaddict', 'polewearbrand', 'polewear', 'tatianaactive', 'notjustforshow', 'poledance', 'poleaddict', 'poledancer', 'polelove', 'polecommunity', 'poledancersofig']",148,2,1323,3751,0.001872846226839135,DS3,niche_only,morning,False
3596798801249389000_342039024,reel,25.266,39,Wednesday,12,26,3,2025,10449,0,False,False,[],25,0,210,725,0.0023923444976076554,DS3,none,afternoon,False
3594524957956989870,reel,67.7,136,Sunday,9,23,3,2025,80091,1,True,False,"['marketing""']",498,6,9082,24770,0.006292763322179494,DS3,niche_only,morning,True
3455444987054602506,reel,28.533,124,Thursday,11,12,9,2024,80091,1,True,False,['10thmyriadgrandmonde'],,23,1836,5909,,DS3,niche_only,morning,False
3610476666879806152,reel,33.3,268,Monday,9,14,4,2025,80091,1,False,False,"['білизна', 'білизнавнаявності', 'білизнаодеса', 'білизнакупити', 'білизнаназамовлення', 'білизнадніпро', 'білизнакиїв', 'білизнаукраїна', 'білизнальвів', 'briponok']",127,0,1772,7210,0.0015856764720571343,DS3,niche_only,morning,False
3544556117378766450,reel,16.266,589,Monday,10,13,1,2025,80091,2,False,False,"['🐼in中目黒', 'バレンタインカフェ', '東京グルメ', 'japantravel', 'instafood']",4988,4,71625,329367,0.06232832242920641,DS3,niche_only,morning,False
3561689758134283971,reel,168.266,1394,Thursday,1,6,2,2025,80091,0,True,False,[],16586,161,129041,319346,0.2090970384058333,DS3,none,night,False
3615797755968475716,reel,76.333,112,Monday,17,21,4,2025,80091,3,False,False,"['qualificados', 'bauzeirorojão', 'bauzeirofreestyle']",,18,9489,51463,,DS3,niche_only,afternoon,False
3637257997838751750,reel,89.333,355,Wednesday,8,21,5,2025,80091,5,False,False,"['buongiorno', 'sogninelcassetto', 'obiettivo', 'paure', 'business']",13,2,9,881,0.0001872846226839135,DS3,niche_only,morning,False
3449775860751180178,reel,7.862,62,Wednesday,15,4,9,2024,80091,0,True,False,[],4251,3,19887,56365,0.05311391899315787,DS3,none,afternoon,False
3409276671642767007,reel,59.866,49,Wednesday,18,10,7,2024,80091,6,False,False,"['explore', 'happy', 'trending', 'bride', 'shoutout', 'shoot']",76,4,411,1694,0.000998851320980872,DS3,mixed,evening,False
3599315848336022401,reel,37.666,240,Saturday,23,29,3,2025,80091,0,False,False,[],69,1,827,2861,0.000873994905858263,DS3,none,evening,True
3583756659696390265_582099519,reel,10.033,78,Saturday,12,8,3,2025,106126,1,True,False,['iwd2025'],18,0,295,1549,0.0001696081110367767,DS3,niche_only,afternoon,True
3619955372607545259_7134303249,reel,48.233,22,Sunday,11,27,4,2025,246763,1,False,False,"['malayer', 'ملایر', 'همدان']",4169,72,33243,90123,0.017186461558412088,DS3,niche_only,morning,True
2872855349820481944,reel,59.766,676,Friday,15,1,7,2022,80091,18,True,False,"['angers', 'angersmaville', 'angerscity', 'streetart', 'streetartangers', 'botero', 'painting', 'paintingtechniques', 'paintingtechnique', 'angersmaville', 'igersangers', 'streetartstyle', 'peinture', 'sculpture', 'sculptureart', 'sculptureartist', 'sculpturelovers', 'sculpturepainting']",6758,19,30596,61426,0.08461519252859212,DS3,niche_only,afternoon,False
3625990571887721820_577843745,reel,35.5,549,Monday,19,5,5,2025,9434,7,False,False,"['turismo', 'empoderamentofeminino', 'desconto', 'hotéis', 'mulheresviajantes', 'elaviajasozinha', 'liberdadeparaviajar']",1,0,0,100,0.00010598834128245893,DS3,niche_only,evening,False
3608821398689892799_2275232868,reel,51.7,298,Saturday,2,12,4,2025,132841,8,False,False,"['legdayessentials', 'hamstringtraining', 'gluteworkout', 'controlledreps', 'formmatters', 'bodybuildingindia', 'legfocus', 'smarttraining']",1041,14,8926,35065,0.007941765405519339,DS3,niche_only,night,True
3596932447906375102_763100226,reel,28.333,32,Wednesday,16,26,3,2025,47241,0,True,False,[],3,202,229439,787089,0.004339359044917658,DS3,none,afternoon,False
3553789507915120389_1491246655,reel,34.233,188,Sunday,4,26,1,2025,57217,7,True,False,"['makeupartist', 'trending', 'jaipurmakeupartist', 'makeup', 'udaipurmakeupartist', 'makeuplooks', 'bride']",73,7,0,2774,0.0013981614177356776,DS3,mixed,night,True
2497401092582933133_283496139,reel,40.033,382,Friday,15,29,1,2021,1449,4,False,False,"['repost', 'renutriv', 'extraordinarybeauty', 'esteeartist']",93,0,124,11393,0.06413793103448276,DS3,niche_only,afternoon,False
3629687807978667612_2959668898,reel,15.0,174,Saturday,21,10,5,2025,13367,7,True,False,"['burunestetiği', 'rinoplasti', 'burunameliyatı', 'estetikburunameliyati', 'estetik', 'rhinoplasty', 'estetikburunistanbul']",25,0,0,1914,0.0018701376421304608,DS3,niche_only,evening,True
3626730240737013688,reel,54.8,352,Tuesday,20,6,5,2025,80091,2,False,False,"['cvspartner', 'mothersdayatcvs']",,2,56,65860,,DS3,niche_only,evening,False
3633336130762542166_1675120549,reel,581.466,27,Thursday,22,15,5,2025,80091,0,False,False,[],515,17,67,5496,0.006642361284522799,DS3,none,evening,False
3765372946802153972_7065413179,reel,38.0,233,Friday,2,14,11,2025,6388,0,True,False,[],5,0,0,546,0.0007825950853028644,DS3,none,night,False
3620175607249704406_345088367,reel,90.0,94,Sunday,18,27,4,2025,22609,6,True,False,"['paris', 'france', 'eiffeltower', 'seine', 'bonjour', 'tourism']",59,3,629,2134,0.0027421494913754977,DS3,niche_only,evening,True
3597933425513514884,reel,32.933,79,Friday,1,28,3,2025,80091,1,False,False,['fypppppppppppppppppppppppppppppppppppppppppppppppppppppppppppppppppppppp'],37,2,109,445,0.0004869400189781751,DS3,niche_only,night,False
3544627470196072261,reel,39.433,130,Monday,12,13,1,2025,80091,6,True,False,"['ration', 'rationcard', 'rationcardupdate', 'phonetrick', 'tips', 'tricks']",6459,29,56549,178280,0.08100684213154873,DS3,niche_only,afternoon,False
3405019210801863286_1272540188,reel,15.766,285,Thursday,21,4,7,2024,131202,7,True,False,"['unhasdecoradas', 'unhas', 'nailart', 'naildesign', 'alongamentodeunhas', 'formatos', 'cursosdealongamentodeunhas']",534,13,5782,21038,0.004169111986768595,DS3,niche_only,evening,False
3537038134577788484_5612799417,reel,43.458,102,Friday,1,3,1,2025,2402,0,False,False,[],0,0,0,135,0.0,DS3,none,night,False
3389612282851511284_200970647,reel,3.033,376,Thursday,15,13,6,2024,159185,4,True,False,"['côtesdurhône', 'winedogs', 'biodynamicwines', 'wheninrhône']",87,0,2009,10835,0.0005465304737853831,DS3,niche_only,afternoon,False
3554896099030412793,reel,306.32,148,Monday,16,27,1,2025,3545034,2,True,False,"['arynews', 'offtherecord']",108,0,0,3747,3.0465143503519713e-05,DS3,niche_only,afternoon,False
3596045597567996924_17900312334,reel,17.735,29,Tuesday,11,25,3,2025,763655,2,False,False,"['babitashera27', 'babitameena27']",25483,137,174534,334941,0.0335491373078978,DS3,niche_only,morning,False
1493789905065755461_5099105964,reel,15.081,326,Saturday,22,15,4,2017,193,30,False,False,"['thoitrang', 'goldmask', 'vietnamese', 'phongcach', 'cute', 'giamcan', 'duongda', 'thoitrangnam', 'hangquangchau', 'codon', 'lamdep', 'hangthietke', 'saigon', 'daytrangdiem', 'trangdiem', 'lamtoc', 'facialtoner', 'myphamusa', 'congai', 'thanhlyvay', 'unhappy', 'wannadie', 'thietke', 'kieutocdep', 'dep', 'thanhlyhochiminh', 'tamtrang', 'depressedquotes', 'biquyet', 'tuideocheo']",1,0,0,11393,0.005154639175257732,DS3,niche_only,evening,True
3409808548412987886_7015321726,reel,26.233,108,Thursday,12,11,7,2024,12773,2,False,False,"['sriramkarthikeyan', 'sriramkarthikeyansk']",538,20,0,9568,0.04368248003757633,DS3,niche_only,afternoon,False
3428301772693522606_282548755,reel,15.0,3,Tuesday,0,6,8,2024,5976,0,False,False,[],3,3,367,1098,0.001003848084323239,DS3,none,night,False
3581711388353291806_51294207698,reel,64.566,157,Wednesday,16,5,3,2025,638226,1,False,False,['fypシ'],1660,123,14518,33684,0.002793676857920458,DS3,niche_only,afternoon,False
3484462762966533245_1078991914,reel,78.7,347,Tuesday,12,22,10,2024,350643,4,True,False,"['pasangadeepavali', 'semmedeepavali', 'astroulagam', 'brightercelebrationtogether']",431,0,3437,20673,0.0012291669043246142,DS3,niche_only,afternoon,False
3491389694307457037,reel,138.4,726,Friday,1,1,11,2024,80091,7,True,False,"['exquisitemedia', 'exquisitetaste', 'asiadreams', 'inspiration', 'holidaydestination', 'destinasinusantara', 'pesonaindonesia']",232,4,482,1656,0.0029466113968935723,DS3,niche_only,night,False
3469158297733938106,reel,29.933,636,Tuesday,9,1,10,2024,80091,0,True,False,"['雙月感恩周年慶', '蛤蜊燉雞腿湯', '枸杞鱸魚湯', '富士吻仔山拌飯', '愛恨椒芝麵', '雙月乾蚵', '感恩週年慶', '雙月', '雙月食品社', '雙月食品', '週年慶', '雙月週年慶', '大安森林站', '大安森林公園', '大安森林公園美食', '台北美食', '台北小吃']",,6,338,14628,,DS3,niche_only,morning,False
3782222995558016940_6773914855,reel,13.21,97,Sunday,8,7,12,2025,101629,6,False,False,"['dog', 'doglover', 'dogsofinstagram', 'kokkachi', 'dogs', 'petsofinstagram']",11186,269,74141,143423,0.11271278165895897,DS3,niche_only,morning,True
3523819473814305278,reel,9.566,39,Sunday,19,15,12,2024,80091,0,True,False,[],,53,19555,95532,,DS3,none,evening,True
3592673417082101732,reel,23.503,58,Thursday,19,20,3,2025,80091,6,False,False,"['reelsinstagram', 'sisters', 'nightout', 'enjoy', 'trending', 'reels']",502,15,18886,46125,0.0064550766618388855,DS3,mixed,evening,False
3561707399392093509,reel,60.911,126,Thursday,2,6,2,2025,80091,0,False,False,[],26,0,340,1819,0.0003246266793187834,DS3,none,night,False
3576092269134903464,reel,15.666,794,Tuesday,22,25,2,2025,80091,10,True,False,"['browistacanada', 'torontomicroblading', 'browista2025', 'nanobrow', 'pmuchampionship', 'torontobrow', 'eyebrowfestival', '1', '1', '4']",485,54,5832,23414,0.006729760775108625,DS3,niche_only,evening,False
3406120285958056580,reel,9.4,175,Sunday,10,30,6,2024,80091,8,False,False,"['boxinggym', 'femaleboxing', 'femaleboxer', 'boxinggirl', 'fitnesskl', 'boxingworkout', 'boxingdrills', 'kualalumpur']",137,4,2815,8276,0.0017604754532287868,DS3,niche_only,morning,True
3601857013409188244,reel,70.0,385,Wednesday,11,2,4,2025,80091,1,True,False,['waqfamendmentbill'],525,4,2063,6208,0.006604904359986016,DS3,niche_only,morning,False
3438446023067290149_5925282936,reel,3.597,157,Tuesday,0,20,8,2024,20967,10,False,False,"['thadabhartar', 'funnymemes', 'funnymemesdaily', 'memesindia', 'haryanvisong', 'lokeshgurjar', 'desiraag', 'haryanvisongs', 'viralmemes', 'viralsong']",7,0,48,811,0.0003338420450209844,DS3,niche_only,night,False
3519214566461395076,reel,49.2,615,Monday,11,9,12,2024,80091,10,True,False,"['jellymolly', 'jellymollyjogja', 'jellyartjogja', 'puddingjogja', 'hampersjogja', 'hampersnataljogja', 'jellyjogja', 'bingkisannataljogja', 'santaclaus', 'christmas']",,2,3097,8559,,DS3,niche_only,morning,False
3552724720593014320,reel,49.172,36,Friday,17,24,1,2025,80091,1,True,False,['ucl'],40845,283,278510,874124,0.5135094641162663,DS3,niche_only,afternoon,False
3475713105192100107,reel,8.233,338,Thursday,10,10,10,2024,80091,0,False,False,[],2,0,14,113,2.49712830245218e-05,DS3,none,morning,False
3592614590190079204_23314311147,reel,331.598,90,Thursday,17,20,3,2025,390588,1,True,False,"['cmupdates', 'संवर_रहा_छत्तीसगढ़']",167,0,2363,14457,0.0004275594038746611,DS3,niche_only,afternoon,False
3540012754497809036_1592458612,reel,34.6,105,Tuesday,4,7,1,2025,497951,2,True,False,"['eathere', 'อร่อยบอกต่อ', 'unclebosssausage', 'ไส้กรอกชีสทะลัก', 'พารากอน']",4597,2,52408,114459,0.00923582995951417,DS3,niche_only,night,False
3625766652028654427_7473496963,reel,29.3,29,Monday,11,5,5,2025,1004983,0,True,False,[],359,1,6277,46582,0.00035821465814381124,DS3,none,morning,False
3439199699423034680,reel,55.966,1956,Wednesday,1,21,8,2024,80091,13,False,True,"['berghoffacademy', 'kesogoaja', 'sieruboh', 'resepmudah', 'reseprumahan', 'resepmasakan', 'resepsimple', 'menumasakanharian', 'menusederhana', 'sambalganja', 'asamudeung', 'aceh', 'kulineraceh']",69,42,543,1745,0.00138590620786096,DS3,niche_only,night,False
3615055487255487346,reel,6.05,82,Sunday,16,20,4,2025,80091,6,False,False,"['reelsvideo', 'reels', 'reelsviral', 'reelsinstagram', 'reelsinsta', 'viral']",103,0,1173,4022,0.0012860210757628728,DS3,mixed,afternoon,True
3631788536090861375,reel,16.4,575,Tuesday,19,13,5,2025,80091,0,False,False,[],384,14,242,19201,0.004969285321879838,DS3,none,evening,False
3603081542546254232_5457320683,reel,52.733,387,Friday,4,4,4,2025,114443,19,False,False,"['reels', 'reelsinstagram', 'reelsindia', 'reelsvideo', 'reelsviral', 'instagood', 'instagram', 'handwork', 'southindianwedding', 'wedding', 'weddingdress', 'saree', 'handembroidery', 'bride', 'reelsinstagram', 'instagood', 'traditionalwear', 'southindianweddings', 'menstyle']",82,0,5247,23598,0.0007165076369228618,DS3,mixed,night,False
3617289386384500346,reel,12.0,0,Wednesday,18,23,4,2025,80091,0,False,False,[],1335,48,1548,8794,0.017267642211456824,DS3,none,evening,False
3610692808525366739,reel,20.667,59,Monday,16,14,4,2025,80091,0,False,False,[],148,4,976,5098,0.0018978175098636567,DS3,none,afternoon,False
3605890601473074476,reel,82.633,319,Tuesday,1,8,4,2025,80091,0,True,False,[],1367,18,11564,36709,0.017292613494481347,DS3,none,night,False
3606866767000597485,reel,31.868,83,Wednesday,9,9,4,2025,80091,0,True,False,[],255,89,563,2064,0.004295060680217749,DS3,none,morning,False
3607766737114953929,reel,55.366,441,Thursday,15,10,4,2025,80091,0,False,False,[],631,8,18418,55918,0.007978324926334716,DS3,none,afternoon,False
3545328391589419831,reel,90.0,67,Tuesday,12,14,1,2025,80091,1,True,False,['srikanditakaful'],130,12,1065,3871,0.0017729610947410479,DS3,niche_only,afternoon,False
3513947075316951749,reel,29.566,39,Monday,4,2,12,2024,80091,0,False,False,[],39,0,955,2611,0.0004869400189781751,DS3,none,night,False
3417416184894068824,reel,54.566,351,Monday,0,22,7,2024,80091,1,False,False,"['협찬', '광고', '솜털밀착', '투명선스틱', '가히', '에어리핏선스틱', '가히선스틱', 'kahi', '깃털선스틱', '밀착선스틱', '솜털밀착', '워터부스팅', '특허기술', '선스틱추천']",2245,24,533,3455,0.02832992059131998,DS3,niche_only,night,False
3595931760011688847_63893635496,reel,20.5,875,Tuesday,7,25,3,2025,1564,9,False,False,"['diindonesiaaja', 'pesonaindonesia', 'wonderfulindonesia', 'beautifuldestination', 'landscape', 'exploremakassar', 'visitsulawesiselatan', 'maros', 'rammangrammang']",28,2,373,1477,0.019169329073482427,DS3,niche_only,morning,False
3430832399787694189,reel,59.993,245,Friday,12,9,8,2024,80091,19,True,False,"['reels', 'reelitfeelit', 'reelkarofeelkaro', 'reelsinstagram', 'explore', 'explorepage', 'explorar', 'exploring', 'fyp', 'golggapa', 'golgappagirl', 'panipuri', 'panipurilovers', 'viralgolgaapagirl', 'viralgirls', 'cute', 'trendingreels', 'foodporn', 'india']",32537,170,704108,1260778,0.40836787694151727,DS3,mixed,afternoon,False
3622860022956770188,reel,99.48,118,Thursday,11,1,5,2025,80091,2,False,False,"['80電幻物語', '德洲撲克', 'yt', '投資']",24,0,532,2576,0.0002996553962942616,DS3,niche_only,morning,False
3600074948754358151,reel,14.066,527,Monday,0,31,3,2025,80091,29,False,False,"['bajingankalem', 'bajinganberkelas', 'quotesindonesia', 'djindo', 'bajinganterhormat', 'brengsekterhormat', 'senimankata', 'djindonesia', 'kaptenkecils', 'katamagic', 'quotesindo', 'vidiostoryku', 'statusgalau', 'pathdailyindonesia', 'statuswakekinian🎶', 'vidio30detikstory', 'bangsatterhormat', 'djopus', 'videokeren', 'videokeren89', 'literasi30detik', 'vidiostory', 'lukaberpuisi', 'literasi', 'statuswhatsapp', 'statuskeren', 'storywabucin', 'storywa', 'djsoda']",153,0,1078,2372,0.0019103031513759178,DS3,niche_only,night,False
3630985924676380459,reel,72.866,120,Monday,16,12,5,2025,80091,0,True,False,[],782,15,9,13415,0.009951056285271938,DS3,none,afternoon,False
3436742671071693852_214157728,reel,41.633,210,Saturday,16,17,8,2024,3203259,8,True,False,"['cavalliclasshandbags', 'robertocavalliwatches', 'franckmuller', 'ss24collection', 'italianfashion', 'watchesforher', 'eoss', 'luxuryhandbags']",18121,127,0,259920,0.005696696490450353,DS3,niche_only,afternoon,True
3449419559324022577_8595557633,reel,9.133,50,Wednesday,4,4,9,2024,222754,0,False,False,[],14,0,0,7111,6.284931875827702e-05,DS3,none,night,False
3611592562858631201,reel,60.5,23,Tuesday,22,15,4,2025,80091,0,True,False,[],5,0,296,1165,6.24282075613045e-05,DS3,none,evening,False
3622193454228073169,reel,53.538,221,Wednesday,13,30,4,2025,80091,0,False,False,[],435,10,5604,22147,0.005556110472956101,DS3,none,afternoon,False
3630693208184883217,reel,15.0,11,Monday,6,12,5,2025,80091,0,False,False,[],65,0,25,1145,0.0008115666982969585,DS3,none,morning,False
3422188554671956374_5744567255,reel,29.566,15,Sunday,14,28,7,2024,122398,0,False,False,[],2129,22,0,51781,0.017573672987524408,DS3,none,afternoon,True
3450431403748668581_1437738417,reel,30.0,682,Thursday,13,5,9,2024,13154,1,False,False,['tenholesxjimimulthazam'],613,4,7830,23066,0.04690231851007222,DS3,niche_only,afternoon,False
3656309990363005036_5265036294,reel,31.062,498,Monday,15,16,6,2025,4296,22,False,False,"['touchbyweemua', 'myymua', 'letsmedes', 'mirimakeupartist', 'makeupartistsarawak', 'makeupnikah', 'makeupsanding', 'makeupartistmiri', 'muaborneo', 'makeupartistmalaysia', 'muamalaysia', 'makeupartist', 'makeup', 'makeupartist', 'makeuptransformation', 'makeupideas', 'muafollowtrain', 'muas', 'miri', 'malaysia', 'sarawakmakeupartist', 'muamirimakeupdinner']",28,0,54,1941,0.006516174074936002,DS3,niche_only,afternoon,False
3587773904525126846,reel,30.166,649,Friday,1,14,3,2025,80091,0,False,False,[],1,0,9,113,1.24856415122609e-05,DS3,none,night,False
3594197072669640164_206981062,reel,32.466,325,Saturday,22,22,3,2025,81504,11,True,False,"['grandmillennialstyle', 'nancymeyersaesthetic', 'springhome', 'myhomestyle', 'yeahthatgreenville', 'classicinteriors', 'traditionalhome', 'southernliving', 'familyroom', 'collectedinteriors', 'interiors']",569,10,0,8330,0.007103858658977977,DS3,niche_only,evening,True
3581631991243047904_1671899400,reel,34.666,465,Wednesday,14,5,3,2025,1463510,4,True,False,"['baki', 'baku', 'bakuws', 'bakuws1']",2118,44,0,35000,0.0014772693884774354,DS3,niche_only,afternoon,False
3756146098071987094_178218090,reel,74.6,285,Saturday,8,1,11,2025,3587,2,True,False,"['alagangysj', 'ysjbabies']",6,4,25,108,0.002787068004459309,DS3,niche_only,morning,True
3796692330468199109_61411368600,reel,12.687,95,Saturday,7,27,12,2025,47975,0,False,False,[],53,23,1091,52460,0.001584125396031349,DS3,none,morning,True
2894036576579398017_3012380159,reel,13.133,1036,Saturday,21,30,7,2022,263275,0,True,False,[],2462,93,0,113711,0.009704644555523482,DS3,none,evening,True
3570144036997307345,reel,267.9,411,Monday,17,17,2,2025,80091,3,True,False,"['rahulgandhi', 'thenewshouragenda', 'madhavdas']",72,6,1846,7664,0.0009738800379563502,DS3,niche_only,afternoon,False
2343697924205314789_3503670051,reel,3599.867,190,Wednesday,13,1,7,2020,5880,4,True,False,"['enerzal', 'doctorsday2020', 'immunity', 'hydrationdrink']",100,8,0,11393,0.018364223771467438,DS3,niche_only,afternoon,False
3599452401910189164,reel,61.0,727,Sunday,4,30,3,2025,80091,3,True,False,"['frankgreen', 'madebyusstyledbyyou', 'fromaustraliatosurabaya']",131,2,3770,8419,0.0016605903211306997,DS3,niche_only,night,True
3598568843649456334_14298129576,reel,38.066,609,Sunday,23,30,3,2025,11863,9,False,False,"['doctorhemorroides', 'medicosvenezolanos', 'hemorroides', 'habitos', 'venezuela', 'coloproctologo', 'diarrea', 'estreñimiento', 'vaselina']",56,4,899,2246,0.0050573162508428865,DS3,niche_only,evening,True
3474184656590870147_3520263102,reel,66.066,179,Tuesday,8,8,10,2024,133013,10,True,False,"['jaimataji', 'valsad', 'gokul', 'spvalsad', 'spsir', 'jaiambe', 'valsadpolice', 'dysp', 'navratri2024', 'dharmesh0022']",827,5,6726,18020,0.006254980678725547,DS3,niche_only,morning,False
3516302505963028007,reel,16.5,152,Thursday,10,5,12,2024,80091,0,True,False,"['그날', '뉴욕', '포니테일', '굵은히피펌', '트윙클펌']",782,4,16368,53274,0.009813714228637067,DS3,niche_only,morning,False
3626472270244458144,reel,75.066,317,Tuesday,11,6,5,2025,80091,0,True,False,[],79,9,58,3036,0.0010987364530789592,DS3,none,morning,False
3404056045912766917_3044307569,reel,35.866,128,Wednesday,13,3,7,2024,72226,0,False,False,[],633,45,11379,28519,0.009387071316820579,DS3,none,afternoon,False
3612665209577790423_64253873157,reel,21.833,1099,Thursday,9,17,4,2025,1437,11,False,False,"['aqualogicatravelkit', 'glowonthego', 'skincareessentials', 'travelfriendlybeauty', 'miniskincare', 'hydrationheroes', 'crueltyfreebeauty', 'compactskincare', 'jetsetglow', 'travelcompanion', 'skincareonthego\u200b']",66,90,376,1758,0.10848400556328233,DS3,niche_only,morning,False
3373061394689276612_266121838,reel,48.3,280,Tuesday,21,21,5,2024,7656,5,True,False,"['archerythoughtfortheday', 'archerycoach', 'archery', 'learnarchery', 'hustonarchery']",159,1,0,5194,0.020895912237168603,DS3,niche_only,evening,False
3405416070293416005_31145413888,reel,58.96,96,Friday,11,5,7,2024,39761,4,False,False,"['vieon', '7namchuacuoisechiatay', 'vieonoriginal', 'daitieccamxuc']",4,0,106,361,0.0001005985614405714,DS3,niche_only,morning,False
3587392650857198050_33061308734,reel,73.833,44,Thursday,12,13,3,2025,277431,0,True,False,[],965,45,13546,34434,0.003640531733902362,DS3,none,afternoon,False
3717965922045135180_1755368349,reel,80.466,182,Tuesday,16,9,9,2025,3727,16,False,False,"['gyminspiration', 'gymlife', 'pilates', 'reformarpilates', 'spa', 'spaces', 'gymvlog', 'vlog', 'vlogginglife', 'gymreels', 'gymworkout', 'gymlove', 'gymworkouts', 'gymgirl💪🏋️\u200d♀️', 'gymbabe', 'gymreels']",28,0,1006,3204,0.0075107296137339056,DS3,niche_only,afternoon,False
3598171279837727965_38271254683,reel,32.2,406,Friday,9,28,3,2025,123914,13,False,False,"['ts_👻', 'ts_pleasure', '트레저의_봄은_yellow', 'treasure', '트레저', 'choihyunsuk', '최현석', 'jihoon', '지훈', 'yoshi', '요시', 'junkyu', '준규', 'yoonjaehyuk', '윤재혁', 'asahi', '아사히', 'doyoung', '도영', 'haruto', '하루토', 'parkjeongwoo', '박정우', 'sojunghwan', '소정환']",2724,45,6666,16712,0.0223459629584796,DS3,niche_only,morning,False
3551213997448020558_2270435834,reel,34.566,100,Wednesday,15,22,1,2025,136266,0,True,False,[],40,4,422,1221,0.0003228954919386205,DS3,none,afternoon,False
3444644351794973779,reel,73.909,62,Wednesday,14,28,8,2024,80091,0,False,False,[],12703,12,75389,323940,0.15875493182839734,DS3,none,afternoon,False
3604567449252437556,reel,17.733,216,Sunday,5,6,4,2025,80091,0,False,False,"['افتادگی_پلک', 'افتادگی_پوست', 'لیفت', 'افتادگی_پلک']",2,1,106,296,3.74569245367827e-05,DS3,niche_only,night,True
3574332144023983193,reel,75.5,15,Sunday,12,23,2,2025,80091,0,True,False,[],11645,59,60347,274931,0.14613194825950157,DS3,none,afternoon,True
3588199775917743741,reel,84.966,149,Friday,15,14,3,2025,80091,4,True,False,"['ad', 'sureyoucantmissit', 'orcanyou', 'skodasportline']",,61,8469,17829,,DS3,niche_only,afternoon,False
3608430197533508767,reel,57.28,1213,Friday,13,11,4,2025,80091,19,False,False,"['mumbaipolice', 'zone12', 'iso9001', 'qualitymanagement', 'policestations', 'maharashtrapolice', 'lawenforcement', 'mumbainews', 'policereform', 'dcpzone12', 'cpvivekphansalkar', 'policeinspection', 'publicservice', 'mumbaiupdates', 'policeachievements', 'policerecognition', 'safemumbai', 'smartpolice', 'policebadhai']",2278,7,24721,62378,0.028529690855516158,DS3,niche_only,afternoon,False
3622775079625321515,reel,197.158,487,Thursday,8,1,5,2025,80091,1,False,False,['fypシ❤️💞❤️'],10,3,42,146,0.0001623133396593917,DS3,niche_only,morning,False
3607009182433931190_271322272,reel,60.1,356,Wednesday,14,9,4,2025,186433,17,False,False,"['disney', 'disneyplayhouse', 'disneykid', 'disneymerch', 'disney', 'dcpplayhouse', 'disneyig', 'goofy', 'toystory', 'playhousedisney', 'disneykid', 'disneyfamily', 'disneyprincess', 'disneykids', 'disneyfamily', 'disneyfun', 'disneyig']",103,0,1348,6032,0.0005524743340806934,DS3,niche_only,afternoon,False
3621641433327187684,reel,89.466,218,Tuesday,19,29,4,2025,80091,10,True,False,"['highprotein', 'gym', 'animalbased', 'shredded', 'gymgirl', 'fdoe', 'fulldayofeating', 'howtolosebofyfat', 'shredded', 'animalbased']",1436,45,19607,64621,0.018491235079658393,DS3,niche_only,evening,False
3577349826440446064_7715890984,reel,38.894,5,Thursday,16,27,2,2025,224159,0,False,False,[],3,145,0,16387,0.0006602426837972877,DS3,none,afternoon,False
3516241641502693143,reel,19.6,191,Thursday,8,5,12,2024,80091,0,False,False,[],364,6,32003,79355,0.004619687359536533,DS3,none,morning,False
3491436404453011144,reel,88.433,492,Friday,3,1,11,2024,80091,29,False,False,"['menumukbang', 'trending', 'trendingreels', 'trendingnow', 'asianfood', 'chinesefood', 'weekend', 'weekendfood', 'reelsinstagram', 'reels', 'fypage', 'fypシ', 'viralfood', 'viral', 'asmrsounds', 'asmr', 'healthyfood', 'spicyfood', 'seafood', 'mukbangindonesia', 'mukbangkorea', 'koreanfood', 'asianfood', 'mukbang', 'mukbangvideo', 'asmrfood', 'asmrvids', 'asmreatingsounds', 'eatingshow']",,0,1279,3137,,DS3,mixed,night,False
3588648250908143408,reel,11.9,110,Saturday,6,15,3,2025,80091,0,False,False,[],10,0,223,2186,0.000124856415122609,DS3,none,morning,True
3539392838238150970_3258056694,reel,11.744,89,Monday,7,6,1,2025,488612,0,False,False,[],861,12,19700,55604,0.0017866900798791682,DS3,none,morning,False
3397896318013399724_145805726,reel,44.333,164,Tuesday,2,25,6,2024,44686,0,True,False,[],3,0,0,6615,6.713361827824647e-05,DS3,none,night,False
3800374048828018607_1541006876,reel,18.019,35,Thursday,9,1,1,2026,4893,0,False,False,[],71,1,0,1227,0.014711892112791173,DS3,none,morning,False
3623018156923108046_4563751075,reel,8.033,0,Thursday,16,1,5,2025,25599,0,False,False,[],77,1,1887,17506,0.003046875,DS3,none,afternoon,False
3762001850669754350_5360030216,reel,53.333,541,Sunday,10,9,11,2025,241397,2,True,False,"['indore', 'iloveindore']",3,10,0,19242,5.385297309836867e-05,DS3,niche_only,morning,True
3202418820587978188,reel,29.87,94,Friday,9,29,9,2023,80091,0,True,False,[],195,9,1533,11393,0.0025470708685012234,DS3,none,morning,False
3580271233967841047_9167274043,reel,20.2,242,Monday,17,3,3,2025,35408,9,False,False,"['niza', 'nizacientifica', 'dermocosmetica', 'cosmetica', 'cosmiatria', 'cosmetologa', 'antiage', 'cuidadosdelapiel', 'bienestarnatural']",25,0,181,1256,0.0007060351887938095,DS3,niche_only,afternoon,False
3522029327338907248,reel,33.36,135,Friday,8,13,12,2024,80091,7,True,False,"['suntv', 'annam', 'annamonsuntv', 'annampromo', 'sunpromos', 'tamilserials', 'serials']",3636,0,67701,157527,0.04539779253858063,DS3,niche_only,morning,False
3580574511615410567_224238996,reel,11.178,71,Tuesday,3,4,3,2025,10160,2,False,False,"['broncoboys', 'stampedetogether']",204,7,3233,9712,0.020765672670012794,DS3,niche_only,night,False
3598133802842932347,reel,47.034,36,Friday,8,28,3,2025,80091,0,True,False,[],9267,226,68367,204914,0.11852619487589272,DS3,none,morning,False
3622857911317208917_1267322992,reel,26.366,838,Thursday,11,1,5,2025,130354,23,False,False,"['56-15', 'últimastendencias', 'linos', 'bengalinas', 'encajes', 'tendenciasbohochic', 'romantic', 'linos', 'chifon', 'bohochic', 'modabohochic', 'ribs', 'telaslicradas', 'telasstretch', 'estampadosanimalprint', 'animal', 'textilestnt', 'ultimastendencias', 'modajuvenil', 'modafemenina', 'telasdemoda', 'telasdenovias', 'novia', 'modajuvenil']",107,3,2361,10007,0.000843849487936788,DS3,niche_only,morning,False
3607065395519535677_35764268480,reel,100.2,0,Wednesday,16,9,4,2025,1522771,0,False,False,[],296,2,4040,18681,0.00019569574433992744,DS3,none,afternoon,False
3455559454253878444,reel,37.336,174,Thursday,15,12,9,2024,80091,0,True,False,[],342,8,3850,9416,0.004369974529291315,DS3,none,afternoon,False
3623796995639353170,reel,80.2,461,Friday,18,2,5,2025,80091,26,False,False,"['huzoor', 'khilafat', 'islam', 'ahmadiyya', 'muslim', 'muslimah', 'ummah', 'jamaat', 'holyprophet', 'prophetmuhammad', 'islamic', 'blessed', 'allah', 'god', 'alhamdulillah', 'mashaallah', 'grace', 'dua', 'namaz', 'worship', 'promo', 'trailer', 'blessings', 'reeloftheday', 'mtanews', 'love']",1780,9,2417,17613,0.02233681266543475,DS3,mixed,evening,False
3614815821304352159,reel,30.733,677,Sunday,9,20,4,2025,80091,25,False,False,"['ingkungmasbaik', 'kulinerviral', 'jajan', 'tanboykunmukbang', 'sibungbung', 'kulinertiktok', 'sragenkeren', 'sragenhits', 'sragenfood', 'sragenfoodgram', 'sragenkuliner', 'srageninfo', 'sragenkekinian', 'sragenterkini', 'sragen24jam', 'sragenkita', 'sragen', 'jajansragen', 'jajan', 'jajanenak', 'jajansragenenak', 'tradisionalfood', 'idulfitri', 'idulfitri2025', '1syawal']",28,0,1355,5503,0.0003495979623433052,DS3,niche_only,morning,True
3574488655551113558_5755312659,reel,11.866,2,Sunday,17,23,2,2025,173149,0,True,False,[],837,29,5431,17496,0.005001443834825296,DS3,none,afternoon,True
3485918317517127675,reel,21.0,201,Thursday,12,24,10,2024,80091,10,True,False,"['singham', 'singhamagain', 'ajaydevgan', 'movies', 'bollywood', 'entertainment', 'rohitshetty', 'akshaykumar', 'arjunkapoor', 'tigershroff']",296,1,9993,22292,0.0037082355291414874,DS3,niche_only,afternoon,False
3603059352518801545_1193014506,reel,209.033,162,Friday,3,4,4,2025,14313,0,False,False,[],34,0,166,453,0.0023752969121140144,DS3,none,night,False
3601906763705939343_33314275,reel,31.333,141,Wednesday,13,2,4,2025,389460,0,True,False,[],3,70,6552,22940,0.00018743853684964604,DS3,none,afternoon,False
3573184506664065175,reel,5.166,38,Friday,22,21,2,2025,80091,0,False,False,[],154,2,9221,38217,0.0019477600759127004,DS3,none,evening,False
3490504392867140173_27686816962,reel,14.1,344,Wednesday,20,30,10,2024,297485,0,False,False,[],53574,68,652608,1453529,0.18031772923767841,DS3,none,evening,False
3591472128377388629_49773136545,reel,19.333,250,Wednesday,4,19,3,2025,10491,3,False,False,"['angboo', 'angboountuksikecil', 'angboohairoil']",69,70,278,1402,0.013248189096454442,DS3,niche_only,night,False
3598992604982245208,reel,95.1,99,Saturday,13,29,3,2025,80091,2,False,False,"['roblox', 'dresstoimpress']",917,38,5818,19373,0.01192378764420916,DS3,niche_only,afternoon,True
3484977973000287054_4913333257,reel,25.603,468,Wednesday,5,23,10,2024,79480,0,False,False,[],3,0,0,939,3.774486984310716e-05,DS3,none,night,False
3599192413949189135,reel,10.433,59,Saturday,19,29,3,2025,80091,0,True,False,[],,352,215,932,,DS3,none,evening,True
3610745285442673906,reel,8.4,154,Monday,18,14,4,2025,80091,0,True,False,[],390,24,8029,32344,0.005169055586076013,DS3,none,evening,False
3436941815066734042,reel,28.866,81,Saturday,22,17,8,2024,80091,6,True,False,"['motivation', 'motivationalquotes', 'foco', 'deusdoimpossivel', 'inspiração', 'jesus']",564,37,3688,10016,0.007503870548868801,DS3,niche_only,evening,True
3637982483417691153,reel,20.5,218,Thursday,8,22,5,2025,80091,0,False,False,['پیپا'],16,0,11,428,0.0001997702641961744,DS3,niche_only,morning,False
3610255927051123621,reel,87.9,157,Monday,2,14,4,2025,80091,1,False,False,"['sentul', '美景天茶餐室，独创热腾腾', '铁板奶油鸡面，还有很多这里才吃到的特色菜😋！']",1116,0,24220,69635,0.013933975927683164,DS3,niche_only,night,False
3598252399908369947_16087085735,reel,45.566,914,Friday,12,28,3,2025,11093,13,False,False,"['reelsviralvideo❤️❤️❤️❤️', 'reelskarofeelkaro', 'reelskarofeelkaro❣️❣️❣️', 'reelsvideo❤️', 'reelslovers', 'trendingreels', 'trendingsong❤️', 'reelsviral', 'reelsındia', 'preetycafes', 'prettypretty', 'caferacerofinstagram', 'reelskarofeelkaro❣️❣️']",3,4,0,1589,0.0006309716964124752,DS3,niche_only,afternoon,False
3580221737776113201,reel,10.133,123,Monday,15,3,3,2025,80091,5,False,False,"['lazymoni', 'pijamas', 'ecuador', 'comedia', 'hechoenecuador']",76,0,1039,2795,0.0009489087549318284,DS3,niche_only,afternoon,False
1534981631109760016,reel,14.433,692,Sunday,18,11,6,2017,80091,2,True,False,"['intothemind', 'nepaliloveyou']",453185,2062,0,11393,5.684050841532238,DS3,niche_only,evening,True
3595114538318287310,reel,20.366,506,Monday,4,24,3,2025,80091,5,True,False,"['pr', 'qoo10アンバサダー', 'qoo10購入品', 'ペプラム', 'ペプラムトップス', '秋コーデ', '産後ママ', '産後コーデ', '153cm', '153cmコーデ', '骨格ウェーブ', 'ブルベ冬コーデ', 'ヴァンクリ', 'アルハンブラ', 'ヴィンテージアルハンブラ', 'マザーオブパール', 'イジィデミニ', 'イジィデ', 'シェーヌダンクル', 'モノトーンコーデ', '男の子ママ', '女の子ママ', '産後9ヶ月', '体型カバー', '体型カバーコーデ']",82,2,1669,6653,0.0010487938870299156,DS3,niche_only,night,False
3492951781823710721,reel,13.266,144,Sunday,5,3,11,2024,80091,0,True,False,[],2352,24,1915,50963,0.0296658842331319,DS3,none,night,True
3615497240753843963,reel,79.5,40,Monday,7,21,4,2025,80091,3,True,False,"['maari', 'watchforfree', 'zee5tamil']",1923,0,29806,84021,0.02400988862807771,DS3,niche_only,morning,False
3615839812596633520,reel,17.6,0,Monday,18,21,4,2025,80091,0,False,False,[],5,0,132,830,6.24282075613045e-05,DS3,none,evening,False
3578078637830390223_1431551866,reel,30.033,250,Friday,16,28,2,2025,96025,18,False,False,"['healthylifestyle', 'healthyfood', 'foodporn', 'dietplan', 'healthyliving', 'newrecipe', 'cheflife', 'foodie', 'foodstagram', 'instadaily', 'healthtips', 'protiens', 'healthcoach', 'eatclean', 'eathealthy', 'delhidiaries', 'healthychef_india', 'healthychef2k18']",3042,46,16216,80710,0.032157957219919604,DS3,niche_only,afternoon,False
3556716950493037510,reel,16.166,185,Thursday,5,30,1,2025,80091,14,False,False,"['reels', 'reelitfeelit', 'reelkarofeelkaro', 'reelsinstagram', 'reelsviral', 'reelsvideo', 'love', 'life', 'kashmir', 'valley', 'motivation', 'lifestyle', 'quotes', 'explore']",1961,22,10155,50243,0.024759027118813365,DS3,mixed,night,False
3496170339316612637,reel,35.666,838,Thursday,16,7,11,2024,80091,20,False,False,"['banhbao', 'bánhbao', 'foodporn', 'foodstagram', 'foodaholic', 'foodblogger', 'instafood', 'diadiemanuong', 'foody', 'foodyvn', 'foodysaigon', 'foodysg', 'foodoftheday', 'vietnam', 'ansapsaigon', 'anvatsaigon', 'homnaytuiangi', 'followｍe', 'likeforlikes', 'dimsum']",,2,5429,18115,,DS3,niche_only,afternoon,False
3622225729324209095,reel,78.2,62,Wednesday,14,30,4,2025,80091,6,True,False,"['suma', 'sumakanakala', 'rajeevkanakala', 'trending', 'fun', 'comedy']",117540,649,917647,3048182,1.4756654846926036,DS3,mixed,afternoon,False
3601981169752061507_252490858,reel,29.92,179,Wednesday,16,2,4,2025,2137526,2,True,False,"['albm', 'eurovision2025']",31190,157,0,694224,0.014665077914805287,DS3,niche_only,afternoon,False
3624243625965859472,reel,12.533,210,Saturday,9,3,5,2025,80091,13,False,False,"['paradise', 'serenity', 'nature', 'flowers', 'green', 'water', 'sea', 'holiday', 'fethiye', 'mugla', 'turkey', 'instamugla', 'reklam)']",20456,93,64521,765779,0.25656744743544924,DS3,niche_only,morning,True
3604669094319147933_7586070624,reel,58.933,0,Sunday,9,6,4,2025,156665,0,False,False,[],3157,17,1360,41432,0.020259660679407147,DS3,none,morning,True
3498806117737229195_1493725569,reel,11.76,639,Monday,7,11,11,2024,321562,24,False,False,"['mehrbanali', 'mehrbanfan', 'mehrbanalifanpage', 'islamicmedia', 'foryou', 'fyp', 'unfreezemyaccount', 'viraltiktok', 'duet', 'trending', 'viralvideo', 'newvideo', 'wazifa', 'zodiac', 'horoscope', 'gemini', 'dost', 'friend', 'breakup', 'love', 'relation', 'argue', 'success', 'kamyab']",188,3,1827,7187,0.0005939738091758069,DS3,mixed,morning,False
3598203547943415787_276226898,reel,28.166,0,Friday,10,28,3,2025,20596,0,False,False,[],6,0,96,203,0.00029130455891634706,DS3,none,morning,False
3624686949941871772,reel,116.666,174,Saturday,23,3,5,2025,80091,1,False,False,['slugga'],82,12,553,2182,0.0011736503021525246,DS3,niche_only,evening,True
3418774272089612137,reel,18.6,818,Tuesday,21,23,7,2024,80091,0,False,False,"['유료광고', '옵세로', '모공축소크림', '옵세로', '모공축소크림', '탕후루모공크림', '화잘먹크림', '모공크림', '탄력케어', '모공케어', '모공크림추천', '옵세로모공크림', '스킨케어추천', '스킨케어', '탕후루피부', '탕후루챌린지', '그린카밍블루레이션클린크림플러스', '인간탕후루', '피부관리', '기초화장품', '홈케어', '화잘먹', '찐템']",,2,8364,21572,,DS3,niche_only,evening,False
3513257447157352006_1724359132,reel,45.3,165,Sunday,6,1,12,2024,4933,3,True,False,"['istyle', 'fashion', 'matinkim']",10,0,190,789,0.002026753141467369,DS3,niche_only,morning,True
3768966707177211920_2999417250,reel,24.056,615,Wednesday,1,19,11,2025,104150,7,False,False,"['cookingwithjjkatherine', 'cookingwithlove', 'cookingathome', 'homecooking', 'healthybreakfast', 'highproteinbreakfast', 'cerealbreakfast']",267,74,0,7402,0.0032740924235004944,DS3,niche_only,night,False
3414817334677246036,reel,49.433,773,Thursday,10,18,7,2024,80091,27,False,False,"['ashtapalettepalate', 'eatandstories', 'dessert', 'jakartahits', 'sweet', 'viralvideos', 'kulinerindonesia', 'kuliner', 'jakartaselatan', 'yummy', 'reelsindonesia', 'instafood', 'lifestyle', 'reels', 'video', 'asia', 'reelsinstagram', 'fyp', 'indonesia', 'tiktok', 'viral', 'weekend', 'instagram', 'instagood', 'jakarta', 'asmr', 'kulinerjakarta']",,70,5653,17239,,DS3,mixed,morning,False
3508866783953923561_28022833554,reel,57.2,2187,Monday,4,25,11,2024,3975,4,True,False,"['indonesiaintawau', 'konsulatritawau', 'konsulritawau', 'pekerjamigranindonesia']",11,0,0,430,0.002766599597585513,DS3,niche_only,night,False
3606604008636669416_1977349882,reel,15.333,31,Wednesday,1,9,4,2025,190501,0,True,False,[],530,12,26548,94698,0.0028451144869870134,DS3,none,night,False
3613562603835796557,reel,22.7,964,Friday,15,18,4,2025,80091,8,True,False,"['feedfeed', 'samosas', 'glutenfree', 'vegan', 'ricepapersamosas', 'glutenfreesamosas', 'tofusamosas', 'easyrecipe']",2241,105,37852,97460,0.02929131498776407,DS3,niche_only,afternoon,False
3606353784654408260,reel,5.533,1761,Tuesday,16,8,4,2025,80091,6,False,False,"['cuerposeguro', 'merecesmas', 'cuerpolibre', 'amor', 'comida', 'emociones']",3,0,86,342,3.74569245367827e-05,DS3,niche_only,afternoon,False
3585271611558440652_33064303939,reel,7.7,688,Monday,14,10,3,2025,37211,7,False,False,"['chiaseeds', 'chia', 'healthybreakfast', 'breakfast', 'recipe', 'healthyrecipes', 'healthyrecipe']",297,127,2402,9547,0.011394173922390626,DS3,niche_only,afternoon,False
3405430319668673594_488476647,reel,48.166,77,Friday,11,5,7,2024,18649581,2,True,False,"['mumbaimerijaan', 'mumbaiindians']",144224,169,0,1211676,0.007742425540690403,DS3,niche_only,morning,False
3758326460457957464_49516905777,reel,81.633,29,Tuesday,9,4,11,2025,3076,0,False,False,[],298,9,1640,5479,0.09977250568735782,DS3,none,morning,False
3420694486771182873_7171452025,reel,8.5,99,Friday,12,26,7,2024,78156,3,True,False,"['punerains', 'punecity', 'mumbairains']",12920,47,0,574718,0.16590964341005923,DS3,niche_only,afternoon,False
3734866857531615018_222631058,reel,80.866,198,Friday,0,3,10,2025,46040,12,True,False,"['desafiomartagomis', 'emagrecimento', 'dieta', 'gym', 'musculação', 'treinododia', 'mulherquesecuida', 'mulherde40', 'campinas', 'campinaseregião', 'maesdecampinas', 'campinassp']",42,8,558,1410,0.0010859885754001869,DS3,niche_only,night,False
3417522641513768164_262775125,reel,15.187,98,Monday,3,22,7,2024,317551,7,False,False,"['mahadev', 'sawan', 'relatable', 'reelitfeelit', 'explorepage✨', 'hindu', 'religion']",1596,18,0,23140,0.00508263213583917,DS3,niche_only,night,False
3593284792214953788_5474152544,reel,13.666,36,Friday,16,21,3,2025,21112,0,False,False,[],1,0,448,2133,4.736418320466063e-05,DS3,none,afternoon,False
3414815929023570435_65231572069,reel,63.4,868,Thursday,10,18,7,2024,205,7,False,False,"['ataprumah', 'konstruksirumah', 'arsitekviral', 'arsitekartis', 'bahasarsitektur', 'ilmuarsitektur', 'urbanartindonesia']",23,0,0,1276,0.11165048543689321,DS3,niche_only,morning,False
3410630309489289000_2303664133,reel,18.766,122,Friday,15,12,7,2024,81942,6,False,False,"['weknife', 'weknives', 'bladeforums', 'madebetter', 'knifephoto', 'knifeaction']",67,0,215,1331,0.0008176415313083485,DS3,niche_only,afternoon,False
3489702517502523184,reel,29.5,160,Tuesday,18,29,10,2024,80091,0,True,False,[],26321,231,68329,293606,0.3315187534335514,DS3,none,evening,False
3630578706538028154,reel,5.0,41,Monday,2,12,5,2025,80091,0,False,False,[],23,0,6,943,0.0002871697547820007,DS3,none,night,False
3402711829445868732,reel,12.433,227,Monday,17,1,7,2024,80091,8,False,False,"['ponytail', 'fashionhair', 'ponytail', 'sleek', 'celebrity', 'hairstylist', 'hair', 'hairbynikkipise']",80,1,679,2382,0.001011336962493133,DS3,niche_only,afternoon,False
3475766721133620699_54149098900,reel,14.666,167,Thursday,12,10,10,2024,523483,4,False,False,"['pankhido', 'trendingreels', 'reelkarofeelkaro', 'instagood']",645,14,8108,24112,0.0012588732415890456,DS3,mixed,afternoon,False
3489524581866774597,reel,37.17,61,Tuesday,12,29,10,2024,80091,0,True,False,"['世新大學', '編編想知道', '校園街訪', '世新大學', '高中生', '正妹']",1892,6,35905,150685,0.023697747590271188,DS3,niche_only,afternoon,False
3470654711949444410_9919240603,reel,69.166,585,Thursday,11,3,10,2024,136391,30,True,False,"['meeshofestivefinds', 'meeshomegablockbustersale', 'megablockbustersale', 'meeshomegablockbustersale2024', 'mbs', 'meeshombs', 'meeshofestivesale', 'instadaily', 'instafashion', 'instafood', 'instalike', 'instafollow', 'instagramreels', 'insta', 'instagood', 'instaphoto', 'insta', 'instacool', 'instamood', 'reels', 'bestie', 'reelitfeelit', 'reelsviral', 'trendingsongs', 'trendingreels', 'trending', 'explorepage', 'explore', 'exploremore', 'viral']",3448,230,56185,122984,0.02696639099067394,DS3,mixed,morning,False
3788854197873662827_302787533,reel,48.32,664,Tuesday,12,16,12,2025,393817,5,True,False,"['pdiperjuangan', 'menangkanrakyat', 'satyamevajayate', 'kebenaranpastimenang', 'solidberderap']",227,4,0,5469,0.0005865653677587109,DS3,niche_only,afternoon,False
3790397477821024221_8966317507,reel,6.866,103,Thursday,15,18,12,2025,11940,3,False,False,"['cooking', 'mutton', 'muttonlover']",26,0,679,1896,0.002177372079390336,DS3,niche_only,afternoon,False
3611079118664227602,reel,21.1,186,Tuesday,5,15,4,2025,80091,0,False,False,[],7033,38,248790,480787,0.08828597113319682,DS3,none,night,False
3789561571589639830_1576550126,reel,142.313,159,Wednesday,11,17,12,2025,67756,5,False,False,"['apbikecaredetailing', 'ajul_paintstore', 'lc135v8', 'lcv8', 'yamaha']",133,2,0,4733,0.0019924140679191816,DS3,niche_only,morning,False
3448337187564043919_61653976780,reel,44.033,428,Monday,16,2,9,2024,9151,1,False,False,"['สิวฮอร์โมนในผู้ชาย', 'สิวหัวหนอง', 'สิวประทุ', 'สิวหัวช้าง', 'สิวติดสารหนัก', 'สิวอุดตัน', 'สิว', 'สิวอักเสบ', 'สิวหาย', 'สิว', 'สิวอุดตัน', 'สิวติดสาร', 'ผิวใส', 'ผิวขาวใส', 'ผิวใสสุขภาพดี', 'melathailand', 'เมล่าวิตามินดริปผิวแบบชงดื่ม']",5,0,131,1062,0.0005463286713286714,DS3,niche_only,afternoon,False
3579005788653980320,reel,119.666,107,Sunday,0,2,3,2025,80091,5,True,False,"['adoption', 'adoptdontshop🐾', 'adoptanocompres', 'fyp', 'adopta']",331,18,1285,6063,0.004357488887779054,DS3,mixed,night,True
3593728142939335663,reel,32.966,104,Saturday,6,22,3,2025,80091,3,False,False,"['hike', 'makapuulighthouse', 'hawaii']",107,2,1237,4111,0.0013609349248364382,DS3,niche_only,morning,True
3610844683584984750,reel,85.266,84,Monday,21,14,4,2025,80091,3,False,False,"['tortugasninja', 'neca', 'toyfair2025']",160,0,776,1985,0.001997702641961744,DS3,niche_only,evening,False
3600370379103185665_9960786969,reel,60.233,132,Monday,10,31,3,2025,14683,2,False,False,"['bobyliecious', 'pastaandpancake']",195,43,4222,14001,0.01620811767910651,DS3,niche_only,morning,False
3403309928927562474,reel,16.201,48,Tuesday,13,2,7,2024,80091,3,True,False,"['sevengers', 'dubai🇦🇪', 'explore']",25636,113,170722,431963,0.3214927832992059,DS3,mixed,afternoon,False
3537433762649528681_395902063,reel,29.366,65,Friday,14,3,1,2025,1495775,0,True,False,[],5335,18,0,814341,0.0035787444109278395,DS3,none,afternoon,False
3597224214786595593_19237012,reel,89.0,70,Thursday,2,27,3,2025,74421,2,True,False,"['thepaperbunny', 'unboxing']",146,1,0,11962,0.0019752223804788906,DS3,niche_only,night,False
3588725558389934890_5487817927,reel,33.766,24,Saturday,9,15,3,2025,435531,0,False,False,[],84858,1560,226127,456332,0.19841940431472313,DS3,none,morning,True
3516895319017684015_4178462971,reel,42.2,665,Friday,6,6,12,2024,23088,5,True,False,"['illegalfishing', 'medan', 'selatmalaka', 'malaysia', 'jakartaglobe']",60,0,0,5546,0.002598640045043094,DS3,niche_only,morning,False
3622274969113173073_1378572125,reel,31.133,432,Wednesday,16,30,4,2025,23990,12,True,False,"['wheelalignment', 'alignment', 'align', 'chiropractor', 'spinealignment', 'honda', 'jdmclassic', 'jdm', 'luxurylifestyle', 'webusy', 'wedontstop', 'ivans_alignments']",213,25,2198,6365,0.009920386811721062,DS3,niche_only,afternoon,False
3537306960248456486_38500447958,reel,26.933,23,Friday,10,3,1,2025,7977,0,False,False,[],74,8,474,1330,0.010278265229380797,DS3,none,morning,False
3619952244692585317,reel,54.1,995,Sunday,11,27,4,2025,80091,0,True,False,[],1478,114,6090,16486,0.019877141287519353,DS3,none,morning,True
3626320879312850627_2056974044,reel,76.533,34,Tuesday,6,6,5,2025,757330,0,False,False,[],4280,0,0,268103,0.0056514258626677106,DS3,none,morning,False
3609851559706606867_1786057537,reel,14.7,215,Sunday,12,13,4,2025,13518,0,False,False,[],7,2,59,293,0.0006657297137362231,DS3,none,afternoon,True
3577144021766061200_69385876346,reel,25.566,439,Thursday,9,27,2,2025,917,0,False,False,[],70,1,0,6127,0.07734204793028322,DS3,none,morning,False
3543274463066452007_3273875580,reel,90.033,121,Saturday,16,11,1,2025,603812,9,False,False,"['motivation', 'reel', 'reelsinstagram', 'explore', 'fyp', 'challenge', 'funny', 'gym', 'workout']",34683,159,256785,710394,0.057703295556736936,DS3,mixed,afternoon,True
3489702969799421781_7544346222,reel,13.875,272,Tuesday,18,29,10,2024,1934754,5,True,False,"['exploretheunexplored', 'realmegt7pro,', 'gt7profirst8eliteflagship', 'darkhorseofai', 'amazonindia']",1780,25,10911,51209,0.0009329346609777466,DS3,niche_only,evening,False
3608627936922206852_3635507977,reel,7.7,67,Friday,20,11,4,2025,58042,3,True,False,"['hair', 'transformation', 'model']",311,41,0,7228,0.006064469445066589,DS3,niche_only,evening,False
3577754670927827858,reel,16.302,374,Friday,5,28,2,2025,80091,25,False,False,"['punjabiswag', 'punjabimedia', 'punjabian', 'punjabigabru', 'punjabimusic', 'punjab', 'punjabimodel', 'punjabisuit', 'punjabiwedding', 'punjabikudi', 'punjabisinger', 'punjabi_virsa', 'punjabiwebsite', 'punjabidance', 'punjabistatus', 'punjabisuits', 'punjabicelebrity', 'punjabi', 'punjabihit', 'punjabisongs', 'punjabisong', 'punjabijewellery', 'pollywood', 'pollywoodvideos', 'instantpollywood']",,0,2955,8273,,DS3,niche_only,night,False
3574429866204051567,reel,27.333,420,Sunday,15,23,2,2025,80091,30,True,False,"['roadies', 'roadiesdoublecross', 'doublecross', 'mtvroadies', 'princenarula', 'nehadhupia', 'elvishyadav', 'system', 'systummmmm❤️🔥', 'rannvijaysingha', 'explore', 'explorepage', 'explorepage✨', 'fyp', 'fypage', 'foryoupage', 'mtv', 'roadie', 'audition', 'roadiesauditions', 'puneauditions', 'roadiesxx', 'marathi', 'marathimulgi', 'tikhimirchi', 'ganpati_bappa_morya', 'bappamorya', 'ekmarathalakhmaratha', 'marathiporgi', 'kolhapur']",27596,94,343823,623307,0.3457274134745043,DS3,mixed,afternoon,True
3544497673901972923_3057599588,reel,22.6,304,Monday,8,13,1,2025,37594,7,False,False,"['harvestseason', 'festivalofcolors', 'festivevibes', 'nexusselectmalls', 'nexusahmedabadone', 'ao', 'ahmedabad']",11,0,169,1022,0.00029259210001329966,DS3,niche_only,morning,False
3526811513816481615_2023220515,reel,3.233,249,Thursday,22,19,12,2024,675966,0,True,False,[],198,3,4430,19052,0.00029735179380058495,DS3,none,evening,False
2747604138098399944,reel,29.0,328,Sunday,20,9,1,2022,80091,8,False,False,"['naturalhairtutorial', 'protectivestyles', 'curlycommunity', 'naturalhairtips', 'curlyhaircare', 'hairtips', 'hairstyles', 'naturalhairlove']",289,37,4276,10196,0.004070319132997054,DS3,niche_only,evening,True
3480788085443668727,reel,3531.808,0,Thursday,10,17,10,2024,80091,0,False,False,[],9,0,117,503,0.0001123707736103481,DS3,none,morning,False
3598945137221505853_6740481876,reel,15.0,666,Saturday,11,29,3,2025,579078,28,False,False,"['devmishraak47', 'devmishra', '🇮🇳👑💪', 'indianbodybuilder', 'fitnessmotivation', 'fitnessmodel', 'happytime', 'fitnessfreaks', 'fitnesslover', 'outdoorfitness', 'bodyweighttraining', 'fitbody', 'flexiblefitnessindia', 'healthiswealth', 'barbody', 'positivevibes', 'positivesoul', 'healthylifestyle', 'functionalfitness', 'powerlifting', 'pawerfull', 'bodybuilder', 'motivation', 'indianpower', 'foryou', 'instagram', 'foryoupage', 'supportsmallbusiness', 'supportme']",300524,1189,2133544,6584953,0.5210221748673325,DS3,mixed,morning,True
3606197894109521410,reel,145.7,278,Tuesday,11,8,4,2025,80091,0,False,False,[],181,1,1390,3881,0.0022723867552314836,DS3,none,morning,False
3453202706724614151_9022221787,reel,15.758,85,Monday,9,9,9,2024,926731,3,True,False,"['hitentejwani', 'funeral', 'vikassethi']",6748,26,0,587079,0.007309556592412909,DS3,niche_only,morning,False
3723657496725918580,reel,11.005,223,Wednesday,13,17,9,2025,80091,2,True,False,"['books', 'bookstagram']",4277,83,38726,101715,0.054437396993457524,DS3,niche_only,afternoon,False
3552775331280043456,reel,11.066,94,Friday,18,24,1,2025,80091,4,True,False,"['sportsdirectfootball', 'adidas', 'adidasfootball', 'footballboots']",,1,6198,19362,,DS3,niche_only,evening,False
3606618239002517985,reel,7.966,43,Wednesday,1,9,4,2025,80091,0,False,False,[],127,5,1447,6403,0.0016481046796184388,DS3,none,night,False
3477840839185814565,reel,8.084,86,Sunday,9,13,10,2024,80091,2,False,False,"['yugyeom_trusty_bkk_d2', 'ไปหายูคยอมที่อิมแพ็คอารีน่า', '2024trusty_in_bangkok']",82,2,335,1119,0.0010487938870299156,DS3,niche_only,morning,True
3551097576662441579_1695104037,reel,56.256,113,Wednesday,11,22,1,2025,1245878,2,True,False,"['reelsvideoシ', 'reelsviralシ']",253,1,16104,31853,0.0002038721256237564,DS3,niche_only,morning,False
3339296838598869075_3523917185,reel,38.7,426,Friday,5,5,4,2024,307022,8,False,False,"['sutharichori', 'haryanvisong', 'haryanvi', 'newharyanvisong', 'latestharyanvi', 'trending', 'viral', 'reels']",989,38,19546,70209,0.003345026268390316,DS3,mixed,night,False
3609555225087921843_392900975,reel,49.433,84,Sunday,2,13,4,2025,9209,0,False,False,[],144,9,524,1668,0.016612377850162865,DS3,none,night,True
3617084683879189581,reel,37.412,51,Wednesday,12,23,4,2025,80091,0,True,False,['솜버'],618,0,9786,82593,0.007716126454577236,DS3,niche_only,afternoon,False
3599803364892847046,reel,8.933,149,Sunday,15,30,3,2025,80091,9,True,False,"['sirinyerdövme', 'sanat', 'likeall', 'instagood', 'dövmeizmir', 'sirinyer', 'buca', 'izmirpiercing', 'izmirsirinyer']",295,45,32489,93036,0.004245118114168706,DS3,mixed,afternoon,True
3553108647609875301_21457025274,reel,30.833,422,Saturday,5,25,1,2025,103719,17,False,False,"['vijay', 'thalapathy', 'enuyiervijay', 'thalapathyvijay', 'goat', 'thalapathy68', 'thalapathy69', 'varisu', 'leo', 'thegreatestofalltime', 'tvk', 'tvkvijay', 'tamizhagavetrikazhagam', 'keralavijayfans', 'en_uyier_vijay', 'actorvijayteam', 'enuyiervijaymemes']",22778,52,50228,133179,0.22011183956806787,DS3,niche_only,night,True
3443049586606646988_209177402,reel,29.033,40,Monday,9,26,8,2024,210259,0,False,False,"['元野良猫', '元保護犬', '犬と猫のいる暮らし', 'ターとアグ']",21244,89,185315,424369,0.10146009702273376,DS3,niche_only,morning,False
3762594478998630654_6502057098,reel,59.285,262,Monday,6,10,11,2025,13150,10,False,False,"['healthforheroes', 'communitycare', 'bidhannagarpolice', 'servingthosewhoserveus', 'alliedhealthsciences', 'brainwareuniversity', 'brainware', 'university', 'bestuniversity', 'topuniversitiesinindia']",283,0,2369,8946,0.021519276100676756,DS3,niche_only,morning,False
3472700474361637774_4232147122,reel,117.1,226,Sunday,7,6,10,2024,87679,5,True,False,"['help', 'support', 'assistance', 'kindnessmatters', 'givingback']",2026,59,18022,165824,0.023779653284671534,DS3,niche_only,morning,True
3442873835554599450_4277672765,reel,55.396,29,Monday,3,26,8,2024,138896,0,False,False,[],165841,2500,0,3240263,1.2119844201098655,DS3,none,night,False
3414165601447626639_5711020993,reel,11.533,41,Wednesday,12,17,7,2024,999866,2,False,False,"['trending', 'reelitfeelit']",9966,814,53636,178866,0.010781433930712785,DS3,mixed,afternoon,False
3602572643339529786,reel,65.766,70,Thursday,11,3,4,2025,80091,2,False,False,"['guardiansvideo', 'fubonguardians', '富邦悍將', '魔力藍']",1644,2,4254,16118,0.020551365929181442,DS3,niche_only,morning,False
3470752131194629709,reel,20.12,237,Thursday,14,3,10,2024,80091,5,False,False,"['schoolfriendss2', 'amazonmxplayer!', 'schoolfriendss2webseries', 'schoolfriendss2onamazonmxplayer', 'grow2viral']",,10,11339,67352,,DS3,niche_only,afternoon,False
3772840289200391840_3270349835,reel,30.649,56,Monday,9,24,11,2025,11944,1,False,False,"['footer', '襪子', '不敢想', '不曾想', '挑戰', '襪搭洗襪footer']",61,0,1349,3564,0.005106739221431561,DS3,niche_only,morning,False
3518168748912219652_5320961231,reel,57.961,177,Sunday,0,8,12,2024,238614,8,True,False,"['message', 'gospel', 'jesuswords', 'shorts', 'jesusredeems', 'jrshorts', 'mohanclazarus', 'tamil']",8661,360,0,55628,0.03780567022190558,DS3,mixed,night,True
3625265340726293597_3198683148,reel,83.208,330,Sunday,19,4,5,2025,537966,4,True,False,"['ligabetplay', 'americadecali', 'ligabetplay', 'futbolcolombiano']",837,3,5655,15147,0.0015614340656583024,DS3,niche_only,evening,True
3464923028021400985,reel,46.72,224,Wednesday,13,25,9,2024,80091,5,True,False,"['gujarat', 'university', 'student', 'youth', 'police']",3430,1,62749,175410,0.04283823602856715,DS3,niche_only,afternoon,False
3761941664555530576_8016136866,reel,30.5,215,Sunday,8,9,11,2025,403386,10,True,False,"['chikirichikiri', 'ramcharan', 'megapowerstar', 'trendingréels', 'sanketians', 'foryou', 'fyp', 'explorepage', 'instagood', 'viralreels']",63875,293,396220,808689,0.15907304895794858,DS3,mixed,morning,True
3600625944027127355_4092246477,reel,30.566,166,Monday,19,31,3,2025,80987,3,False,False,"['drmartens', 'drmartenspartner', 'ad']",3,52,0,10520,0.0006791129550056798,DS3,niche_only,evening,False
3630251249387193235_2138276600,reel,56.3,40,Sunday,16,11,5,2025,103412,0,True,False,[],20683,212,27448,198053,0.2020539003800296,DS3,none,afternoon,True
3579474957027157344_8522460124,reel,160.433,0,Sunday,14,2,3,2025,335289,0,True,False,[],6155,409,0,161223,0.019577082525574874,DS3,none,afternoon,True
3580298739996670426_8969700012,reel,87.033,855,Monday,18,3,3,2025,318245,2,False,True,"['hungryroot', 'hungryrootpartner']",740,5,0,44687,0.0023409563670870963,DS3,niche_only,evening,False
3622116420764570931,reel,106.9,429,Wednesday,10,30,4,2025,80091,6,False,False,"['infokopo', 'kopo', 'kotabandung', 'kabbandung', 'bandung', 'jawabarat']",4556,250,42809,102717,0.060005993107925884,DS3,niche_only,morning,False
3602734045146350439,reel,20.833,452,Thursday,17,3,4,2025,80091,0,False,False,[],106,13,1188,3789,0.001485791339959047,DS3,none,afternoon,False
3617890916300949073_368280104,reel,72.0,112,Thursday,14,24,4,2025,119486,3,True,False,"['foryou', 'tiktok', 'fyp']",15,2,322,1284,0.00014227489182923664,DS3,broad_only,afternoon,False
3593250019756161325_1385139515,reel,90.033,504,Friday,16,21,3,2025,51029,0,True,False,[],363,7,0,411020,0.00725063688026651,DS3,none,afternoon,False
3631681544481037091,reel,19.978,517,Tuesday,15,13,5,2025,80091,3,False,False,"['fridays', 'riyadh', 'brunch', 'الرياض', 'برانش_الجمعة']",,5,555,117739,,DS3,niche_only,afternoon,False
3637098384071286004_1331406381,reel,44.904,149,Wednesday,2,21,5,2025,27464,0,False,False,[],44,2,121,4976,0.0016748589113417076,DS3,none,night,False
3616120840303908330,reel,13.9,0,Tuesday,4,22,4,2025,80091,0,False,False,[],7,0,77,310,8.73994905858263e-05,DS3,none,night,False
3520758551015731053_2603255208,reel,21.066,0,Wednesday,14,11,12,2024,121757,0,False,False,[],3,58,2655,9765,0.0005009937745363754,DS3,none,afternoon,False
3590981492639619475,reel,52.7,132,Tuesday,11,18,3,2025,80091,1,False,False,['thebassheaven'],48,0,186,616,0.0005993107925885232,DS3,niche_only,morning,False
3407251547687182459_21691388,reel,28.566,316,Monday,0,8,7,2024,2214,13,False,False,"['dollupbysuesaturday', 'wlyxsuesaturday', 'nikahlook', 'singaporebride', 'bridalmakeupsg', 'singaporemua', 'weddingglam', 'bridalbeauty', 'sgweddingmakeup', 'singaporebridal', 'makeupartistsg', 'bridalinspiration', 'weddingdayglow']",3,0,227,968,0.0013544018058690745,DS3,niche_only,night,False
3614241722829715418_202866342,reel,51.151,169,Saturday,14,19,4,2025,918875,0,True,False,"['кп_видео,']",6511,42,71941,235811,0.007131538967172937,DS3,niche_only,afternoon,True
3596856430948973399,reel,16.669,18,Wednesday,14,26,3,2025,80091,0,False,False,[],82,3,783,3137,0.0010612795285421764,DS3,none,afternoon,False
3631047835864415623,reel,17.9,60,Monday,18,12,5,2025,80091,0,False,False,[],1471,20,566,19969,0.018616091494781002,DS3,none,evening,False
3416186007795115106,reel,57.1,96,Saturday,7,20,7,2024,80091,4,False,False,"['eskulkul', 'makanlokal', 'andakenacuba', 'buwatjer']",379,9,14993,46723,0.004844428906757229,DS3,niche_only,morning,True
3465476269552040000,reel,57.933,62,Thursday,7,26,9,2024,80091,0,False,False,[],85,2,157,448,0.0010862508115666984,DS3,none,morning,False
3593180607993679192,reel,18.85,30,Friday,12,21,3,2025,80091,0,False,False,[],34964,88,138580,385970,0.4376467062877691,DS3,none,afternoon,False
3586935459240312480_3973489757,reel,32.6,192,Wednesday,21,12,3,2025,151832,17,True,False,"['hellcat', 'explorepage', 'cars', 'charger', 'mopar', 'carporn', 'cargirl', 'srt', 'moparornocar', 'scatpack', 'police', 'northcarolina', 'argument', 'carmeet', 'legalpit', 'funny', 'youtube']",3,26,19524,61608,0.00019099932162309908,DS3,mixed,evening,False
3619956432628997751,reel,110.0,169,Sunday,11,27,4,2025,80091,4,True,False,"['warangal', 'brsmeetinglive', 'kcrmeeting', 'zeetelugunews']",1016,4,12768,32213,0.012735354342506118,DS3,niche_only,morning,True
3714256228735608853,reel,14.2,1503,Thursday,14,4,9,2025,80091,17,False,False,"['kindnesskrew', 'magnesiummilk', 'sensitiveskin', 'milkrxserum', 'gifted', 'complimentary', 'beekmanambassador', 'giftedbybeekman1802', 'skincareroutine', 'skincare', 'microinfluencer', 'ugc', 'ugccontentcreator', 'ugccontent', 'lifestyle', 'beach', 'beachlife']",103,57,114,769,0.001997702641961744,DS3,niche_only,afternoon,False
3629973802785706053,reel,25.649,263,Sunday,6,11,5,2025,80091,3,True,False,"['pmmodi', 'drsjaishankar', 'rajnathsingh']",1116,48,24,19377,0.014533286720271687,DS3,niche_only,morning,True
3446818211263473060,reel,67.433,57,Saturday,14,31,8,2024,80091,0,False,False,[],5468,100,33820,90128,0.0695200519402687,DS3,none,afternoon,True
3625053212830527585,reel,105.466,263,Sunday,12,4,5,2025,80091,2,True,False,"['imwithcharleskeith', 'charleskeith_th']",38,0,1063,6878,0.0004744543774659142,DS3,niche_only,afternoon,True
3482086344514448903,reel,23.8,521,Saturday,5,19,10,2024,80091,14,False,False,"['pallavijaipur', 'fusionindian', 'luxurywear', 'fusionedit', 'sustainablefashion', 'homegrown', 'jaipurdesigner', 'celebrityfashion', 'jaipur', 'pallavijaipurpune', 'lehengaset', 'festivewear', 'designerwear', 'gotawork']",175,0,6226,15616,0.0021849872646456576,DS3,niche_only,night,True
2567184915297230190,reel,12.4,38,Wednesday,22,5,5,2021,80091,0,True,False,[],468277,1058,3234312,11393,5.85994855915697,DS3,none,evening,False
3764723633763774276_1570834738,reel,38.01,239,Thursday,5,13,11,2025,306631,8,True,False,"['muscletalks', 'sehatlebihkeren', 'musclefirst', 'edsaestella', 'dietjourney', 'dietpodcast', 'healthpodcast', 'healthylifestyle']",45,1,1519,5199,0.00015001695843878002,DS3,niche_only,night,False
3458245400082473924_13989926664,reel,240.566,238,Monday,8,16,9,2024,228803,8,True,False,"['ketakimategaokar', 'sawaniravindra', 'rahulsaxena', 'saurabhdaftardar', 'चाळीसगावचा_एकदंत', 'chalisgaon', 'गणपती_बाप्पा_मोरया', 'ganpatibappamorya', 'chalisgaon', 'ganeshfestival']",3764,10,22752,66554,0.01649446687994965,DS3,niche_only,morning,False
3492374103012028660_1078991914,reel,21.333,186,Saturday,10,2,11,2024,350635,2,True,False,"['astroseithigal', 'astroulagam']",77,0,713,3606,0.00021960095369557032,DS3,niche_only,morning,True
3561316958975320693_5961376805,reel,56.8,249,Wednesday,13,5,2,2025,4842,0,False,False,[],1174,18,5584,15646,0.24612843278959323,DS3,none,afternoon,False
3626470897372792291_1284654163,reel,64.466,167,Tuesday,11,6,5,2025,9662,0,True,False,[],543,44,161,8474,0.06074717996481424,DS3,none,morning,False
3599145837132800533,reel,212.1,153,Saturday,18,29,3,2025,80091,0,False,False,[],215,2,1282,3671,0.0027093842081606155,DS3,none,evening,True
3571970736888098279,reel,20.02,356,Thursday,6,20,2,2025,80091,3,True,False,"['lgai', 'affectionateintelligence', 'lifesgood']",2,0,76,394,2.49712830245218e-05,DS3,niche_only,morning,False
3578701456336822747,reel,63.966,296,Saturday,13,1,3,2025,80091,6,True,False,"['iqooneo10r', 'powertoplay!', 'iqooneo10r', 'iqooprivenight', 'powertoplay', 'amazonspecials']",29268,281,151374,1129578,0.3689382210457973,DS3,niche_only,afternoon,True
3504835045594872933_7973545616,reel,17.833,604,Tuesday,15,19,11,2024,19744,2,True,False,"['stopstubbleburning', 'protectenvironment']",31,0,392,1560,0.001570017726006584,DS3,niche_only,afternoon,False
3615522261417361554_3010447329,reel,37.4,102,Monday,8,21,4,2025,597979,1,True,False,['gethypd'],1047,155,40916,119343,0.0020101006722632866,DS3,niche_only,morning,False
3509507688914233298_3001313658,reel,31.4,687,Tuesday,1,26,11,2024,58815,0,True,False,[],1222,75,794,4585,0.022051822633297063,DS3,none,night,False
3613161889048976491,reel,12.7,0,Friday,2,18,4,2025,80091,0,False,False,[],4,40,228,150299,0.0005493682265394796,DS3,none,night,False
3617082312078202343_1540119275,reel,61.933,350,Wednesday,12,23,4,2025,5717,5,False,False,"['paróquiasantabárbara', 'santabárbaradoeste', 'históriaviva', 'patrimôniocultural', 'orgulhobarbarense']",752,23,7444,32859,0.13553690101434068,DS3,niche_only,afternoon,False
3459811790403524994,reel,35.133,816,Wednesday,12,18,9,2024,80091,10,False,False,"['rosemarywater', 'rosemarybenefits', 'healthyhairtips', 'diy', 'hairgrowthtips', 'hairlosstreatment', 'hairgrowthoil', 'ayurveda', 'hairfall', 'haircare']",184,16,302,1527,0.00249712830245218,DS3,niche_only,afternoon,False
3622099786385164798,reel,29.125,20,Wednesday,11,30,4,2025,80091,0,False,False,['гедонистканамиллион'],7,0,280,547,8.73994905858263e-05,DS3,niche_only,morning,False
3617043980600220360_46352790430,reel,78.266,337,Wednesday,10,23,4,2025,377,0,False,False,[],13,0,152,585,0.03439153439153439,DS3,none,morning,False
3796793825999132558_61807074076,reel,10.68,61,Saturday,10,27,12,2025,47738,2,False,False,"['fyp', 'klaten']",333,2,3387,8001,0.007017323362449988,DS3,mixed,morning,True
3513317252278035028,reel,8.433,246,Sunday,8,1,12,2024,80091,21,False,False,"['instadaily', 'love', 'reelsinstagram', 'instagood', 'instagram', 'reels', 'instalike', 'reelkarofeelkaro', 'insta', 'reelsvideo', 'trending', 'trend', 'trendingreels', 'viralreels', 'viralvideos', 'viral', 'delhiclubs', 'party', 'beautiful', 'showoff', 'money']",99,4,2081,4814,0.0012860210757628728,DS3,mixed,morning,True
3484519693069136829_496541888,reel,51.366,242,Tuesday,14,22,10,2024,29446,2,False,False,"['liputan6sctv', 'journalistonduty']",1056,48,0,27755,0.037491085679356134,DS3,niche_only,afternoon,False
3413228427235759231,reel,38.433,126,Tuesday,5,16,7,2024,80091,6,False,False,"['reelsdance', 'reeltrends', 'classical', 'instagood', 'instagood', 'reeldance']",11444,205,110498,246329,0.14544523797632722,DS3,mixed,night,False
3634035966323507456,reel,29.566,195,Friday,21,16,5,2025,80091,0,True,False,[],231,5,1302,22630,0.0029466113968935723,DS3,none,evening,False
3612371073423214185,reel,21.366,341,Thursday,0,17,4,2025,80091,1,False,False,"['베베로운', '베베로운베이비룸', '베이비룸', '안전가드', '아기가사는집', '육아추천템', '7개월아기', '아기있는집거실']",,15,280,1145,,DS3,niche_only,night,False
3427054126383842730,reel,30.0,0,Sunday,7,4,8,2024,80091,0,False,False,[],58,6,513,2056,0.0007990810567846976,DS3,none,morning,True
3624331972110319097,reel,12.0,459,Saturday,12,3,5,2025,80091,15,False,False,"['jaquetafeminina', 'jaquetacaramelo', 'modafeminina', 'lookdodia', 'outonoinverno', 'estilocomfy', 'peçacoringa', 'tendência2025', 'modaatacado', 'varejofashion', 'lookchic', 'inspiraçãofashion', 'jaquetaestilosa', 'jaquetadefrio', 'lookcasual']",26,1,332,2110,0.0003371123208310443,DS3,niche_only,afternoon,True
3485753610305532288_1705673655,reel,6.666,482,Thursday,7,24,10,2024,194848,0,True,False,['제주살이'],1441,19,33894,109168,0.007492981744838311,DS3,niche_only,morning,False
3469143467398383861_2205076166,reel,22.1,195,Tuesday,9,1,10,2024,103404,17,False,False,"['bong', 'bengali', 'bengal', 'transition', 'durgapuja', 'durgamaa', 'navratri', 'navratrispecial', 'explorepage', 'viral', 'trendingreels', 'swatimandal', 'trend', 'love', 'style', 'fashion', 'explorepage']",809,25,7576,21650,0.00806537401479619,DS3,mixed,morning,False
3602695318140023555,reel,13.833,4,Thursday,15,3,4,2025,80091,0,False,False,[],137216,332,703379,2188268,1.7173750187284622,DS3,none,afternoon,False
3612512269784395593,reel,4.0,0,Thursday,4,17,4,2025,80091,0,True,False,[],655,86,18522,76776,0.009251860360585326,DS3,none,night,False
3607016746921628155,reel,23.2,336,Wednesday,14,9,4,2025,80091,2,True,False,"['차홍룸이소은', '차홍룸용산점이소은', '차홍룸용산점', '단발', '단발레이어드컷', '차홍룸', '단발스타일', '퍼스널컬러', '퍼스널헤어', '용산미용실', '용산', '단발매직', '차홍룸용산', '레이어드펌', 'layered', 'koreasalon', '애쉬브라운']",436,0,174,3552,0.005443739699345753,DS3,niche_only,afternoon,False
3412457223883392122,reel,129.199,322,Monday,4,15,7,2024,80091,5,True,False,"['bangsalisolasi', 'kimberlyryder', 'mediavisit', 'filmthriller', 'antaranewscom']",111,5,86400,576796,0.0014483344154222644,DS3,niche_only,night,False
3585989286122707277_2035212689,reel,19.232,331,Tuesday,14,11,3,2025,26267,10,False,False,"['cagliari', 'elisabettafranchi', 'rbdonna', 'newcollection', 'fashionstyle', 'bagelisabettafranchi', 'newcollectionelisabettafranchi', 'grwm', 'palazzodoglio', 'relish']",18,0,308,2737,0.0006852444038373687,DS3,niche_only,afternoon,False
3491848303851629429,reel,25.74,35,Friday,17,1,11,2024,80091,0,True,False,[],57,0,4929,10062,0.0007116815661988713,DS3,none,afternoon,False
3600491876723344805_243873482,reel,99.366,759,Monday,14,31,3,2025,113617,0,True,False,[],427,2,3693,15005,0.0037758101709236213,DS3,none,afternoon,False
3634647611090109148_184807801,reel,14.6,34,Saturday,17,17,5,2025,1047082,0,True,False,[],3423,33,557,91954,0.0033005979468676313,DS3,none,afternoon,True
3575681525924174716_2342513721,reel,2.233,291,Tuesday,9,25,2,2025,143077,30,False,False,"['hamburg', 'münchen', 'köln', 'frankfurt', 'sttutgart', 'düsseldorf', 'essen', 'leipzig', 'bremen', 'dresden', 'hannover', 'nürnberg', 'duisburg', 'bochum', 'wuppertal', 'bielefeld', 'bonn', 'münster', 'karlsruhe', 'mannheim', 'augsburg', 'wiesbaden', 'gelsenkirchen', 'braunschweig', 'kiel', 'chemnitz', 'aachen', 'magdeburg', 'oberhausen', 'erfurt']",99,1,4771,21776,0.0006989194704986091,DS3,niche_only,morning,False
3548230799667617824,reel,30.8,484,Saturday,12,18,1,2025,80091,6,True,False,"['พิษเบ๊บ', 'bjouting', 'ช่องวัน31', 'gmm25', 'bjouting', 'pitbabetheseries', 'pitbabe', 'พิษเบ๊บ', 'change2561']",1617,26,3844,17283,0.02051390900464466,DS3,niche_only,afternoon,True
3627946079113134478_8653171572,reel,32.666,507,Thursday,11,8,5,2025,26171,10,False,False,"['yogyagroup', 'sumbersarijunction', 'infoyogyagroup', 'belanjahemat', 'hanyadiyogya', 'diskon', 'promo', 'shopping', 'green', 'belanjabulanan']",14,1,22,1505,0.0005731315910132966,DS3,niche_only,morning,False
3586896674728780188_13100528906,reel,12.7,286,Wednesday,20,12,3,2025,124558,4,True,False,"['looks', 'moda', 'parisfashionweek', 'tnestilo']",19,0,287,2350,0.0001525381546094622,DS3,niche_only,evening,False
3510663061021895449_35268679,reel,13.966,1884,Wednesday,16,27,11,2024,364402,8,True,False,"['vegan', 'plantbased', 'asmrfood', 'veganfood', 'veganrecipes', 'easyrecipes', 'salad', 'healthyrecipes']",4325,97,0,175275,0.012134916562157832,DS3,niche_only,afternoon,False
3587379029327408438,reel,25.525,88,Thursday,12,13,3,2025,80091,0,True,False,[],172,4,2803,18022,0.0021974729061579185,DS3,none,afternoon,False
3604548035315303985,reel,44.333,97,Sunday,5,6,4,2025,80091,0,False,False,"['我是青青', '觀音菩薩', '渡化法會']",164,1,2300,6699,0.0020601308495230486,DS3,niche_only,night,True
3614549954271370594_258541351,reel,50.8,378,Sunday,0,20,4,2025,352156,10,True,False,"['japantrip', 'familychallenge', '7elevenjapan', 'japanwithkids', 'japaneseconveniencestore', 'budgettravel', 'tokyofood', 'allstarsteven', 'thingsinjapanthatmakesense', 'familytime']",5441,138,72862,181016,0.015842365762997752,DS3,niche_only,night,True
3474222066553068356,reel,15.0,9,Tuesday,9,8,10,2024,80091,0,False,False,[],22,1,47,223,0.0002871697547820007,DS3,none,morning,False
3601799413229102422,reel,32.566,65,Wednesday,10,2,4,2025,80091,0,False,False,['🫂#'],62,8,1392,5459,0.000873994905858263,DS3,niche_only,morning,False
3770109246903023835_3079774355,reel,50.2,274,Thursday,15,20,11,2025,483624,2,True,False,"['k18hair', 'k18results']",187,20,0,25244,0.00042801757560093046,DS3,niche_only,afternoon,False
3604200044347306796_3146186172,reel,5.94,0,Saturday,17,5,4,2025,60857,0,False,False,[],20,0,47,443,0.0003286338690065398,DS3,none,afternoon,True
3393422749116059174_7650903456,reel,74.033,0,Tuesday,21,18,6,2024,666,0,False,False,[],13,2,54,222,0.022488755622188907,DS3,none,evening,False
3785744475365331798_2078684231,reel,10.03,132,Friday,5,12,12,2025,3039342,4,True,False,"['zeemarathi', 'aamhisarekhavayye', 'promo', 'zm']",792,1,51410,197659,0.000260911650971937,DS3,niche_only,night,False
3470758804902728145_7597233111,reel,23.4,40,Thursday,14,3,10,2024,474,0,False,False,[],3588,22,39258,99697,7.6,DS3,none,afternoon,False
3374961611033760088_15291759,reel,33.732,274,Friday,10,24,5,2024,54377,7,True,False,"['fyp', 'fypシ', 'relatable', 'arisantrans7', 'mamacuan', 'mamaceria', 'newjeans']",204,27,21728,65249,0.004248041487366214,DS3,mixed,morning,False
3585329834626121857,reel,27.6,131,Monday,16,10,3,2025,80091,1,False,False,['ouroadfminusa_d2'],44,1,136,367,0.0005618538680517405,DS3,niche_only,afternoon,False
3455125958678169357_2116041591,reel,22.8,356,Thursday,1,12,9,2024,54918,30,False,True,"['torontofood', 'toronto', 'torontoeats', 'torontofoodie', 'torontolife', 'blogto', 'ix', 'tastetoronto', 'foodporn', 'foodie', 'food', 'torontofoodies', 'yyzeats', 'foodstagram', 'foodphotography', 'torontoblogger', 'instafood', 'tastethesix', 'cravethe', 'torontorestaurants', 'foodblogger', 'canada', 'the', 'yummy', 'tofoodies', 'yyz', 'toreats', 'toeats', 'foodtoronto', 'insta']",553,79,745,12542,0.011507857025801635,DS3,niche_only,night,False
3494245877215330142,reel,9.7,394,Tuesday,0,5,11,2024,80091,1,False,False,"['도쿄혜원', 'tokyo']",112,8,4007,10564,0.001498276981471308,DS3,niche_only,night,False
3585030562286695705,reel,48.633,18,Monday,6,10,3,2025,80091,0,True,False,[],13,2,313,864,0.0001872846226839135,DS3,none,morning,False
3600231345081483839_3089923105,reel,57.433,545,Monday,6,31,3,2025,277731,6,True,False,"['gibranrakabumingraka', 'wapresgibran', 'idulfitri', 'salatidulfitri', 'lebaran', 'wakilpresiden']",60,0,1782,4272,0.0002160356026673196,DS3,niche_only,morning,False
3237391959281798866_335364845,reel,11.833,96,Thursday,15,16,11,2023,36369,4,False,False,"['travelgram', 'lategram', 'contentcreator', 'toranimakana']",5049,32,109640,254045,0.13970305196590596,DS3,niche_only,afternoon,False
3626623344314942490,reel,85.28,168,Tuesday,16,6,5,2025,80091,0,True,False,[],233,1,63,20020,0.0029216401138690506,DS3,none,afternoon,False
3520430354294796895,reel,30.0,108,Wednesday,3,11,12,2024,80091,6,False,False,"['viralvideo', 'trendingaudio', 'hindisongs', 'viewforview', 'viralvideo', 'harshrawat1212❤️😍']",1232,35,5000,17183,0.01581930779603456,DS3,niche_only,night,False
3626759896446000380,reel,64.733,486,Tuesday,20,6,5,2025,80091,5,True,False,"['oftalmologia', 'saúdeocular', 'itapipoca', 'coiitapipoca', 'visãocomqualidade']",324,32,4232,156204,0.00444488837836488,DS3,niche_only,evening,False
3744837666320697345,reel,18.24,35,Thursday,18,16,10,2025,80091,0,False,False,[],513,1,48374,92970,0.0064176197373021025,DS3,none,evening,False
3628188405268678858,reel,10.7,178,Thursday,19,8,5,2025,80091,6,False,False,"['antalya', 'hafız', 'hafızlık', 'kurân', 'hafızlıktöreni', 'hafızlıkmerasimi']",130,6,476,4753,0.0016980472456674823,DS3,niche_only,evening,False
3613979327994502359,reel,25.5,265,Saturday,5,19,4,2025,80091,4,False,False,"['breakingnews', 'news', 'viralnews', 'viral']",91,0,2556,6213,0.0011361933776157418,DS3,mixed,night,True
3576854925403628119_193701242,reel,15.033,159,Thursday,0,27,2,2025,159943,7,True,False,"['oppositesattract', 'couple', 'husbandandwife', 'marriage', 'heightdifference', 'relationships', 'couplecomedy']",1207,26,36678,113375,0.007708948131846146,DS3,niche_only,night,False
3616031060983440079_1318002152,reel,43.5,117,Tuesday,1,22,4,2025,331838,0,True,False,[],2252,53,13568,48523,0.006946139543573842,DS3,none,night,False
3800474662900334768_1433767402,reel,28.245,149,Thursday,12,1,1,2026,390356,3,True,False,"['lesserarfim', 'kpopchart', 'kc_br']",7632,111,44533,93096,0.01983568886941953,DS3,niche_only,afternoon,False
3507050768694273062_53240155,reel,15.533,971,Friday,16,22,11,2024,66923,4,False,False,"['hungryintaipei', 'hungryintaipei_hotpot', 'hungryintaipei_orange', 'shabushabu', '火鍋']",501,14,9239,26038,0.007695296156834618,DS3,niche_only,afternoon,False
3685343685638811867_187390155,reel,111.933,144,Saturday,16,26,7,2025,69957,6,True,False,"['ozzy', 'ozzyosbourne', 'alicecooper', 'judaspriest', 'ironmaiden', 'rollingstones']",3253,236,0,35705,0.04987278081134395,DS3,niche_only,afternoon,True
3621980992736981216_19442757328,reel,13.633,438,Wednesday,6,30,4,2025,14939,20,False,False,"['nasikulit', 'nasikulitmakjudes', 'nasikotakmakjudes', 'nasikotakjakarta', 'nasikulitjakarta', 'nasikotakbekasi', 'nasikulitbekasi', 'jktfoodbang', 'cateringjkt', 'grabfood', 'gofood', 'shopeefood', 'kontenkreator', 'konten', 'kontenlucu', 'lucu', 'funnyvideos', 'kesenjangansosial', 'relate', 'fypppppppppppppppppppppppppppppppppppppppppppppppppppppppppppppppppppppp']",39,0,0,987,0.0026104417670682733,DS3,niche_only,morning,False
3780277893999050454_200781429,reel,89.9,980,Thursday,16,4,12,2025,409147,2,True,False,"['majalahnona', 'masjidhabib']",6717,146,62681,114910,0.016773881333893848,DS3,niche_only,afternoon,False
3537687643452975260_3314342566,reel,49.666,515,Friday,23,3,1,2025,55960,6,False,False,"['kabarjambi', 'infojambi', 'jambilagi', 'jambigemilang', 'beritajambi', 'batubara']",57,0,0,3922,0.0010185665016708065,DS3,niche_only,evening,False
3578227959028790025,reel,17.733,186,Friday,21,28,2,2025,80091,10,True,False,"['adamrosscustom', 'baseball', 'houstonastros', 'mensfashion', 'gameday', 'homerun', 'sports', 'style', 'houston', 'htown']",268,2,1244,5956,0.003371123208310443,DS3,niche_only,evening,False
3762658208050766383_48413985760,reel,84.366,144,Monday,8,10,11,2025,381426,10,True,False,"['surat', 'viral', 'ahmedabad', 'gujarat', 'instagood', 'viralvideos', 'reels', 'viralreels', 'property', 'mumbai']",196,25,0,25164,0.0005794031361177893,DS3,mixed,morning,False
3574538269441958147,reel,26.233,121,Sunday,19,23,2,2025,80091,3,False,False,"['familia', 'juego', 'tiempoenfamilia']",2398,54,44038,125917,0.030614792988063726,DS3,niche_only,evening,True
3704258375078042026,reel,13.333,251,Thursday,18,21,8,2025,80091,11,False,False,"['fyp', 'fypシ', 'trendingaudío', 'viralreels', 'aesthetic', 'foryou', 'explorepage', 'pypppppppppppppppppppppppppppppppppppppppppppppppppppppppppppppppppppppppppppppppppppppppppppppppppppppp', 'meeshohaul', 'savana', 'myntra']",,1679,107994,230288,,DS3,mixed,evening,False
3539542962130556321_34701659016,reel,19.4,249,Monday,12,6,1,2025,618309,0,False,False,[],197,4,27142,91695,0.0003250796526014459,DS3,none,afternoon,False
3562412924820848050_7038992923,reel,34.0,82,Friday,1,7,2,2025,403915,1,True,False,['southerncharm'],519,13,0,57124,0.001317105536794779,DS3,niche_only,night,False
3599691450148940619_18184203674,reel,27.733,466,Sunday,12,30,3,2025,272335,19,False,False,"['sangeetnight', 'sangeetdance', 'choreography', 'dance', 'dancer', 'dancereels', 'bollywood', 'sangeet', 'sangeetchoreography', 'preformance', 'weddingdance', 'dancevideo', 'danceoftalent', 'weddingblog', 'weddingnight', 'weddingseason', 'weddingchoreography', 'sangeetchoreography', 'sangeetperformance']",190,0,4916,15073,0.0006976675870982904,DS3,niche_only,afternoon,True
3601934714050497757,reel,13.933,414,Wednesday,14,2,4,2025,80091,13,False,False,"['janiraider', 'lapalette', 'frenchrestaurant', 'iconicrestaurant', 'saintgermaindespres', 'spotlit', 'spotlitapp', 'pariscityguide', 'exploreparis', 'visitparis', 'parisfashionweek', 'pfw', 'bestrestaurantparis']",,0,2337,6069,,DS3,niche_only,afternoon,False
3610216288113108068_3108789246,reel,17.766,0,Monday,0,14,4,2025,46955,0,False,False,[],133,42,228,823,0.0037268932617769827,DS3,none,night,False
3779536775179139307_547721319,reel,57.32,250,Wednesday,15,3,12,2025,466643,5,False,False,"['ad', 'bridesmaidreadywithserum', 'vitamincplusserum', 'skincare', 'garnier']",25705,216,577682,1680274,0.05554769803104722,DS3,niche_only,afternoon,False
3628916380507107720,reel,44.0,230,Friday,19,9,5,2025,80091,0,False,False,[],84,6,83,2516,0.001123707736103481,DS3,none,evening,False
3444455029250372612,reel,90.0,344,Wednesday,7,28,8,2024,80091,8,True,False,"['bangalorediaries', 'vloglife', 'comingsoon', 'staytuned', 'lifestyleblogger', 'bangalorebuzz', 'adventureawaits', 'nkneverstops']",22285,133,349120,724580,0.27990311142186486,DS3,niche_only,morning,False
3489546962247130437,reel,39.2,1208,Tuesday,12,29,10,2024,80091,8,False,False,"['somtam', 'thaifood', 'thaisalad', 'thaipapayasalad', 'rawpapayasalad', 'vietnamesefood', 'vietnameserolls', 'ricepaperrolls']",172,19,1100,3505,0.002384757528841832,DS3,niche_only,afternoon,False
3609861793857636298,reel,204.833,1933,Sunday,12,13,4,2025,80091,6,True,False,"['domingoderamos', 'semanasanta', 'caminodefe', 'solidaridad', 'poesíaycompasión', 'monesterio']",84,0,809,2811,0.0010487938870299156,DS3,niche_only,afternoon,True
3420582040821485947_3433591585,reel,59.8,454,Friday,9,26,7,2024,232406,7,False,False,"['adalahinfo', 'adalahkabbandung', 'akb', 'kabupatenbandung', 'bandung', 'kabbandung', 'indonesiafollow']",1746,14,42831,89069,0.00757292164177499,DS3,niche_only,morning,False
3630198816184531541_5562532961,reel,32.2,169,Sunday,14,11,5,2025,84993,0,True,False,[],1824,65,282,59647,0.022225098242228864,DS3,none,afternoon,True
3469169609154095322,reel,25.806,911,Tuesday,10,1,10,2024,80091,5,False,False,"['kunsthal', 'kunsthalrotterdam', 'diva', 'divadelivery', 'envyperu']",665,38,6629,33033,0.008777405983119413,DS3,niche_only,morning,False
3424449771571772181,reel,23.266,185,Wednesday,17,31,7,2024,80091,8,False,False,"['akshaydesaiad', 'travel', 'maharashtra', 'goa', 'kokan', 'travelvlog', 'nightdrive', 'haunted']",97,13,1767,15064,0.001373420566348699,DS3,niche_only,afternoon,False
3612949788305702505_422085785,reel,88.766,291,Thursday,19,17,4,2025,10110,8,False,False,"['homeofficelook', 'maquillajerapido', 'bissulovers', 'maybellinemexico', 'nyxcosmeticsmx', 'getreadywithme', 'beautyreels', 'reeldemaquillaje']",121,0,118,615,0.011967164474334883,DS3,niche_only,evening,False
3626692588351258279_40772440,reel,73.998,1183,Tuesday,18,6,5,2025,160367,2,True,False,"['sleeptraining', 'sleeptrainingsuccess']",3,71,3565,132807,0.00046143869101067543,DS3,niche_only,evening,False
3478539163668422853,reel,90.033,414,Monday,8,14,10,2024,80091,0,True,False,[],621,406,18103,51460,0.012822753833091944,DS3,none,morning,False
3606015470325251398,reel,4.0,403,Tuesday,5,8,4,2025,80091,0,False,False,"['شرطة_دبي', 'غادة_المرشدي', 'الذكاء_العاطفي', 'جلسة_حوارية', 'تطوير_الذات', 'قيادة_فعالة']",3,0,61,272,3.74569245367827e-05,DS3,niche_only,night,False
3584332820690742994_1256796413,reel,3.633,177,Sunday,7,9,3,2025,98007,0,False,False,"['торт', 'тортназаказ', 'заказатьторт', 'купитьторт', 'ламбет', 'тортнаденьнароджения', 'тортмосква', 'тортмск', 'сникерс', 'тортсердце', 'тортдлядевушки', 'тортдлялюбимой']",312,0,350,2249,0.0031834135988898864,DS3,niche_only,morning,True
3626585329687935373_1061294668,reel,34.8,0,Tuesday,14,6,5,2025,439201,0,False,False,[],8,0,0,2028,1.821485330212522e-05,DS3,none,afternoon,False
3615850778790744214,reel,18.751,55,Monday,19,21,4,2025,80091,0,False,False,[],166,115,531,1910,0.0035084652649453128,DS3,none,evening,False
2601547426496090142_1166630919,reel,58.333,111,Tuesday,7,22,6,2021,348864,3,True,False,"['pblv', 'plusbellelavie', 'cesoir']",3946,95,53208,11393,0.011583277198916487,DS3,niche_only,morning,False
3428794719006814176,reel,38.7,0,Tuesday,17,6,8,2024,80091,0,False,False,[],29,0,159,746,0.0003620836038555661,DS3,none,afternoon,False
3607282227946082186_48926188105,reel,35.433,18,Wednesday,23,9,4,2025,3069,0,False,False,[],34,1,0,1236,0.011400651465798045,DS3,none,evening,False
2504071763871152250_226938209,reel,190.6,177,Sunday,20,7,2,2021,1171001,1,True,False,['zoneinterdite'],4318,302,156993,11393,0.003945339119830709,DS3,niche_only,evening,True
2632418239783454720,reel,28.1,494,Tuesday,22,3,8,2021,80091,5,False,False,"['тейпирование', 'тейп', 'кинезиотейпирование', 'массаж', 'спорт', 'медицина', 'боль', 'здоровье', 'эстетика', 'коррекция', 'реабилитация', 'терапия', 'противоотечнаятерапия', 'терапияболи', 'мфбс', 'живибезболи', 'трапеция', 'мышцы', 'тейпированиешеи', 'кинезиотейп', 'здоровыйдух', 'здоровоетело', 'здороваяспина', 'тейпкомсомольскнаамуре', 'kms27', 'komsomolsk', 'kms', 'taping', 'tape']",4,1,85,11393,6.24282075613045e-05,DS3,niche_only,evening,False
3706974215952705899_75482766701,reel,58.1,210,Monday,12,25,8,2025,24,6,False,False,"['accessories', 'jewellery', 'shortshorts', 'collaboration', 'collab', 'collaboration']",3,3,385,1730,0.24,DS3,niche_only,afternoon,False
3731645405231686326_206288808,reel,28.616,309,Sunday,12,28,9,2025,14774,15,True,False,"['engaged', 'engagementring', 'shesaidyes', 'proposalgoals', 'engagementinspo', 'foreverstartsnow', 'iloveus', 'diamondsareforever', 'engagementseason', 'ringgoals', 'bridalstyle', 'futuremrs', 'proposalideas', 'engagementringsdaily', 'couplegoals']",3,0,1293,3525,0.0002030456852791878,DS3,niche_only,afternoon,True
3466404909588581307_195080159,reel,22.0,527,Friday,14,27,9,2024,640970,4,True,False,"['titanwatches', 'titanwatchesindia', 'titanstellar', 'exploretheunexplored']",9970,2,11842,103829,0.015557646133756441,DS3,niche_only,afternoon,False
3675776193128219260_238916402,reel,14.866,231,Sunday,11,13,7,2025,3266,8,False,False,"['glowup', 'makeuponpoint', 'glowinglook', 'styleandslay', 'flawlessfinish', 'makeupmagic', 'ootdglow', 'slayeveryday']",9,0,77,267,0.0027548209366391185,DS3,niche_only,morning,True
3410319194598265629_7575782029,reel,56.266,202,Friday,5,12,7,2024,322321,9,True,False,"['kimkardashian', 'anantambaniwedding', 'radhikamerchant', 'mukeshambani', 'nitaambani', 'mumbai', 'fbreels', 'ambaniwedding', 'arweddingcelebrations']",10,1,0,1169,3.4127363319909904e-05,DS3,niche_only,night,False
3583536859872391731,reel,14.166,42,Saturday,5,8,3,2025,80091,1,False,False,['himaya_wickramasinghe_'],19,1,240,1554,0.000249712830245218,DS3,niche_only,night,True
3489529878590925366_1566443400,reel,7.033,382,Tuesday,12,29,10,2024,12149,28,False,False,"['outfitinspo', 'discoverunder20k', 'pinterestinspired', 'ootd', 'reels', 'clothingstyle', 'besheinmodels', 'ootdinspo', 'fitspo', 'pinterest', 'fashionstyle', 'igreels', 'outfitreels', 'fitreels', 'reelitfeelit', 'pinterest', 'cutefit', 'casualoutfit', 'outfitinspiration', 'outfitoftheday', 'ootdstyle', 'ootdfashion', 'fashionstyle', 'fashion', 'cuteootd', 'pov', 'positive', 'optimism']",3,4,765,2861,0.0005761316872427984,DS3,mixed,afternoon,False
3484338997872218003_4771013472,reel,187.32,243,Tuesday,8,22,10,2024,4374773,8,True,False,"['polimer', 'polimernews', 'namakkal', 'collegebus', 'students', 'flood', 'rainwater', 'subway']",16436,26,193818,560721,0.003762937239729412,DS3,niche_only,morning,False
3616541613746518667,reel,22.933,244,Tuesday,18,22,4,2025,80091,0,True,False,[],50,1,676,3537,0.0006367677171253059,DS3,none,evening,False
3525239772355101265,reel,42.125,335,Tuesday,18,17,12,2024,80091,4,False,False,"['tonight', '베이직안무', '안무영상', '릴스댄스', '춤스타그램', '춤', '댄스', 'dancechallenge', 'urbanplaydanceacademy', 'choreography']",92,0,1270,9723,0.0011486790191280029,DS3,niche_only,evening,False
3586477442929762156_259236465,reel,27.266,44,Wednesday,6,12,3,2025,54267,1,False,False,['thaikoon'],3959,49,15915,97974,0.07385567922164074,DS3,niche_only,morning,False
3596201629141208684,reel,5.333,293,Tuesday,16,25,3,2025,80091,19,False,False,"['milestartires', 'tires', 'newtires', 'performancetires', 'ms932sport', 'honda', 's2000', 'hondas2000', 's2k', 'jdm', 'tuner', 'carculture', 's2knation', 'vtec', 'hondaroadster', 'modifiedhonda', 'jdmnation', 'hondalegends', 'builtnotbought']",64,1,297,2862,0.0008115666982969585,DS3,niche_only,afternoon,False
3778693196298752521_1152289859,reel,19.936,368,Tuesday,11,2,12,2025,9918,0,False,False,"['책눈사람', '책눈사람만들기', '연말홈데코', '크리스마스인테리어', '크리스마스장식', '크리스마스데코', '크리스마스준비', '크리스마스소품', '눈사람만들기']",3,28,134,550,0.0031253150519205564,DS3,niche_only,morning,False
3631413346071549346,reel,7.5,103,Tuesday,6,13,5,2025,80091,0,False,False,"['دامن_بلند', 'دامن_عروسکی', 'دامن_مجلسی', 'دامن_ساتن']",48,11,795,4730,0.0007366528492233931,DS3,niche_only,morning,False
3544557831817500861,reel,55.533,254,Monday,10,13,1,2025,80091,11,False,False,"['visionias', 'csatprep', 'csatstrategy', 'upsccsat', 'earlypreparation', 'consistenteffort', 'csatsuccess', 'upscexam', 'csattips', 'csatpreparation', 'upscjourney']",218,1,1857,9637,0.002734355491185137,DS3,niche_only,morning,False
3497826489285057306,reel,49.4,983,Saturday,23,9,11,2024,80091,4,False,False,"['historyisviolent', 'revolver', 'rapiddragon', 'bombtruck']",3915,91,26270,68598,0.05001747989811717,DS3,niche_only,evening,True
3754253053310680755,reel,7.012,37,Wednesday,18,29,10,2025,80091,0,True,False,[],408,4,6072,31308,0.005144084303051491,DS3,none,evening,False
3701939567139063978_3729967569,reel,54.433,901,Monday,14,18,8,2025,2369,30,False,False,"['beautyinfluencer', 'ltkbeauty', 'ltkmakeup', 'makeuplover', 'sephorahaul', 'makeuptutorial', 'softglam', 'luxurymakeup', 'makeupinspo', 'glowyskin', 'makeupgoals', 'makeupartistlife', 'bridalmakeupartist', 'boisemakeupartist', 'idahomakeupartist', 'treasurevalleymakeup', 'travelingmakeupartist', 'destinationmakeupartist', 'weddingmakeupartist', 'idahobride', 'boisebride', 'bridalbeauty', 'bridalglam', 'makeupartistonthego', 'idahowedding', 'luxurybridalbeauty', 'travelingbridalmakeup', 'makeupaddict', 'makeuploversunite', 'makeupcommunity']",3,4,0,933,0.002953586497890295,DS3,niche_only,afternoon,False
3582503954772496207,reel,8.6,456,Thursday,19,6,3,2025,80091,30,False,False,"['eargasm', 'eargasmearfluencer', 'eargasmearplugs', 'metalhead', 'deathmetal', 'metalmusic', 'brutaldeathmetal', 'blackmetal', 'battlevest', 'thrashmetal', 'fyp', 'heavymusic', 'numetal', 'metal', 'hxc', 'metalcommunity', 'heavymetal', 'metalcore', 'deathcore', 'hardcore', 'heavymusic', 'doommetal', 'metalshow', 'concert', 'metalconcert', 'metalmerch', 'bandmerch', 'festivalseason', 'festival', 'haters']",77,13,846,3952,0.001123707736103481,DS3,mixed,evening,False
3538307819156474535,reel,34.6,659,Saturday,19,4,1,2025,80091,2,True,True,"['スープドルチェ', 'スーププロテイン', 'プロテインスープ', '腸活', 'mctオイル', 'コラーゲン', 'mugen', 'トマトスープ', '塩麹', 'ダイエット', '美肌', '完全食']",,0,111,564,,DS3,niche_only,evening,True
3606868596166729127,reel,44.833,49,Wednesday,9,9,4,2025,80091,3,False,False,"['cover', 'trinidadcardona❤', 'jennifer']",,3,2445,12638,,DS3,niche_only,morning,False
3442416131843977186_5350236275,reel,77.343,54,Sunday,12,25,8,2024,25809,1,True,False,['vishalcreation8584'],1479,17,0,40576,0.05796203022084463,DS3,niche_only,afternoon,True
3635358840494155159,reel,14.601,2,Sunday,17,18,5,2025,80091,0,False,False,[],108,2,104,4850,0.001373420566348699,DS3,none,afternoon,True
3524101010219261914,reel,10.066,2046,Monday,5,16,12,2024,80091,9,True,False,"['kidsnutrition', 'kidshealth', 'health', 'motherhood', 'mammaslifestylemondayseries', 'nutrition', 'motherhoodunplugged', 'motherhoodrising', 'kidshealthtips']",859,65,111575,249368,0.011536732757329072,DS3,niche_only,night,False
3525846958164326597,reel,28.261,189,Wednesday,15,18,12,2024,80091,1,True,False,['runninouttatime'],,49,5028,19866,,DS3,niche_only,afternoon,False
3631658166330410774_4974845948,reel,70.567,37,Tuesday,14,13,5,2025,3784,1,False,False,['palavradodia'],214,29,11,3829,0.06420079260237781,DS3,niche_only,afternoon,False
3632620103965170651_28171945,reel,10.601,116,Wednesday,22,14,5,2025,16126,0,True,False,[],83,20,16,2682,0.006386804737396912,DS3,none,evening,False
3515019231533949696_6301005,reel,14.083,216,Tuesday,16,3,12,2024,133997,0,True,False,[],4584,48,30940,92984,0.034567680114628574,DS3,none,afternoon,False
3474129171745458751_2283934480,reel,10.666,162,Tuesday,6,8,10,2024,145662,12,False,False,"['reelsinstagram', 'fashion', 'competition', 'champion', 'nevergiveup', 'explore', 'famous', 'influencer', 'bodybuilding', 'reels', 'blogger', 'delhi']",3,12,2690,23544,0.00010297742048426848,DS3,mixed,morning,False
3619563359822466551_1020638041,reel,19.433,54,Saturday,22,26,4,2025,55868,2,True,False,"['stingem🐝', 'wreckhavoc']",407,1,0,20322,0.007302797615851366,DS3,niche_only,evening,True
3635412262963196436_510254181,reel,37.066,406,Sunday,19,18,5,2025,22624,10,False,False,"['parabolikformasyonlar', 'borsaanalizi', 'teknikanaliz', 'piyasapsikolojisi', 'yatırımstratejileri', 'finansalözgürlük', 'kriptopara', 'hissesenedi', '2024yatırımları', 'kazançfırsatları']",19,0,21,1646,0.0008397790055248618,DS3,niche_only,evening,True
3430195268661496869,reel,13.482,4,Thursday,15,8,8,2024,80091,0,False,False,[],258,1,3435,9035,0.003233781151675573,DS3,none,afternoon,False
3618887317202317786,reel,31.766,335,Saturday,0,26,4,2025,80091,10,True,False,"['faith', 'godisgood', 'pray', 'motivation', 'relatable', 'manifestation', 'nevergiveup', 'confidence', 'keepgoing', 'fyp']",7676,385,34110,90131,0.10064675623033512,DS3,mixed,night,True
3601107761821094766_5360638569,reel,20.533,3,Tuesday,11,1,4,2025,4349695,0,True,False,[],3009655,10308,24942177,55252656,0.6942928885145077,DS3,none,morning,False
3599734750400894129,reel,47.3,32,Sunday,13,30,3,2025,80091,0,True,False,[],276,9,6317,17007,0.0035584078309943566,DS3,none,afternoon,True
3493100499413345735,reel,8.866,249,Sunday,10,3,11,2024,80091,8,True,False,"['godislove', 'alohakeakua', 'kekoapurealoha', 'godsmission', 'showpurealoha', 'hawaii', 'blessed', 'purealoha']",708,33,3913,13877,0.009251860360585326,DS3,niche_only,morning,True
3598055354197533277,reel,26.433,0,Friday,6,28,3,2025,80091,0,False,False,[],19,0,1266,2867,0.0002372271887329571,DS3,none,morning,False
3576343502002799165_2283971151,reel,117.28,471,Wednesday,7,26,2,2025,212929,5,True,False,"['bombayfilmstory', 'bomanirani', 'themehtaboys', 'exclusive', 'interview']",33,1,451,2293,0.00015967688911848964,DS3,niche_only,morning,False
3555229573632065890_49447943300,reel,18.433,126,Tuesday,3,28,1,2025,4192,9,False,False,"['love', 'family', 'insta', 'instagram', 'explorepage✨', 'explore', 'viral', 'masti', 'shimla']",1035,56,6660,32567,0.2601955640352969,DS3,mixed,night,False
3590421051794726431,reel,8.0,16,Monday,17,17,3,2025,80091,2,False,False,"['pengikut', 'fyp']",42,1,93,399,0.0005368825850272186,DS3,mixed,afternoon,False
3563864588200886837_263751019,reel,32.0,700,Sunday,1,9,2,2025,9772,30,False,False,"['shop', 'retailtherapy', 'cushions', 'potd', 'accents', 'homewares', 'newarrivals', 'melbournehomewares', 'potd', 'shoplocal', 'supportsmallbusiness', 'shopsmall', 'lifestylestore', 'melbourneboutique', 'decorate', 'home', 'pillows', 'style', 'homedecor', 'bedroomdecor', 'interiorstyle', 'onestopshop', 'colourpop', 'fun', 'funhomedecor', 'colourmehappy', 'bayside', 'hampton', 'bentleigh', 'potd']",12,0,63,320,0.0012278727105290085,DS3,niche_only,night,True
3530382339106202847,reel,16.683,245,Tuesday,21,24,12,2024,80091,6,False,False,"['theapartment', 'shirleymaclaine', 'jacklemmon', 'billywilder', 'brunchmovie', 'nitehawkcinema']",194,2,2069,7294,0.0024471857364031365,DS3,niche_only,evening,False
3452998247248519366,reel,17.6,216,Monday,2,9,9,2024,80091,6,False,False,"['mochita', 'mochi', 'mochiviral', 'mochiviralternate', 'fyp', 'viral']",,0,306,1171,,DS3,mixed,night,False
3462587385974299521,reel,61.9,402,Sunday,8,22,9,2024,80091,4,True,False,"['tangerangayo', 'kolaborasiwujudkanvisi', 'kotatangerang', 'gatewayofindonesia']",48,0,761,1991,0.0005993107925885232,DS3,niche_only,morning,True
3554575843955153922,reel,17.0,263,Monday,6,27,1,2025,80091,10,False,False,"['geetashyamjewellers', 'polki', 'design', 'timelesselegance', 'traditionaljewelry', 'fashion', 'weddingsession', 'weddingjewelry', 'emerald', 'necklace']",21,0,549,3001,0.0002621984717574789,DS3,niche_only,morning,False
3625867916026055950,reel,60.466,195,Monday,15,5,5,2025,80091,8,True,False,"['viral', 'amigas', 'beleza', 'dica', 'extencaodecilios', 'lashes', 'manutenção', 'cílios']",,6,2422,11180,,DS3,mixed,afternoon,False
3590269124353429185,reel,12.266,129,Monday,12,17,3,2025,80091,0,False,False,[],63,10,1328,4094,0.0009114518303950457,DS3,none,afternoon,False
3586129681826427296,reel,25.933,188,Tuesday,19,11,3,2025,80091,5,True,False,"['categoriadebase', 'futebol', 'society', 'campeonato', 'futsal']",2016,31,15034,48146,0.025558108175598063,DS3,niche_only,evening,False
3490405889284082133_336432996,reel,15.833,386,Wednesday,17,30,10,2024,188274,18,True,False,"['ikeafinds', 'ikea', 'ikeahack', 'ikeahome', 'ikeahacks', 'hyped', 'homedecor', 'homestyle', 'newin', 'interiordesign', 'interior', 'ikeanewin', 'deko', 'ikeaideas', 'ikeacylinder', 'vase', 'ikeafavorites', 'ikeaneuheiten']",2312,11,35818,248018,0.012338334882485726,DS3,niche_only,afternoon,False
3430058856482039380,reel,23.64,465,Thursday,11,8,8,2024,80091,0,False,False,[],14362,254,92830,232642,0.18249013634320532,DS3,none,morning,False
3626143185430465575,reel,11.433,80,Tuesday,0,6,5,2025,80091,0,False,False,[],0,0,1,3,0.0,DS3,none,night,False
3607681138668784670_1997121498,reel,3.75,82,Thursday,12,10,4,2025,31910,5,False,False,"['komikngakak', 'sajak', 'poem', 'chatgpt', 'anjing']",30,1,651,11393,0.0009714518504590893,DS3,niche_only,afternoon,False
3606881127534211925_1416325583,reel,13.6,702,Wednesday,10,9,4,2025,1688018,0,True,False,[],7084,371,248529,551825,0.004416419483429985,DS3,none,morning,False
3612777242121863019_328319888,reel,14.1,145,Thursday,13,17,4,2025,187391,0,True,False,[],227,1,5487,40629,0.0012167008196721312,DS3,none,afternoon,False
3519533898109146654,reel,33.45,248,Monday,21,9,12,2024,80091,8,True,False,"['jonathanbailey', 'jeffgoldblum', 'scarlettjohansson', 'jurassicworld', 'jurassicworldrebirth', 'wicked', 'movies', 'celebrityinterviews']",3216,6,109163,640344,0.04022873695250462,DS3,niche_only,evening,False
3599898359889515431_2151013083,reel,79.2,291,Sunday,19,30,3,2025,19008,17,False,False,"['buckminsterfuller', 'sportcars', 'classiccars', 'instant', 'auction', 'moderndesign', 'modernism', 'instadesign', 'sculptural', 'midcenturydesign', 'minimalism', 'minimaldesign', 'interior', 'interiordesign', 'designinterior', 'lamborghini', 'countach""']",106,2,383,1237,0.0056815192803408915,DS3,niche_only,evening,True
3490154352923464014_1096340,reel,14.3,63,Wednesday,9,30,10,2024,489881,2,False,False,"['ohmedia', 'ab']",926,13,20620,40138,0.0019167881244871213,DS3,niche_only,morning,False
3517455940889238135,reel,55.7,171,Saturday,1,7,12,2024,80091,0,False,False,[],1607,18,14444,38021,0.020289167457423964,DS3,none,night,True
3516215964050401695_59553393510,reel,61.5,178,Thursday,8,5,12,2024,46,3,False,False,"['คุชชั่นมิราเมท', 'ลิปมิราเมท', 'cushionmiiramate', 'กันแดด', 'กันน้ำ', 'ติดทน', 'บํารุงผิว', 'ติดแกรม', 'ถูกและดี', 'สวย', 'เครื่องสําอาง', 'cosmetics', 'makeup']",2,0,0,45,0.0425531914893617,DS3,niche_only,morning,False
3759212819066220691_526488143,reel,7.3,70,Wednesday,14,5,11,2025,103250,0,True,False,"['리텐스3', '요실금치료', '질수축', '질건조증']",3,5,16773,52283,7.748108977152764e-05,DS3,niche_only,afternoon,False
3713279718839274598,reel,28.366,542,Wednesday,5,3,9,2025,80091,18,False,False,"['colorsqueencosmetics', 'explore', 'trendingmakeup', 'affordablemakeup', 'wakeupmakeup', 'viralmakeup', 'bestmakeup', 'moonlitemagichighlightingprimer', 'glow', 'shine', 'trending', 'makeup', 'makeupartist', 'instadaily', 'insagood', 'fyp', 'new', 'reels']",36,10,215,1036,0.0005743395095640014,DS3,mixed,night,False
3612942283301115511_1424030185,reel,15.9,272,Thursday,18,17,4,2025,25320,13,True,False,"['honda', 'hondamotos', 'consorcio', 'consorciohonda', 'financiamento', 'motozerokm', 'motozero', 'machadodahonda', 'semjuros', 'balneáriocamboriú', 'itajaí', 'itapema', 'camboriú']",15,0,1700,13238,0.000592393665337072,DS3,niche_only,evening,False
3631716386715970117_3057613162,reel,46.166,6,Tuesday,16,13,5,2025,93973,1,False,False,['cocuk'],131,2,53,13977,0.0014152850788515972,DS3,niche_only,afternoon,False
3615571056892889452,reel,18.6,0,Monday,10,21,4,2025,80091,0,False,False,[],24,0,974,3153,0.0002996553962942616,DS3,none,morning,False
3502100459139411308,reel,8.679,67,Friday,20,15,11,2024,80091,0,True,False,[],87,6,405,1653,0.0011611646606402638,DS3,none,evening,False
3431490252403797386_2360836800,reel,5.133,253,Saturday,10,10,8,2024,44796,13,True,False,"['golf', 'golfswing', 'golfgti', 'golflife', 'golfstagram', 'golfcourse', 'golfaddict', 'golfclub', 'golfislife', 'ゴルフ', 'ゴルフ女子', 'ゴルフウェア', 'ゴルフ好きな人と繋がりたい', 'ゴルフスイング', 'ゴルフバカ', 'hesta', 'revopro', 'fr2golf', '株式会社大倉', '小石グループ', '日本電計', '未来トラベル', 'no1グリップ']",2098,24,0,77365,0.04736924347612563,DS3,niche_only,morning,True
3433763147117778127,reel,22.566,192,Tuesday,13,13,8,2024,80091,0,True,False,[],683,1,2708,9189,0.008540178794386455,DS3,none,afternoon,False
3410515080188825031_10977667025,reel,138.08,289,Friday,11,12,7,2024,698310,11,True,False,"['besantnagar', 'beach', 'beachlife', 'elliotsbeach', 'chennai', 'traditional', 'chennaimakkal', 'chennailife❤️', 'chennailove❣️', 'chennaimakkalevaangapazhagalam', 'zeethirai', 'இரத்தத்தில்கலந்ததுசினிமா']",77,7,870,3936,0.00012029024317245468,DS3,niche_only,morning,False
3622064601061916333,reel,31.066,206,Wednesday,9,30,4,2025,80091,4,False,False,"['chefagung', 'suzukibking', 'suzukibking1340', 'mogesuzuki']",115,11,4040,10768,0.0015731908305448735,DS3,niche_only,morning,False
3418637566058356934_373992854,reel,12.7,358,Tuesday,16,23,7,2024,96598,10,True,False,"['photosafari', 'catmankronicles', 'nature', 'wildlifephotography', 'laikipia', 'giza', 'incrediblenature', 'blackleopard', 'blackbeauty', 'dark']",713,38,4235,17577,0.0077744076025631735,DS3,niche_only,afternoon,False
3389930812241109534_58130589401,reel,30.72,239,Friday,2,14,6,2024,5301,6,False,False,"['revltraining', 'revltrainingsingapore', 'community', 'movesweatperform', 'grouptraining', 'neweraoffunctionalfitness']",3,0,0,8991,0.0005658242172764995,DS3,niche_only,night,False
3232061408898524550_1638743397,reel,41.833,2,Thursday,6,9,11,2023,61991,0,False,False,[],1460,20,10038,26474,0.023874048264292166,DS3,none,morning,False
3411105286354705590_488636343,reel,33.25,53,Saturday,7,13,7,2024,2172853,1,True,False,['runak♥️'],126623,2492,1046785,2640961,0.05942184794744608,DS3,niche_only,morning,True
3429988868989627309_35228104526,reel,63.533,911,Thursday,8,8,8,2024,1344212,2,True,False,"['drshikhasingh', 'drshikhasinghreels']",3771,21,74311,208241,0.0028209814962360876,DS3,niche_only,morning,False
3582415910377800715,reel,25.143,118,Thursday,16,6,3,2025,80091,0,False,False,[],18,0,934,4835,0.0002247415472206962,DS3,none,afternoon,False
3423997447435697387,reel,10.766,1297,Wednesday,2,31,7,2024,80091,0,False,False,"['เสื้อผ้าแฟชั่น', 'เสื้อครอปแขนยาว', 'เสื้อจั้มเอว', 'เสื้อปาดไหล่', 'เสื้อเกาะอก', 'เสื้อสายเดี่ยว', 'เสื้อผ้าราคาเบาๆ', 'เสื้อลายดอก', 'เสื้อวินเทจ', 'เสื้อผ้าแฟชั่นน่ารักราคาเบาๆ', 'เสื้อครอป', 'เสื้อสวย', 'เสื้อครอปปาดไหล่', 'เสื้อคลุมไหมพรม', 'เสื้อคลุมคริสต์มาส', 'เสื้อไหมพรมสีแดง', 'เสื้อไหมพรม', 'กระโปรงทวิต']",,6,673,2720,,DS3,niche_only,night,False
3495208680495340161,reel,6.015,237,Wednesday,8,6,11,2024,80091,0,False,False,[],60,5,1082,6680,0.0008115666982969585,DS3,none,morning,False
3567799111540256828_8477380407,reel,55.021,61,Friday,12,14,2,2025,191174,0,False,False,[],890,11,8069,23792,0.004712959330456388,DS3,none,afternoon,False
3515655792915668752,reel,36.4,31,Wednesday,13,4,12,2024,80091,0,False,False,[],303,9,8710,20302,0.0038955201518254007,DS3,none,afternoon,False
3427227686710112670,reel,18.633,29,Sunday,14,4,8,2024,80091,0,False,False,[],351,4,3896,8008,0.004432402736852619,DS3,none,afternoon,True
3799806405868981789_8508651750,reel,19.528,0,Wednesday,14,31,12,2025,38047,0,False,False,[],8062,82,13609,60912,0.21404541631623214,DS3,none,afternoon,False
3632334306327887381,reel,8.21,76,Wednesday,13,14,5,2025,80091,0,False,False,[],9,3,33,6953,0.0001498276981471308,DS3,none,afternoon,False
3800231225370778544_39194584209,reel,7.965,143,Thursday,4,1,1,2026,1368,3,False,False,"['yinyin_anw', 'warwanarat', 'yinwar', 'หยิ่นวอร์', 'หยิ่นวอร์ของหมูยอ', 'หมูยอของหยิ่นวอร์']",440,5,2330,6676,0.32505478451424397,DS3,niche_only,night,False
3597308374570465283,reel,33.7,843,Thursday,5,27,3,2025,80091,0,False,False,[],15,1,456,2427,0.0001997702641961744,DS3,none,night,False
3562339300012993092,reel,97.533,364,Thursday,23,6,2,2025,80091,0,True,False,[],339,5,9419,20595,0.004295060680217749,DS3,none,evening,False
3773688487627903808_1482084215,reel,81.733,1035,Tuesday,13,25,11,2025,91252,3,False,False,"['tata', 'sierra', 'pricelaunch']",45830,96,371746,597565,0.5032820838766945,DS3,niche_only,afternoon,False
3761035820778665750_3968318439,reel,27.468,436,Saturday,3,8,11,2025,158777,30,False,False,"['mahakal', 'mahakaleshwar', 'mahakalstatus', 'mahakalsarkar', 'mahakalmandir', 'mahakalujjain', 'mahakaal', 'mahakalbhakt', 'brother', 'trip', 'train', 'friend', 'tickets', 'rahulbairaginayak', 'saharme', 'explorepage', 'explore', 'instagram', 'ujjain', 'ujjainmahakaal', 'bhai', 'ujjaincity', 'ujjainmahakal', 'friends', 'friendshipgoals', 'ujjaintemple', 'ujjaintourism', 'ticket', 'yaar', 'dosti']",36316,184,0,160610,0.22988071395281462,DS3,mixed,night,True
3542934940038357339_18549494255,reel,15.3,315,Saturday,4,11,1,2025,8611,3,False,False,"['aeonmallshahalam', 'auntieannes', 'auntieannesreopening']",2,0,115,410,0.00023223409196470042,DS3,niche_only,night,True
3592173336685848099_26288467525,reel,22.6,26,Thursday,3,20,3,2025,8998,2,False,False,"['booklove', 'instagram', '❤️❤️']",84,22,0,1459,0.011779086565173909,DS3,mixed,night,False
3402539790529627971,reel,40.866,301,Monday,11,1,7,2024,80091,8,False,False,"['riderhelmetpink', 'ktmmalaysia', 'ktmduke', 'duke250', 'bikelife', 'motorcycle', 'ladybiker', 'fyp']",,1,1415,5993,,DS3,mixed,morning,False
3603525992739947610_263814164,reel,37.533,72,Friday,19,4,4,2025,324455,0,True,False,[],375,30,0,23267,0.0012482432132554183,DS3,none,evening,False
3493918283391261074_7054345692,reel,21.615,93,Monday,13,4,11,2024,1165879,2,True,False,"['jordansandhu', 'bossmusicproductions']",3223,23,0,40990,0.0027841630356468935,DS3,niche_only,afternoon,False
3762833274810074252_1475133434,reel,35.086,558,Monday,14,10,11,2025,419783,13,True,False,"['businessgrowth', 'datadriven', 'leadgeneration', 'qualityleads', 'googlesheets', 'systemandprocess', 'automateyourbusiness', 'businessstrategy', 'entrepreneurmindset', 'scaleyourbusiness', 'smartwork', 'digitalbusiness', 'digitaldhariya']",118,0,5212,19116,0.000281096945095573,DS3,niche_only,afternoon,False
3523732740158121100_1628928006,reel,28.033,39,Sunday,16,15,12,2024,155454,0,False,False,[],1739,26,16257,36459,0.01135376797143868,DS3,none,afternoon,True
3604421762772904943_516706962,reel,31.7,189,Sunday,1,6,4,2025,948108,0,True,False,[],2659,9,0,67883,0.0028140224383483336,DS3,none,night,True
3560680056672822952,reel,47.276,205,Tuesday,16,4,2,2025,80091,15,False,False,"['friends', 'friendship', 'nightout', 'girlsgang', 'gang', 'dance', 'insta', 'instagood', 'night', 'instalike', 'love', 'reelsinstagram', 'family', 'friendshipgoals', 'weekends']",211,2,2748,7250,0.0026594416421115716,DS3,mixed,afternoon,False
3608644522525469924,reel,69.466,173,Friday,20,11,4,2025,80091,6,True,False,"['avatar', 'avatarthelastairbender', 'korra', 'legendofkorra', 'atla', 'lok']",131,5,1714,5454,0.0016980472456674823,DS3,niche_only,evening,False
3601872669625073443,reel,60.466,179,Wednesday,12,2,4,2025,80091,0,False,False,[],232,2,10874,25928,0.0029216401138690506,DS3,none,afternoon,False
3575815850255006353_6704887919,reel,10.133,19,Tuesday,13,25,2,2025,13330,0,False,False,[],147,1,599,2453,0.011101942839996999,DS3,none,afternoon,False
3286111116192874684,reel,35.833,683,Monday,20,22,1,2024,80091,19,False,False,"['gentleparenting', 'consciousparenting', 'mindfulparenting', 'parentingtips', 'parenting101', 'toddleradvice', 'respectfulparenting', 'childdevelopment', 'toddlertips', 'toddlerlife', 'mindfulmama', 'mumsofinstagram', 'mumsofinsta', 'positiveparenting', 'positiveparentingsolutions', 'motherhood', 'consciousparenting', 'cyclebreakers', 'innerchildhealing']",1134,22,12968,22177,0.0144334015881736,DS3,niche_only,evening,False
3553725822836230677,reel,47.9,28,Sunday,2,26,1,2025,80091,0,False,False,[],32358,282,80757,344347,0.4075313389601958,DS3,none,night,True
3490774386311916089_11112927431,reel,30.333,151,Thursday,5,31,10,2024,626836,10,False,False,"['reelitfeelit', 'reelsindia', 'reelkarofeelkaro', 'reels', 'instareels', 'reelsexplore', 'diwali', 'diwalidecorations', 'mylove', 'loveyourself']",9127,123,75739,189849,0.014756627320978181,DS3,mixed,night,False
3597526883640423891,reel,64.666,209,Thursday,12,27,3,2025,80091,8,False,False,"['viralreels', 'viralvideos', 'fashion', 'ramadan', 'ramzan', 'trending', 'vengara', 'malappuram']",,7,5594,19302,,DS3,mixed,afternoon,False
3460201437525948674_2097221085,reel,79.666,75,Thursday,1,19,9,2024,670232,0,True,False,[],9715,14,0,377133,0.014515847473938168,DS3,none,night,False
3573547245327102863_1383724246,reel,16.6,103,Saturday,10,22,2,2025,10286,2,False,False,"['paralayang', 'paralayangpuncak']",36,14,383,1365,0.00486050354816759,DS3,niche_only,morning,True
3421805882867049486,reel,17.0,36,Sunday,1,28,7,2024,80091,0,False,False,[],183,14,3984,11819,0.0024596713779153974,DS3,none,night,True
3625152434628805353,reel,8.72,35,Sunday,15,4,5,2025,80091,0,False,False,[],184,1,1950,51186,0.0023098436797682666,DS3,none,afternoon,True
3625254901003300316,reel,59.916,679,Sunday,18,4,5,2025,80091,2,True,False,"['bybracher', 'artist']",,5,920,22924,,DS3,niche_only,evening,True
3441662720318534778,reel,11.166,176,Saturday,11,24,8,2024,80091,0,True,False,[],414,35,9079,25299,0.005606053039005144,DS3,none,morning,True
3461414721893779542_460436797,reel,14.866,25,Friday,17,20,9,2024,145041,0,False,False,[],203,0,1154,4279,0.0013995946001847742,DS3,none,afternoon,False
3384314879032270713,reel,6.965,570,Thursday,8,6,6,2024,80091,2,False,False,"['instagramtips', 'socialmediacleanup”']",373,24,7530,39926,0.004956799680367577,DS3,niche_only,morning,False
3583562743600529103,reel,24.733,358,Saturday,6,8,3,2025,80091,7,True,False,"['aslıyiğiti̇ncimodaevi', 'gelinlik', 'masalsıgelinlik', 'hayalinizdekigelinlik', 'sakaryagelinlik', 'adapazarımoda', 'zarafet']",,2,349,1750,,DS3,niche_only,morning,True
3449906608891451622,reel,52.835,0,Wednesday,20,4,9,2024,80091,0,False,False,[],1572,64,3851,24151,0.020426509514058833,DS3,none,evening,False
3580720859238059210,reel,10.041,200,Tuesday,8,4,3,2025,80091,1,True,False,['forgetqueues'],277,3,11262,170013,0.003495979623433052,DS3,niche_only,morning,False
3507175742721824349_53470330,reel,9.9,397,Friday,20,22,11,2024,32417,4,False,False,"['c4partner', 'c4energy', 'preworkout', 'unwrappedenergy']",256,5,893,2856,0.008051082731815658,DS3,niche_only,evening,False
3758317100063673294_52177294705,reel,64.366,238,Tuesday,8,4,11,2025,33869,2,True,False,"['ngertikanrasanya', 'indomilkyourway']",46737,19,0,709146,1.3804546796575141,DS3,niche_only,morning,False
3763306467689643319_50332597637,reel,15.047,434,Tuesday,6,11,11,2025,1007,21,False,False,"['lynxbowmaylada', 'lynxzeepruk', 'lyn', 'lyninfinite', 'lynfall25', 'โบว์เมลดา', 'bow_maylada', 'domunditv', 'zeepruk', 'zeeme', 'tommysittichok', 'jimmy_jimmoi', 'toytoyistoyy', 'mark_sorntast', 'poppyylhh', 'parkanomakiti', 'natasitt', 'mmaxmax', 'josswayar', 'netsiraphop', 'jamesspmk', 'newcwr']",11,1,45,168,0.011904761904761904,DS3,niche_only,morning,False
3771562214835170838_44812633480,reel,33.482,1115,Saturday,15,22,11,2025,121851,32,False,True,"['ad', 'reels', 'vishalikhurana', 'goals', 'couplegoals', 'domino', 'pizza', 'village', 'viratkohli', 'viralvideos', 'pizzatime', 'pizzaparty', 'pizzaislove', 'viralvideos', 'ınstavideo', 'instamood', 'delhi', 'chandigarh', 'food', 'foodporn', 'foodblogger', 'foodlover', 'explore', 'foodgasm', 'offers', 'trendingreels', 'offersbyvishali', 'india', 'pizzaparty', 'explore', 'mumbai', 'instagrowth', 'instadaily']",130,6,2951,10935,0.0011161080655221088,DS3,mixed,afternoon,True
3621851065225503293_1462662441,reel,179.739,263,Wednesday,2,30,4,2025,77799,0,True,False,[],108,8,993,2647,0.0014910025706940874,DS3,none,night,False
3766349859528872967_3296520181,reel,43.63,150,Saturday,10,15,11,2025,1225305,16,False,False,"['trending', 'jodhpur', 'instagram', 'instadaily', 'vidiovairal', 'post', 'viral', 'viral', 'viral', 'trending', 'jodhpur', 'instagram', 'instadaily', 'post', 'normal', 'click']",3342,37,22717,63179,0.0027576784901077772,DS3,mixed,morning,True
3501140512491388946_4047142382,reel,163.7,253,Thursday,12,14,11,2024,5704939,4,True,False,"['uah\u2063\u2063\u2063\u2063\u2063\u2063\u2063\u2063\u2063\u2063', 'reels', 'kajianuah\u2063\u2063\u2063\u2063\u2063\u2063\u2063\u2063\u2063\u2063', 'videopendekuah']",24509,483,0,420916,0.00438076474073347,DS3,mixed,afternoon,False
3437245864258142921,reel,33.266,388,Sunday,9,18,8,2024,80091,5,False,False,"['jakartaselatan', 'steakroom', 'piccasteakroom', 'intimatedate', 'foodinhands']",678,14,11483,25341,0.008640063926484544,DS3,niche_only,morning,True
3600820486566038099_23381692,reel,37.334,73,Tuesday,1,1,4,2025,265722,3,False,False,"['muzzletraining', 'dogmom', 'rottweiler']",1498,5,18072,55681,0.005656266111702789,DS3,niche_only,night,False
3569373963958487289,reel,65.633,102,Sunday,16,16,2,2025,80091,1,False,False,['repost'],101,5,523,1354,0.0013234780002996554,DS3,niche_only,afternoon,True
3519232046357036373_1632216784,reel,25.5,822,Monday,11,9,12,2024,425682,0,True,False,[],344,350,20240,50047,0.001630321154474104,DS3,none,morning,False
3389200031248078807,reel,24.482,82,Thursday,2,13,6,2024,80091,0,True,False,[],50,0,815,3354,0.000624282075613045,DS3,none,night,False
3592159157186725619_2227319973,reel,5.0,225,Thursday,2,20,3,2025,142519,1,False,False,['jastipinforma'],0,0,0,2138,0.0,DS3,niche_only,night,False
3607801590722867928,reel,45.5,252,Thursday,16,10,4,2025,80091,0,False,False,['کبوتر_کفتر_عشق_دهاتی_تیکه_پاره_ساعت_سنگین_تیرماهی_شازده_سرور_عطیقه_سرخ_سرور_دم_سیاه_خارجی_انگلیسی_سرخ_سبز_دست_سفید'],2827,72,39111,65217,0.03619587474404435,DS3,niche_only,afternoon,False
3398138409403999653_193352945,reel,7.2,74,Tuesday,10,25,6,2024,117904,1,True,False,['volcomskate'],163,0,1779,7245,0.0013824689368559433,DS3,niche_only,morning,False
3391767981633237312_20381244,reel,7.633,57,Sunday,15,16,6,2024,31712,0,False,False,[],493,4,27696,78993,0.015671806514678522,DS3,none,afternoon,True
3429836353878473413,reel,18.0,510,Thursday,3,8,8,2024,80091,6,False,False,"['pinprestigemalaysia', 'pinmycover', 'covergirl', 'covermagazine', 'cherylyang', '杨谨华', '楊謹華', 'coverstory', '封面人物']",,0,339,1850,,DS3,niche_only,night,False
3426379379757027820_8783711212,reel,14.2,397,Saturday,9,3,8,2024,35319,4,False,False,"['turtle', 'rehabilitation', 'maldives', 'reefscapers']",188,1,2381,9793,0.005351075877689695,DS3,niche_only,morning,True
3494639027843180417,reel,57.6,352,Tuesday,13,5,11,2024,80091,6,True,False,"['ios', 'appleintelligence', 'apple', 'iphone', 'promax', 'geek']",,2,1115,4421,,DS3,niche_only,afternoon,False
3374371316499129650_2256772145,reel,47.833,187,Thursday,15,23,5,2024,1199,0,False,False,[],5,0,26,82,0.004166666666666667,DS3,none,afternoon,False
